model_id,name,category,go_terms,api_error
BIOMD0000000005,Tyson1991 - Cell Cycle 6 var,cell_cycle,GO:0000278:mitotic cell cycle,
BIOMD0000000003,Goldbeter1991 - Min Mit Oscil,cell_cycle,GO:0000278:mitotic cell cycle,
BIOMD0000000001,Edelstein1996 - EPSP ACh event,signaling,GO:0019226:transmission of nerve impulse; GO:0007166:cell surface receptor signaling pathway; GO:0007274:neuromuscular synaptic transmission,
BIOMD0000000002,Edelstein1996 - EPSP ACh species,signaling,GO:0019226:transmission of nerve impulse; GO:0007166:cell surface receptor signaling pathway; GO:0007274:neuromuscular synaptic transmission,
BIOMD0000000010,Kholodenko2000 - Ultrasensitivity and negative feedback bring oscillations in MAPK cascade,signaling,GO:0000165:MAPK cascade,
BIOMD0000000007,Novak1997 - Cell Cycle,cell_cycle,GO:0000278:mitotic cell cycle,
BIOMD0000000006,Tyson1991 - Cell Cycle 2 var,cell_cycle,GO:0000278:mitotic cell cycle,
BIOMD0000000004,"Goldbeter1991 - Min Mit Oscil, Expl Inact",cell_cycle,GO:0000278:mitotic cell cycle,
BIOMD0000000011,Levchenko2000_MAPK_noScaffold,signaling,GO:0000165:MAPK cascade,
BIOMD0000000009,Huang1996 - Ultrasensitivity in MAPK cascade,signaling,GO:0000165:MAPK cascade,
BIOMD0000000012,Elowitz2000 - Repressilator,gene_regulation,"GO:0040029:regulation of gene expression, epigenetic",
BIOMD0000000008,Gardner1998 - Cell Cycle Goldbeter,cell_cycle,GO:0000278:mitotic cell cycle,
BIOMD0000000017,Hoefnagel2002_PyruvateBranches,metabolic,GO:0006090:pyruvate metabolic process; GO:0006089:lactate metabolic process,
BIOMD0000000013,Poolman2004_CalvinCycle,metabolic,GO:0019253:reductive pentose-phosphate cycle,
BIOMD0000000027,"Markevich2004 - MAPK double phosphorylation,  ordered Michaelis-Menton",signaling,GO:0000165:MAPK cascade,
BIOMD0000000028,Markevich2004_MAPK_phosphoRandomElementary,signaling,GO:0000165:MAPK cascade,
BIOMD0000000029,Markevich2004_MAPK_phosphoRandomMM,signaling,GO:0000165:MAPK cascade,
BIOMD0000000030,Markevich2004_MAPK_AllRandomElementary,signaling,GO:0000165:MAPK cascade,
BIOMD0000000020,hodgkin-huxley squid-axon 1952,signaling,GO:0005249:voltage-gated potassium channel activity; GO:0019227:neuronal action potential propagation; GO:0005248:voltage-gated sodium channel activity; GO:0042757:giant axon,
BIOMD0000000015,Curto1998 - purine metabolism,metabolic,GO:0006144:purine nucleobase metabolic process,
BIOMD0000000023,Rohwer2001_Sucrose,metabolic,GO:0005986:sucrose biosynthetic process,
BIOMD0000000021,Leloup1999_CircClock,circadian,GO:0042752:regulation of circadian rhythm,
BIOMD0000000024,Scheper1999_CircClock,circadian,GO:0042752:regulation of circadian rhythm,
BIOMD0000000026,Markevich2004_MAPK_orderedElementary,signaling,GO:0000165:MAPK cascade,
BIOMD0000000025,Smolen2002_CircClock,circadian,GO:0032922:circadian regulation of gene expression,
BIOMD0000000031,Markevich2004_MAPK_orderedMM2kinases,signaling,GO:0000165:MAPK cascade,
BIOMD0000000032,Kofahl2004_PheromonePathway,signaling,GO:0019236:response to pheromone; GO:0000165:MAPK cascade,
BIOMD0000000034,Smolen2004_CircClock,circadian,GO:0042752:regulation of circadian rhythm,
BIOMD0000000039,Marhl2000_CaOscillations,signaling,GO:0019722:calcium-mediated signaling; GO:0048016:inositol phosphate-mediated signaling,
BIOMD0000000035,Vilar2002_Oscillator,circadian,GO:0042752:regulation of circadian rhythm,
BIOMD0000000040,Field1974_Oregonator,circadian,GO:0007622:rhythmic behavior,
BIOMD0000000037,"Marwan2003 - Genetics, regulatory hierarchy between genes",signaling,GO:0010018:far-red light signaling pathway; GO:0042173:regulation of sporulation resulting in formation of a cellular spore,
BIOMD0000000016,Goldbeter1995_CircClock,circadian,GO:0042752:regulation of circadian rhythm,
BIOMD0000000022,Ueda2001_CircClock,circadian,GO:0042752:regulation of circadian rhythm,
BIOMD0000000036,Tyson1999_CircClock,circadian,GO:0042752:regulation of circadian rhythm,
BIOMD0000000038,Rohwer2000_Phosphotransferase_System,metabolic,GO:0009401:phosphoenolpyruvate-dependent sugar phosphotransferase system; GO:0010827:regulation of glucose transport,
BIOMD0000000041,Kongas2007 - Creatine Kinase in energy metabolic signaling in muscle,metabolic,GO:0046034:ATP metabolic process; GO:0006600:creatine metabolic process,
BIOMD0000000042,Nielsen1998_Glycolysis,metabolic,GO:0006096:glycolytic process,
BIOMD0000000044,Borghans1997 - Calcium Oscillation - Model 2,signaling,GO:0019722:calcium-mediated signaling; GO:0048016:inositol phosphate-mediated signaling,
BIOMD0000000043,Borghans1997 - Calcium Oscillation - Model 1,signaling,GO:0048016:inositol phosphate-mediated signaling; GO:0019722:calcium-mediated signaling,
BIOMD0000000045,Borghans1997 - Calcium Oscillation - Model 3,signaling,GO:0048016:inositol phosphate-mediated signaling; GO:0019722:calcium-mediated signaling,
BIOMD0000000048,Kholodenko1999 - EGFR signaling,signaling,GO:0007173:epidermal growth factor receptor signaling pathway,
BIOMD0000000047,Oxhamre2005_Ca_oscillation,signaling,GO:0048016:inositol phosphate-mediated signaling; GO:0019722:calcium-mediated signaling,
BIOMD0000000050,Martins2003_AmadoriDegradation,metabolic,GO:1901575:organic substance catabolic process,
BIOMD0000000052,Brands2002 - Monosaccharide-casein systems,metabolic,GO:0048029:monosaccharide binding; GO:0046364:monosaccharide biosynthetic process,
BIOMD0000000046,Olsen2003_peroxidase,metabolic,GO:0016692:NADH peroxidase activity,
BIOMD0000000053,Ferreira2003_CML_generation2,other,GO:0005518:collagen binding; GO:0018205:peptidyl-lysine modification,
BIOMD0000000018,Morrison1989 - Folate Cycle,metabolic,GO:0046655:folic acid metabolic process,
BIOMD0000000051,Chassagnole2002_Carbon_Metabolism,metabolic,GO:0006096:glycolytic process; GO:0009401:phosphoenolpyruvate-dependent sugar phosphotransferase system; GO:0006098:pentose-phosphate shunt,
BIOMD0000000054,Ataullahkhanov1996_Adenylate,metabolic,GO:0006167:AMP biosynthetic process; GO:0002028:regulation of sodium ion transport; GO:0006110:regulation of glycolytic process,
BIOMD0000000055,Locke2005 - Circadian Clock,circadian,GO:0042752:regulation of circadian rhythm,
BIOMD0000000056,Chen2004 - Cell Cycle Regulation,cell_cycle,GO:0000278:mitotic cell cycle,
BIOMD0000000057,Sneyd2002_IP3_Receptor,signaling,GO:0048016:inositol phosphate-mediated signaling; GO:0019722:calcium-mediated signaling,
BIOMD0000000058,Bindschadler2001_coupled_Ca_oscillators,signaling,GO:0048016:inositol phosphate-mediated signaling; GO:0019722:calcium-mediated signaling,
BIOMD0000000059,Fridlyand2003_Calcium_flux,signaling,GO:0050796:regulation of insulin secretion; GO:0050848:regulation of calcium-mediated signaling,
BIOMD0000000062,Bhartiya2003_Tryptophan_operon,metabolic,GO:0000162:tryptophan biosynthetic process,
BIOMD0000000060,Keizer1996_Ryanodine_receptor_adaptation,signaling,GO:0019722:calcium-mediated signaling; GO:0005219:ryanodine-sensitive calcium-release channel activity; GO:0048763:calcium-induced calcium release activity,
BIOMD0000000063,Galazzo1990_FermentationPathwayKinetics,metabolic,GO:0019660:glycolytic fermentation; GO:0006096:glycolytic process,
BIOMD0000000064,Teusink2000_Glycolysis,metabolic,GO:0006096:glycolytic process,
BIOMD0000000065,Yildirim2003_Lac_Operon,gene_regulation,GO:0045990:carbon catabolite regulation of transcription,
BIOMD0000000069,Fuss2006_MitoticActivation,cell_cycle,GO:0000278:mitotic cell cycle,
BIOMD0000000068,Curien2003_MetThr_synthesis,other,GO:0009088:threonine biosynthetic process; GO:0019283:L-methionine biosynthetic process from O-phospho-L-homoserine and cystathionine,
BIOMD0000000061,Hynne2001_Glycolysis,metabolic,GO:0006096:glycolytic process,
BIOMD0000000067,Fung2005_Metabolic_Oscillator,metabolic,GO:0045990:carbon catabolite regulation of transcription,
BIOMD0000000070,Holzhutter2004_Erythrocyte_Metabolism,metabolic,GO:0006749:glutathione metabolic process; GO:0006096:glycolytic process; GO:0006098:pentose-phosphate shunt,
BIOMD0000000072,Yi2003_GproteinCycle,other,GO:0031684:heterotrimeric G-protein complex cycle,
BIOMD0000000071,Bakker2001_Glycolysis,metabolic,GO:0006096:glycolytic process,
BIOMD0000000074,Leloup2003_CircClock_DD_REV-ERBalpha,circadian,GO:0042752:regulation of circadian rhythm,
BIOMD0000000073,Leloup2003_CircClock_DD,circadian,GO:0042752:regulation of circadian rhythm,
BIOMD0000000076,Cronwright2002_Glycerol_Synthesis,other,GO:0006114:glycerol biosynthetic process,
BIOMD0000000075,Xu2003 - Phosphoinositide turnover,other,GO:0046488:phosphatidylinositol metabolic process,
BIOMD0000000077,Blum2000_LHsecretion_1,other,GO:0032275:luteinizing hormone secretion; GO:0007200:phospholipase C-activating G-protein coupled receptor signaling pathway; GO:0097210:response to gonadotropin-releasing hormone,
BIOMD0000000078,Leloup2003_CircClock_LD,circadian,GO:0009649:entrainment of circadian clock,
BIOMD0000000066,Chassagnole2001_Threonine Synthesis,other,GO:0006531:aspartate metabolic process; GO:0009088:threonine biosynthetic process,
BIOMD0000000080,Thomsen1989_AdenylateCyclase,other,GO:0007194:negative regulation of adenylate cyclase activity; GO:0031684:heterotrimeric G-protein complex cycle,
BIOMD0000000079,Goldbeter2006_weightCycling,cell_cycle,GO:0040014:regulation of multicellular organism growth,
BIOMD0000000081,Suh2004_KCNQ_Regulation,metabolic,GO:0007207:phospholipase C-activating G-protein coupled acetylcholine receptor signaling pathway; GO:0006629:lipid metabolic process,
BIOMD0000000082,Thomsen1988_AdenylateCyclase_Inhibition,other,GO:0007194:negative regulation of adenylate cyclase activity; GO:0031684:heterotrimeric G-protein complex cycle,
BIOMD0000000084,Hornberg2005_ERKcascade,signaling,GO:0000165:MAPK cascade; GO:0007173:epidermal growth factor receptor signaling pathway,
BIOMD0000000083,Leloup2003_CircClock_LD_REV-ERBalpha,circadian,GO:0042752:regulation of circadian rhythm; GO:0042752:regulation of circadian rhythm,
BIOMD0000000085,Maurya2005_GTPaseCycle_reducedOrder,other,GO:0008277:regulation of G-protein coupled receptor protein signaling pathway,
BIOMD0000000089,Locke2006_CircClock_LL,circadian,GO:0042752:regulation of circadian rhythm,
BIOMD0000000086,Bornheimer2004_GTPaseCycle,other,GO:0008277:regulation of G-protein coupled receptor protein signaling pathway,
BIOMD0000000090,Wolf2001_Respiratory_Oscillations,circadian,"GO:0019379:sulfate assimilation, phosphoadenylyl sulfate reduction by phosphoadenylyl-sulfate reductase (thioredoxin)",
BIOMD0000000091,Proctor2005 - Actions of chaperones and their role in ageing,other,GO:0007569:cell aging; GO:0051085:chaperone mediated protein folding requiring cofactor; GO:0009408:response to heat,
BIOMD0000000092,Fuentes2005_ZymogenActivation,other,GO:0031638:zymogen activation,
BIOMD0000000094,Yamada2003_JAK_STAT_SOCS1_knockout,signaling,GO:0007259:JAK-STAT cascade,
BIOMD0000000093,Yamada2003_JAK_STAT_pathway,signaling,GO:0007259:JAK-STAT cascade,
BIOMD0000000095,Zeilinger2006_PRR7-PRR9-Y,circadian,GO:0007623:circadian rhythm,
BIOMD0000000098,Goldbeter1990_CalciumSpike_CICR,signaling,"GO:0019722:calcium-mediated signaling; GO:0005220:inositol 1,4,5-trisphosphate-sensitive calcium-release channel activity; GO:0006816:calcium ion transport",
BIOMD0000000097,Zeilinger2006_PRR7-PRR9light-Yprime,circadian,GO:0007623:circadian rhythm,
BIOMD0000000096,Zeilinger2006_PRR7-PRR9light-Y,circadian,GO:0007623:circadian rhythm,
BIOMD0000000101,Vilar2006_TGFbeta,other,GO:0007179:transforming growth factor beta receptor signaling pathway,
BIOMD0000000100,Rozi2003_GlycogenPhosphorylase_Activation,signaling,GO:0048016:inositol phosphate-mediated signaling; GO:0019722:calcium-mediated signaling; GO:0008607:phosphorylase kinase regulator activity,
BIOMD0000000103,Legewie2006_apoptosis_NC,apoptosis,GO:0006915:apoptotic process,
BIOMD0000000104,Klipp2002_MetabolicOptimization_linearPathway(n=2),gene_regulation,GO:0010468:regulation of gene expression,
BIOMD0000000102,Legewie2006_apoptosis_WT,apoptosis,GO:0006915:apoptotic process,
BIOMD0000000099,Laub1998_SpontaneousOscillations,circadian,GO:0019933:cAMP-mediated signaling,
BIOMD0000000106,Yang2007_ArachidonicAcid,other,GO:0019369:arachidonic acid metabolic process,
BIOMD0000000107,Novak1993 - Cell cycle M-phase control,cell_cycle,GO:0000278:mitotic cell cycle,
BIOMD0000000105,"Proctor2007 - Age related decline of proteolysis, ubiquitin-proteome system",gene_regulation,GO:0043161:proteasome-mediated ubiquitin-dependent protein catabolic process,
BIOMD0000000109,Haberichter2007_cellcycle,cell_cycle,GO:0051318:G1 phase,
BIOMD0000000110,Qu2003_CellCycle,cell_cycle,GO:0044843:cell cycle G1/S phase transition; GO:0044839:cell cycle G2/M phase transition,
BIOMD0000000111,Novak2001_FissionYeast_CellCycle,cell_cycle,GO:0000278:mitotic cell cycle,
BIOMD0000000108,Kowald2006_SOD,other,GO:0090322:regulation of superoxide metabolic process; GO:0004784:superoxide dismutase activity,
BIOMD0000000112,Clarke2006_Smad_signalling,signaling,GO:0007179:transforming growth factor beta receptor signaling pathway,
BIOMD0000000113,Dupont1992_Ca_dpt_protein_phospho,signaling,GO:0019722:calcium-mediated signaling; GO:0048016:inositol phosphate-mediated signaling,
BIOMD0000000115,Somogyi1990_CaOscillations_SingleCaSpike,signaling,GO:0019722:calcium-mediated signaling; GO:0051924:regulation of calcium ion transport; GO:0009755:hormone-mediated signaling pathway,
BIOMD0000000116,McClean2007_CrossTalk,other,GO:0000161:MAPK cascade involved in osmosensory signaling pathway; GO:0019236:response to pheromone,
BIOMD0000000114,Somogyi1990_CaOscillations,signaling,GO:0019722:calcium-mediated signaling; GO:0051924:regulation of calcium ion transport; GO:0009755:hormone-mediated signaling pathway,
BIOMD0000000117,Dupont1991_CaOscillation,signaling,GO:0019722:calcium-mediated signaling; GO:0048763:calcium-induced calcium release activity,
BIOMD0000000118,Golomb2006_SomaticBursting,signaling,GO:0005248:voltage-gated sodium channel activity; GO:0005249:voltage-gated potassium channel activity; GO:0019227:neuronal action potential propagation,
BIOMD0000000119,Golomb2006_SomaticBursting_nonzero[Ca],signaling,GO:0005248:voltage-gated sodium channel activity; GO:0005249:voltage-gated potassium channel activity; GO:0019227:neuronal action potential propagation,
BIOMD0000000122,Fisher2006_Ca_Oscillation_dpdnt_NFAT_dynamics,circadian,GO:0033173:calcineurin-NFAT signaling cascade; GO:0002709:regulation of T cell mediated immunity,
BIOMD0000000120,Chan2004_TCell_receptor_activation,signaling,GO:0050856:regulation of T cell receptor signaling pathway,
BIOMD0000000121,Clancy2001_Kchannel,other,GO:0005251:delayed rectifier potassium channel activity; GO:0003015:heart process; GO:0043266:regulation of potassium ion transport,
BIOMD0000000123,Fisher2006_NFAT_Activation,other,GO:0033173:calcineurin-NFAT signaling cascade; GO:0002709:regulation of T cell mediated immunity,
BIOMD0000000124,Wu2006_K+Channel,other,GO:0019228:neuronal action potential; GO:0015272:ATP-activated inward rectifier potassium channel activity; GO:0016570:histone modification,
BIOMD0000000125,Komarova2005_TheoreticalFramework_BasicArchitecture,signaling,GO:0030159:receptor signaling complex scaffold activity; GO:0007166:cell surface receptor signaling pathway; GO:0051716:cellular response to stimulus; GO:0000165:MAPK cascade,
BIOMD0000000129,Izhikevich2004_SpikingNeurons_inhibitionInducedSpiking,other,GO:0019228:neuronal action potential,
BIOMD0000000127,Izhikevich2003_SpikingNeuron,other,GO:0001508:action potential; GO:0042391:regulation of membrane potential; GO:0019228:neuronal action potential,
BIOMD0000000126,Clancy2002_CardiacSodiumChannel_WT,other,GO:0003015:heart process; GO:0002028:regulation of sodium ion transport; GO:0005272:sodium channel activity,
BIOMD0000000130,Izhikevich2004_SpikingNeurons_integrator,other,GO:0019228:neuronal action potential,
BIOMD0000000128,Bertram2006_Endothelin,signaling,GO:0001664:G-protein coupled receptor binding; GO:0004962:endothelin receptor activity; GO:0007188:adenylate cyclase-modulating G-protein coupled receptor signaling pathway,
BIOMD0000000135,Izhikevich2004_SpikingNeurons_subthresholdOscillations,circadian,GO:0019228:neuronal action potential,
BIOMD0000000131,Izhikevich2004_SpikingNeurons_reboundBurst,other,GO:0019228:neuronal action potential,
BIOMD0000000132,Izhikevich2004_SpikingNeurons_reboundSpike,other,GO:0019228:neuronal action potential,
BIOMD0000000136,Izhikevich2004_SpikingNeurons_thresholdVariability,other,GO:0019228:neuronal action potential,
BIOMD0000000134,Izhikevich2004_SpikingNeurons_SpikeLatency,other,GO:0019228:neuronal action potential,
BIOMD0000000137,Sedaghat2002_InsulinSignalling_noFeedback,signaling,GO:0008286:insulin receptor signaling pathway,
BIOMD0000000138,Tabak2007_dopamine,other,GO:0014046:dopamine secretion; GO:1902211:regulation of prolactin signaling pathway; GO:0005267:potassium channel activity,
BIOMD0000000141,Izhikevich2004_SpikingNeurons_Class1Excitable,other,GO:0019228:neuronal action potential,
BIOMD0000000140,Hoffmann2002_WT_IkBNFkB_Signaling,signaling,GO:0007249:I-kappaB kinase/NF-kappaB signaling,
BIOMD0000000139,Hoffmann2002_KnockOut_IkBNFkB_Signaling,signaling,GO:0007249:I-kappaB kinase/NF-kappaB signaling,
BIOMD0000000142,Izhikevich2004_SpikingNeurons_Class2Excitable,other,GO:0019228:neuronal action potential,
BIOMD0000000143,Olsen2003_neutrophil_oscillatory_metabolism,metabolic,GO:0016692:NADH peroxidase activity; GO:0030186:melatonin metabolic process,
BIOMD0000000146,Hatakeyama2003_MAPK,signaling,GO:0043405:regulation of MAP kinase activity; GO:0051896:regulation of protein kinase B signaling; GO:0038127:ERBB signaling pathway,
BIOMD0000000147,ODea2007_IkappaB,other,GO:0007249:I-kappaB kinase/NF-kappaB signaling,
BIOMD0000000145,Wang2007 - ATP induced intracellular Calcium Oscillation,circadian,GO:0051482:positive regulation of cytosolic calcium ion concentration involved in phospholipase C-activating G-protein coupled signaling pathway,
BIOMD0000000144,Calzone2007_CellCycle,cell_cycle,GO:0000278:mitotic cell cycle; GO:0051783:regulation of nuclear division,
BIOMD0000000148,Komarova2003_BoneRemodeling,other,GO:0046850:regulation of bone remodeling,
BIOMD0000000150,Morris2002_CellCycle_CDK2Cyclin,cell_cycle,GO:0000278:mitotic cell cycle,
BIOMD0000000158,Zatorsky2006_p53_Model2,other,"GO:0030330:DNA damage response, signal transduction by p53 class mediator",
BIOMD0000000154,Zatorsky2006_p53_Model3,other,"GO:0030330:DNA damage response, signal transduction by p53 class mediator",
BIOMD0000000159,Zatorsky2006_p53_Model1,other,"GO:0030330:DNA damage response, signal transduction by p53 class mediator",
BIOMD0000000155,Zatorsky2006_p53_Model6,other,"GO:0030330:DNA damage response, signal transduction by p53 class mediator",
BIOMD0000000156,Zatorsky2006_p53_Model5,other,"GO:0030330:DNA damage response, signal transduction by p53 class mediator",
BIOMD0000000157,Zatorsky2006_p53_Model4,other,"GO:0030330:DNA damage response, signal transduction by p53 class mediator",
BIOMD0000000163,Zi2007_TGFbeta_signaling,signaling,GO:0017015:regulation of transforming growth factor beta receptor signaling pathway,
BIOMD0000000162,Hernjak2005_Calcium_Signaling,signaling,GO:0060025:regulation of synaptic activity; GO:0006816:calcium ion transport,
BIOMD0000000160,Xie2007_CircClock,circadian,"GO:0007623:circadian rhythm; GO:0045187:regulation of circadian sleep/wake cycle, sleep",
BIOMD0000000164,SmithAE2002_RanTransport,other,GO:0006913:nucleocytoplasmic transport; GO:0031291:Ran protein signal transduction,
BIOMD0000000165,Saucerman2006_PKA,signaling,GO:0007188:adenylate cyclase-modulating G-protein coupled receptor signaling pathway; GO:0034199:activation of protein kinase A activity,
BIOMD0000000166,Zhu2007_TF_modulated_by_Calcium,signaling,GO:0019722:calcium-mediated signaling,
BIOMD0000000168,Obeyesekere1999_CellCycle,cell_cycle,GO:0000278:mitotic cell cycle,
BIOMD0000000171,Leloup1998_CircClock_LD,circadian,GO:0042752:regulation of circadian rhythm,
BIOMD0000000167,Mayya2005_STATmodule,other,GO:0042509:regulation of tyrosine phosphorylation of STAT protein,
BIOMD0000000170,Weimann2004_CircadianOscillator,circadian,GO:0007623:circadian rhythm,
BIOMD0000000169,Aguda1999_CellCycle,cell_cycle,GO:0031575:mitotic cell cycle checkpoint,
BIOMD0000000172,Pritchard2002_glycolysis,metabolic,GO:0006096:glycolytic process,
BIOMD0000000173,Schmierer_2008_Smad_Tgfb,other,GO:0007179:transforming growth factor beta receptor signaling pathway,
BIOMD0000000176,Conant2007_WGD_glycolysis_2A3AB,metabolic,GO:0006096:glycolytic process,
BIOMD0000000174,Del_Conte_Zerial2008_Rab5_Rab7_cut_out_switch,other,GO:0032313:regulation of GTPase activity,
BIOMD0000000177,Conant2007_glycolysis_2C,metabolic,GO:0006096:glycolytic process,
BIOMD0000000179,Kim2007_CellularMemory_AsymmetricModel,other,GO:0051270:regulation of cellular component movement,
BIOMD0000000178,Lebeda2008 - BoTN Paralysis (4 step model),other,"GO:0032223:negative regulation of synaptic transmission, cholinergic; GO:0006898:receptor-mediated endocytosis; GO:0009405:pathogenesis; GO:0033264:metalloendopeptidase activity",
BIOMD0000000184,Lavrentovich2008_Ca_Oscillations,signaling,GO:0019722:calcium-mediated signaling,
BIOMD0000000183,Stefan2008 - calmodulin allostery,other,GO:0005513:detection of calcium ion; GO:0004722:protein serine/threonine phosphatase activity; GO:0031915:positive regulation of synaptic plasticity; GO:0004683:calmodulin-dependent protein kinase activity; GO:0005516:calmodulin binding,
BIOMD0000000181,Sriram2007_CellCycle,cell_cycle,GO:0000278:mitotic cell cycle,
BIOMD0000000180,Kim2007_CellularMemory_SymmetricModel,other,GO:0051270:regulation of cellular component movement,
BIOMD0000000186,Ibrahim2008 - Mitotic Spindle Assembly Checkpoint - Dissociation variant,other,GO:0007094:mitotic spindle assembly checkpoint,
BIOMD0000000185,Locke2008_Circadian_Clock,circadian,GO:0032922:circadian regulation of gene expression; GO:0048512:circadian behavior,
BIOMD0000000187,Ibrahim2008 - Mitotic Spindle Assembly Checkpoint - Convey variant,other,GO:0007094:mitotic spindle assembly checkpoint,
BIOMD0000000188,Proctor2008 - p53/Mdm2 circuit - p53 stabilisation by ATM,other,"GO:0043516:regulation of DNA damage response, signal transduction by p53 class mediator",
BIOMD0000000192,Görlich2003_RanGTP_gradient,other,GO:0008536:Ran GTPase binding,
BIOMD0000000190,Rodriguez-Caso2006_Polyamine_Metabolism,metabolic,GO:0006595:polyamine metabolic process,
BIOMD0000000189,Proctor2008 - p53/Mdm2 circuit - p53 stablisation by p14ARF,other,"GO:0030330:DNA damage response, signal transduction by p53 class mediator",
BIOMD0000000191,Montañez2008_Arginine_catabolism,other,GO:0006527:arginine catabolic process; GO:0006809:nitric oxide biosynthetic process; GO:0006591:ornithine metabolic process,
BIOMD0000000193,Ibrahim2008_MCC_assembly_model_KDM,other,GO:0007094:mitotic spindle assembly checkpoint,
BIOMD0000000195,Tyson2001_Cell_Cycle_Regulation,cell_cycle,GO:0051726:regulation of cell cycle,
BIOMD0000000194,Ibrahim2008_Cdc20_Sequestring_Template_Model,other,GO:0007094:mitotic spindle assembly checkpoint,
BIOMD0000000196,Srividhya2006_CellCycle,cell_cycle,GO:0022402:cell cycle process,
BIOMD0000000198,Stone1996 - activation of soluble guanylate cyclase by nitric oxide,other,GO:0007263:nitric oxide mediated signal transduction; GO:0031282:regulation of guanylate cyclase activity,
BIOMD0000000197,Bartholome2007_MDCKII,other,GO:0060341:regulation of cellular localization,
BIOMD0000000199,Santolini2001_nNOS_Mechanism_Regulation,other,GO:0004517:nitric-oxide synthase activity,
BIOMD0000000200,Bray1995_chemotaxis_receptorlinkedcomplex,signaling,GO:0006935:chemotaxis,
BIOMD0000000203,Chickarmane2006 - Stem cell switch reversible,other,GO:0048863:stem cell differentiation,
BIOMD0000000201,Goldbeter2008_Somite_Segmentation_Clock_Notch_Wnt_FGF,signaling,GO:0007219:Notch signaling pathway; GO:0016055:Wnt signaling pathway; GO:0008543:fibroblast growth factor receptor signaling pathway; GO:0001756:somitogenesis,
BIOMD0000000202,ChenXF2008_CICR,other,GO:0032237:activation of store-operated calcium channel activity; GO:0051209:release of sequestered calcium ion into cytosol,
BIOMD0000000204,Chickarmane2006 - Stem cell switch irreversible,other,GO:0048863:stem cell differentiation,
BIOMD0000000207,Romond1999_CellCycle,cell_cycle,GO:0000278:mitotic cell cycle,
BIOMD0000000208,Deineko2003_CellCycle,cell_cycle,GO:0000278:mitotic cell cycle,
BIOMD0000000206,Wolf2000_Glycolytic_Oscillations,metabolic,GO:0006096:glycolytic process,
BIOMD0000000212,Curien2009_Aspartate_Metabolism,metabolic,GO:0006531:aspartate metabolic process,
BIOMD0000000214,Akman2008_Circadian_Clock_Model2,circadian,GO:0042752:regulation of circadian rhythm,
BIOMD0000000215,Schulz2009_Th1_differentiation,other,GO:0030217:T cell differentiation,
BIOMD0000000218,Singh2006_TCA_mtu_model2,metabolic,GO:0006097:glyoxylate cycle; GO:0006099:tricarboxylic acid cycle,
BIOMD0000000219,Singh2006_TCA_mtu_model1,metabolic,GO:0006097:glyoxylate cycle; GO:0006099:tricarboxylic acid cycle,
BIOMD0000000221,Singh2006_TCA_Ecoli_acetate,metabolic,GO:0006097:glyoxylate cycle; GO:0006099:tricarboxylic acid cycle,
BIOMD0000000222,Singh2006_TCA_Ecoli_glucose,metabolic,GO:0006097:glyoxylate cycle; GO:0006099:tricarboxylic acid cycle,
BIOMD0000000224,Meyer1991_CalciumSpike_ICC,signaling,GO:0051279:regulation of release of sequestered calcium ion into cytosol,
BIOMD0000000225,Westermark2003_Pancreatic_GlycOsc_basic,metabolic,GO:0006096:glycolytic process,
BIOMD0000000226,Radulescu2008_NFkB_hierarchy_M_14_25_28_Lipniacky,signaling,GO:0007249:I-kappaB kinase/NF-kappaB signaling,
BIOMD0000000229,Ma2002_cAMP_oscillations,circadian,GO:0019933:cAMP-mediated signaling; GO:0006935:chemotaxis,
BIOMD0000000228,Swat2004_Mammalian_G1_S_Transition,other,GO:0000083:regulation of transcription involved in G1/S transition of mitotic cell cycle,
BIOMD0000000230,Ihekwaba2004_NFkB_Sensitivity,signaling,GO:0007249:I-kappaB kinase/NF-kappaB signaling,
BIOMD0000000231,Valero2006_Adenine_TernaryCycle,other,GO:0046085:adenosine metabolic process,
BIOMD0000000232,Nazaret2009_TCA_RC_ATP,metabolic,GO:0006754:ATP biosynthetic process; GO:0006099:tricarboxylic acid cycle; GO:0070469:respiratory chain,
BIOMD0000000233,Wilhelm2009_BistableReaction,other,GO:0009889:regulation of biosynthetic process,
BIOMD0000000211,Albert2005_Glycolysis,metabolic,GO:0006096:glycolytic process,
BIOMD0000000209,Chickarmane2008 - Stem cell lineage determination,other,GO:0048863:stem cell differentiation; GO:0001830:trophectodermal cell fate commitment; GO:0042663:regulation of endodermal cell fate specification,
BIOMD0000000213,Nijhout2004_Folate_Cycle,metabolic,GO:0046655:folic acid metabolic process,
BIOMD0000000210,Chickarmane2008 - Stem cell lineage - NANOG GATA-6 switch,other,GO:0048863:stem cell differentiation; GO:0001830:trophectodermal cell fate commitment; GO:0042663:regulation of endodermal cell fate specification,
BIOMD0000000234,"Tham2008 - PDmodel, Tumour shrinkage by gemcitabine and carboplatin",other,GO:0002357:defense response to tumor cell,
BIOMD0000000216,Hong2009_CircadianClock,circadian,GO:0042752:regulation of circadian rhythm,
BIOMD0000000236,Westermark2003_Pancreatic_GlycOsc_extended,metabolic,GO:0006096:glycolytic process,
BIOMD0000000217,Bruggeman2005_AmmoniumAssimilation,other,GO:0019676:ammonia assimilation cycle,
BIOMD0000000237,Schaber2006_Pheromone_Starvation_Crosstalk,other,GO:0042810:pheromone metabolic process; GO:0010570:regulation of filamentous growth; GO:0009267:cellular response to starvation,
BIOMD0000000237_manyOrgs,Schaber2006_Pheromone_Starvation_Crosstalk,other,GO:0042810:pheromone metabolic process; GO:0010570:regulation of filamentous growth; GO:0009267:cellular response to starvation,
BIOMD0000000238,Overgaard2007_PDmodel_IL21,other,GO:0060086:circadian temperature homeostasis,
BIOMD0000000240,Veening2008_DegU_Regulation,other,GO:0035635:entry of bacterium into host cell; GO:0034301:endospore formation,
BIOMD0000000243,Neumann2010_CD95Stimulation_NFkB_Apoptosis,signaling,GO:0051092:positive regulation of NF-kappaB transcription factor activity; GO:0008624:apoptotic signaling pathway,
BIOMD0000000242,Bai2003_G1phaseRegulation,other,GO:0000114:obsolete regulation of transcription involved in G1 phase of mitotic cell cycle,
BIOMD0000000245,Lei2001_Yeast_Aerobic_Metabolism,metabolic,GO:0006006:glucose metabolic process; GO:0006099:tricarboxylic acid cycle,
BIOMD0000000241,Shi1993_Caffeine_pressor_tolerance,other,GO:0031000:response to caffeine; GO:0008217:regulation of blood pressure,
BIOMD0000000246,Vasalou2010_Pacemaker_Neuron_SCN,circadian,GO:0042752:regulation of circadian rhythm,
BIOMD0000000248,Lai2007_O2_Transport_Metabolism,metabolic,GO:0015671:oxygen transport; GO:0071453:cellular response to oxygen levels; GO:0072592:oxygen metabolic process,
BIOMD0000000253,Teusink1998_Glycolysis_TurboDesign,metabolic,GO:0006096:glycolytic process,
BIOMD0000000256,Rehm2006_Caspase,apoptosis,GO:0006915:apoptotic process; GO:0006919:activation of cysteine-type endopeptidase activity involved in apoptotic process,
BIOMD0000000251,Nakakuki2010_CellFateDecision_Core,other,GO:0038029:epidermal growth factor receptor signaling pathway via MAPK cascade; GO:0035559:obsolete MAPKKK cascade involved in epidermal growth factor receptor signaling,
BIOMD0000000249,Restif2006 - Whooping cough,other,"GO:0044403:symbiosis, encompassing mutualism through parasitism; GO:0009814:defense response, incompatible interaction",
BIOMD0000000247,Ralser2007_Carbohydrate_Rerouting_ROS,metabolic,GO:0006739:NADP metabolic process; GO:0006098:pentose-phosphate shunt; GO:0006096:glycolytic process; GO:0034599:cellular response to oxidative stress,
BIOMD0000000254,Bier2000_GlycolyticOscillation,metabolic,GO:0006096:glycolytic process,
BIOMD0000000252,Hunziker2010_p53_StressSpecificResponse,other,"GO:0030330:DNA damage response, signal transduction by p53 class mediator; GO:0001666:response to hypoxia",
BIOMD0000000258,Ortega2006 - bistability from double phosphorylation in signal transduction,signaling,GO:0006468:protein phosphorylation,
BIOMD0000000259,Tiago2010_FeMetabolism_FeDeficient,metabolic,GO:0060586:multicellular organismal iron ion homeostasis; GO:0034756:regulation of iron ion transport; GO:0006826:iron ion transport,
BIOMD0000000257,Piedrafita2010_MR_System,other,GO:0050790:regulation of catalytic activity,
BIOMD0000000260,Tiago2010_FeMetabolism_FeAdequate,metabolic,GO:0006826:iron ion transport; GO:0034756:regulation of iron ion transport; GO:0060586:multicellular organismal iron ion homeostasis,
BIOMD0000000261,Tiago2010_FeMetabolism_FeLoaded,metabolic,GO:0060586:multicellular organismal iron ion homeostasis; GO:0034756:regulation of iron ion transport; GO:0006826:iron ion transport,
BIOMD0000000262,Fujita2010_Akt_Signalling_EGF,signaling,GO:0071364:cellular response to epidermal growth factor stimulus; GO:0007173:epidermal growth factor receptor signaling pathway; GO:0043491:protein kinase B signaling,
BIOMD0000000264,Fujita2010_Akt_Signalling_EGFRinhib,signaling,GO:0007173:epidermal growth factor receptor signaling pathway; GO:0043491:protein kinase B signaling; GO:0070849:response to epidermal growth factor,
BIOMD0000000265,Conradie2010_RPControl_CellCycle,cell_cycle,GO:0031575:mitotic cell cycle checkpoint,
BIOMD0000000263,Fujita2010_Akt_Signalling_NGF,signaling,GO:0043491:protein kinase B signaling; GO:0048011:neurotrophin TRK receptor signaling pathway,
BIOMD0000000266,Voit2003 - Trehalose Cycle,other,GO:0033638:modulation by symbiont of host response to heat; GO:0005992:trehalose biosynthetic process; GO:0005978:glycogen biosynthetic process; GO:0005991:trehalose metabolic process,
BIOMD0000000267,Lebeda2008 - BoNT paralysis (3 step model),other,"GO:0032223:negative regulation of synaptic transmission, cholinergic; GO:0006898:receptor-mediated endocytosis; GO:0009405:pathogenesis; GO:0033264:metalloendopeptidase activity",
BIOMD0000000270,Schilling2009 - ERK distributive,signaling,GO:0019221:cytokine-mediated signaling pathway; GO:0000165:MAPK cascade; GO:0004900:erythropoietin receptor activity,
BIOMD0000000268,Reed2008_Glutathione_Metabolism,metabolic,GO:0006749:glutathione metabolic process,
BIOMD0000000269,Liu2010_Hormonal_Crosstalk_Arabidopsis,other,GO:0009873:ethylene-activated signaling pathway; GO:0009734:auxin-activated signaling pathway; GO:0009736:cytokinin-activated signaling pathway,
BIOMD0000000272,Becker2010_EpoR_AuxiliaryModel,other,GO:0004900:erythropoietin receptor activity,
BIOMD0000000273,Pokhilko2010_CircClock,circadian,GO:0042752:regulation of circadian rhythm,
BIOMD0000000271,Becker2010_EpoR_CoreModel,other,GO:0004900:erythropoietin receptor activity,
BIOMD0000000274,Rattanakul2003_BoneFormationModel,other,GO:0045453:bone resorption; GO:0001503:ossification,
BIOMD0000000275,Goldbeter2007_Somitogenesis_Switch,other,GO:0032526:response to retinoic acid; GO:0044344:cellular response to fibroblast growth factor stimulus; GO:0001756:somitogenesis,
BIOMD0000000277,Shrestha2010_HyperCalcemia_PTHresponse,other,GO:0071107:response to parathyroid hormone,
BIOMD0000000276,Shrestha2010_HypoCalcemia_PTHresponse,other,GO:0071107:response to parathyroid hormone,
BIOMD0000000282,Chance1952_Catalase_Mechanism,other,GO:0004096:catalase activity; GO:0050790:regulation of catalytic activity,
BIOMD0000000280,Morris1981_MuscleFibre_Voltage_reduced,other,GO:0001508:action potential,
BIOMD0000000279,Komarova2005_PTHaction_OsteoclastOsteoblastCoupling,other,GO:0071107:response to parathyroid hormone; GO:0046850:regulation of bone remodeling,
BIOMD0000000281,Chance1960_Glycolysis_Respiration,metabolic,GO:0006119:oxidative phosphorylation; GO:0006096:glycolytic process,
BIOMD0000000278,Lemaire2004 - Role of RANK/RANKL/OPG pathway in bone remodelling process,other,GO:0046850:regulation of bone remodeling,
BIOMD0000000284,Hofmeyer1986_SeqFb_Proc_AA_Synthesis,other,GO:0008652:cellular amino acid biosynthetic process,
BIOMD0000000283,Chance1943_Peroxidase_ES_Kinetics,other,GO:0050790:regulation of catalytic activity; GO:0004601:peroxidase activity,
BIOMD0000000287,Passos2010_DNAdamage_CellularSenescence,other,GO:0090398:cellular senescence; GO:0006974:cellular response to DNA damage stimulus,
BIOMD0000000290,Alexander2010_Tcell_Regulation_Sys2,other,GO:0002667:regulation of T cell anergy,
BIOMD0000000291,Nikolaev2005_AlbuminBilirubinAdsorption,other,GO:0006789:bilirubin conjugation,
BIOMD0000000289,Alexander2010_Tcell_Regulation_Sys1,other,GO:0002667:regulation of T cell anergy,
BIOMD0000000285,Tang2010_PolyGlutamate,other,GO:0009405:pathogenesis; GO:0018095:protein polyglutamylation,
BIOMD0000000296,Balagaddé2008_E_coli_Predator_Prey,other,GO:0009372:quorum sensing; GO:0002120:predatory behavior,
BIOMD0000000295,Akman2008_Circadian_Clock_Model1,circadian,GO:0042752:regulation of circadian rhythm,
BIOMD0000000292,Rovers1995_Photsynthetic_Oscillations,metabolic,GO:0019253:reductive pentose-phosphate cycle,
BIOMD0000000297,Ciliberto2003_Morphogenesis_Checkpoint,other,GO:0009653:anatomical structure morphogenesis; GO:0000078:obsolete cytokinesis after mitosis checkpoint,
BIOMD0000000294,Restif2007 - Vaccination invasion,other,"GO:0009814:defense response, incompatible interaction; GO:0035635:entry of bacterium into host cell",
BIOMD0000000300,Schmierer2010_FIH_Ankyrins,other,GO:0001666:response to hypoxia; GO:0070482:response to oxygen levels,
BIOMD0000000298,Leloup1999_CircadianRhythms_Drosophila,circadian,GO:0042752:regulation of circadian rhythm,
BIOMD0000000299,Leloup1999_CircadianRhythms_Neurospora,circadian,GO:0042752:regulation of circadian rhythm,
BIOMD0000000301,Friedland2009_Ara_RTC3_counter,other,"GO:0006446:regulation of translational initiation; GO:0045975:positive regulation of translation, ncRNA-mediated",
BIOMD0000000304,Plant1981_BurstingNerveCells,other,GO:0019228:neuronal action potential; GO:0006814:sodium ion transport; GO:0006816:calcium ion transport; GO:0006813:potassium ion transport,
BIOMD0000000302,Wang1996_Synaptic_Inhibition_Two_Neuron,other,"GO:0051932:synaptic transmission, GABAergic",
BIOMD0000000306,Tyson2003_Activator_Inhibitor,other,GO:0051098:regulation of binding,
BIOMD0000000307,Tyson2003_Substrate_Depletion_Osc,other,GO:0051098:regulation of binding,
BIOMD0000000310,Tyson2003_Mutual_Inhibition,other,GO:0051098:regulation of binding,
BIOMD0000000309,Tyson2003_NegFB_Homeostasis,other,GO:0051098:regulation of binding,
BIOMD0000000305,Kolomeisky2003_MyosinV_Processivity,other,GO:0000146:microfilament motor activity; GO:0030832:regulation of actin filament length,
BIOMD0000000308,Tyson2003_NegFB_Oscillator,circadian,GO:0051098:regulation of binding; GO:0007243:intracellular signal transduction,
BIOMD0000000314,Raia2011 - IL13 L1236,signaling,GO:0007259:JAK-STAT cascade,
BIOMD0000000313,Raia2010 - IL13 Signalling MedB1,signaling,GO:0046425:regulation of JAK-STAT cascade,
BIOMD0000000316,Shen-Orr2002_FeedForward_AND_gate,other,GO:0016563:obsolete transcription activator activity; GO:0010628:positive regulation of gene expression,
BIOMD0000000317,Shen-Orr2002_Single_Input_Module,gene_regulation,GO:0016563:obsolete transcription activator activity; GO:0010468:regulation of gene expression; GO:0010628:positive regulation of gene expression,
BIOMD0000000312,Tyson2003_Perfect_Adaption,other,GO:0051098:regulation of binding,
BIOMD0000000315,Montagne2011_Oligator_optimised,other,GO:0006259:DNA metabolic process,
BIOMD0000000319,Decroly1982_Enzymatic_Oscillator,circadian,GO:0007622:rhythmic behavior,
BIOMD0000000318,Yao2008_Rb_E2F_Switch,other,GO:2000045:regulation of G1/S transition of mitotic cell cycle; GO:0000083:regulation of transcription involved in G1/S transition of mitotic cell cycle,
BIOMD0000000320,Grange2001 - PK interaction of L-dopa and benserazide,other,GO:0051583:dopamine uptake involved in synaptic transmission,
BIOMD0000000322,Kim2011_Oscillator_SimpleI,gene_regulation,GO:0010468:regulation of gene expression,
BIOMD0000000321,Grange2001 - L Dopa PK model,other,GO:0051583:dopamine uptake involved in synaptic transmission,
BIOMD0000000326,DellOrco2009_phototransduction,other,GO:0007602:phototransduction,
BIOMD0000000324,Morris1981_MuscleFibre_Voltage_full,signaling,GO:0005249:voltage-gated potassium channel activity; GO:0005245:voltage-gated calcium channel activity; GO:0001508:action potential,
BIOMD0000000325,Palini2011_Minimal_2_Feedback_Model,other,GO:0009885:transmembrane histidine kinase cytokinin receptor activity; GO:0000160:phosphorelay signal transduction system,
BIOMD0000000328,Bucher2011_Atorvastatin_Metabolism,metabolic,GO:0036273:response to statin; GO:0006707:cholesterol catabolic process,
BIOMD0000000327,Whitcomb2004_Bicarbonate_Pancreas,other,GO:0030157:pancreatic juice secretion,
BIOMD0000000323,Kim2011_Oscillator_SimpleIII,gene_regulation,GO:0010468:regulation of gene expression,
BIOMD0000000331,Larsen2004_CalciumSpiking_EnzymeBinding,signaling,GO:0019722:calcium-mediated signaling; GO:0019899:enzyme binding,
BIOMD0000000330,Larsen2004_CalciumSpiking,signaling,GO:0019722:calcium-mediated signaling,
BIOMD0000000336,Jones1994_BloodCoagulation,other,GO:0007596:blood coagulation,
BIOMD0000000335,Hockin2002_BloodCoagulation,other,GO:0007596:blood coagulation,
BIOMD0000000329,Kummer2000 - Oscillations in Calcium Signalling,signaling,GO:0019722:calcium-mediated signaling,
BIOMD0000000337,Pfeiffer2001_ATP-ProducingPathways_CooperationCompetition,other,GO:0071318:cellular response to ATP; GO:0006754:ATP biosynthetic process,
BIOMD0000000338,Wajima2009_BloodCoagulation_aPTTtest,other,"GO:0072378:blood coagulation, fibrin clot formation",
BIOMD0000000339,Wajima2009_BloodCoagulation_PTtest,other,"GO:0072378:blood coagulation, fibrin clot formation",
BIOMD0000000341,Topp2000_BetaCellMass_Diabetes,other,GO:0061178:regulation of insulin secretion involved in cellular response to glucose stimulus,
BIOMD0000000340,Wajima2009_BloodCoagulation_warfarin_heparin,other,GO:0030193:regulation of blood coagulation,
BIOMD0000000343,Brannmark2010_InsulinSignalling_Mifamodel,signaling,GO:0008286:insulin receptor signaling pathway; GO:0038016:insulin receptor internalization,
BIOMD0000000345,Koschorreck2008_InsulinClearance,other,GO:1900076:regulation of cellular response to insulin stimulus; GO:0005009:insulin-activated receptor activity; GO:0038016:insulin receptor internalization,
BIOMD0000000342,Zi2011_TGF-beta_Pathway,other,GO:0007179:transforming growth factor beta receptor signaling pathway,
BIOMD0000000346,FitzHugh1961_NerveMembrane,signaling,GO:0019226:transmission of nerve impulse,
BIOMD0000000348,Fridlyand2010_GlucoseSensitivity_A,other,GO:0044342:type B pancreatic cell proliferation; GO:0061178:regulation of insulin secretion involved in cellular response to glucose stimulus,
BIOMD0000000347,Bachmann2011_JAK2-STAT5_FeedbackControl,other,GO:0046425:regulation of JAK-STAT cascade,
BIOMD0000000354,Abell2011_CalciumSignaling_WithoutAdaptation,signaling,GO:0019722:calcium-mediated signaling,
BIOMD0000000349,Fridlyand2010_GlucoseSensitivity_B,other,GO:0044342:type B pancreatic cell proliferation; GO:0061178:regulation of insulin secretion involved in cellular response to glucose stimulus,
BIOMD0000000351,Vernoux2011_AuxinSignaling_AuxinSingleStepInput,signaling,GO:0009734:auxin-activated signaling pathway,
BIOMD0000000350,Troein2011_ClockCircuit_OstreococcusTauri,circadian,GO:0042752:regulation of circadian rhythm,
BIOMD0000000352,Vernoux2011_AuxinSignaling_AuxinFluctuating,signaling,GO:0009734:auxin-activated signaling pathway,
BIOMD0000000355,Abell2011_CalciumSignaling_WithAdaptation,signaling,GO:0019722:calcium-mediated signaling,
BIOMD0000000356,Nyman2011_M3Hierarachical_InsulinGlucosedynamics,other,GO:0061178:regulation of insulin secretion involved in cellular response to glucose stimulus,
BIOMD0000000357,Lee2010_ThrombinActivation_OneForm_reduced,other,GO:0007596:blood coagulation; GO:0003804:serine-type endopeptidase activity,
BIOMD0000000358,Stortelder1997 - Thrombin Generation Amidolytic Activity,other,GO:0007596:blood coagulation,
BIOMD0000000360,Panteleev2002_TFPImechanism_schmema2,other,GO:0007596:blood coagulation,
BIOMD0000000361,Panteleev2002_TFPImechanism_schmema1,other,GO:0007596:blood coagulation,
BIOMD0000000359,Panteleev2002_TFPImechanism_schmema3,other,GO:0007596:blood coagulation,
BIOMD0000000362,Butenas2004_BloodCoagulation,other,GO:0007596:blood coagulation,
BIOMD0000000363,Lee2010_ThrombinActivation_OneForm_minimal,other,GO:0007596:blood coagulation,
BIOMD0000000366,Orfao2008_ThrombinGeneration_AmidolyticActivity,other,GO:0007596:blood coagulation,
BIOMD0000000364,Lee2010_ThrombinActivation_OneForm,other,GO:0007596:blood coagulation,
BIOMD0000000367,Mueller2008_ThrombinGeneration_minimal,other,GO:0007596:blood coagulation,
BIOMD0000000365,Hockin1999_BloodCoagulation_VaInactivation,other,GO:0007596:blood coagulation,
BIOMD0000000368,Beltrami1995_ThrombinGeneration_C,other,GO:0007596:blood coagulation,
BIOMD0000000369,Beltrami1995_ThrombinGeneration_D,other,GO:0007596:blood coagulation,
BIOMD0000000372,Tolic2000_InsulinGlucoseFeedback,other,GO:0061178:regulation of insulin secretion involved in cellular response to glucose stimulus,
BIOMD0000000371,DeVries2000_PancreaticBetaCells_InsulinSecretion,other,GO:0044342:type B pancreatic cell proliferation; GO:0030073:insulin secretion; GO:0061469:regulation of type B pancreatic cell proliferation,
BIOMD0000000370,Vinod2011_MitoticExit,cell_cycle,GO:0000278:mitotic cell cycle,
BIOMD0000000373,Bertram2004_PancreaticBetaCell_modelB,metabolic,GO:0006096:glycolytic process; GO:0044342:type B pancreatic cell proliferation; GO:0061469:regulation of type B pancreatic cell proliferation,
BIOMD0000000375,Mears1997_CRAC_PancreaticBetaCells,other,GO:0044342:type B pancreatic cell proliferation; GO:0061469:regulation of type B pancreatic cell proliferation; GO:0015278:calcium-release channel activity,
BIOMD0000000374,Bertram1995_PancreaticBetaCell_CRAC,other,GO:0044342:type B pancreatic cell proliferation; GO:0061469:regulation of type B pancreatic cell proliferation; GO:0015278:calcium-release channel activity,
BIOMD0000000376,Bertram2007_IsletCell_Oscillations,metabolic,GO:0006096:glycolytic process; GO:0044342:type B pancreatic cell proliferation; GO:0061469:regulation of type B pancreatic cell proliferation,
BIOMD0000000378,Chay1997_CalciumConcentration,signaling,GO:0019722:calcium-mediated signaling; GO:0044342:type B pancreatic cell proliferation; GO:0061469:regulation of type B pancreatic cell proliferation,
BIOMD0000000377,Bertram2000_PancreaticBetaCells_Oscillations,circadian,GO:0044342:type B pancreatic cell proliferation; GO:0061469:regulation of type B pancreatic cell proliferation; GO:0003323:type B pancreatic cell development,
BIOMD0000000379,DallaMan2007_MealModel_GlucoseInsulinSystem,other,GO:0061178:regulation of insulin secretion involved in cellular response to glucose stimulus,
BIOMD0000000380,Smallbone2011_TrehaloseBiosynthesis,other,GO:0005992:trehalose biosynthetic process,
BIOMD0000000382,Sturis1991_InsulinGlucoseModel_UltradianOscillation,circadian,GO:0044381:glucose import in response to insulin stimulus; GO:0015758:glucose transport; GO:0030073:insulin secretion,
BIOMD0000000381,Maree2006_DuCa_Type1DiabetesModel,other,GO:0071888:macrophage apoptotic process; GO:0042116:macrophage activation; GO:0006909:phagocytosis,
BIOMD0000000383,Arnold2011_Farquhar1980_RuBisCO-CalvinCycle,metabolic,GO:0019253:reductive pentose-phosphate cycle,
BIOMD0000000386,Arnold2011_Sharkey2007_RuBisCO-CalvinCycle,metabolic,GO:0019253:reductive pentose-phosphate cycle,
BIOMD0000000387,Arnold2011_Damour2007_RuBisCO-CalvinCycle,metabolic,GO:0019253:reductive pentose-phosphate cycle,
BIOMD0000000385,Arnold2011_Schultz2003_RuBisCO-CalvinCycle,metabolic,GO:0019253:reductive pentose-phosphate cycle,
BIOMD0000000390,Arnold2011_Giersch1990_CalvinCycle,metabolic,GO:0019253:reductive pentose-phosphate cycle,
BIOMD0000000389,Arnold2011_Hahn1986_CalvinCycle_Starch_Sucrose,metabolic,GO:0019253:reductive pentose-phosphate cycle,
BIOMD0000000388,Arnold2011_Zhu2009_CalvinCycle,metabolic,GO:0019253:reductive pentose-phosphate cycle,
BIOMD0000000384,Arnold2011_Medlyn2002_RuBisCO-CalvinCycle,metabolic,GO:0019253:reductive pentose-phosphate cycle,
BIOMD0000000391,Arnold2011_Poolman2000_CalvinCycle_Starch,metabolic,GO:0019253:reductive pentose-phosphate cycle,
BIOMD0000000392,Arnold2011_Laisk2006_CalvinCycle_Starch_Sucrose,metabolic,GO:0019253:reductive pentose-phosphate cycle,
BIOMD0000000393,Arnold2011_Zhu2007_CalvinCycle_Starch_Sucrose_Photorespiration,metabolic,GO:0019253:reductive pentose-phosphate cycle,
BIOMD0000000395,Sivakumar2011 - Hedgehog Signaling Pathway,signaling,GO:0007224:smoothened signaling pathway,
BIOMD0000000394,Sivakumar2011 - EGF Receptor Signaling Pathway,signaling,GO:0007173:epidermal growth factor receptor signaling pathway,
BIOMD0000000396,Sivakumar2011 - Notch Signaling Pathway,signaling,GO:0007219:Notch signaling pathway,
BIOMD0000000398,Sivakumar2011_NeuralStemCellDifferentiation_Crosstalk,signaling,GO:0007173:epidermal growth factor receptor signaling pathway; GO:0060070:canonical Wnt signaling pathway; GO:0007224:smoothened signaling pathway; GO:0048863:stem cell differentiation; GO:0007219:Notch signaling pathway,
BIOMD0000000400,Cooling2007_IP3transients_CardiacMyocyte,signaling,GO:0048016:inositol phosphate-mediated signaling; GO:0003015:heart process; GO:0003300:cardiac muscle hypertrophy,
BIOMD0000000401,Ayati2010_BoneRemodelingDynamics_NormalCondition,other,GO:0046850:regulation of bone remodeling,
BIOMD0000000402,Ayati2010_BoneRemodelingDynamics_WithTumour,other,GO:0046850:regulation of bone remodeling,
BIOMD0000000403,Ayati2010_BoneRemodelingDynamics_WithTumour+DrugTreatment,other,GO:0046850:regulation of bone remodeling,
BIOMD0000000404,Bray1993_chemotaxis,other,GO:0006935:chemotaxis,
BIOMD0000000405,Cookson2011_EnzymaticQueueingCoupling,other,GO:0050790:regulation of catalytic activity,
BIOMD0000000406,Moriya2011_CellCycle_FissionYeast,cell_cycle,GO:0051726:regulation of cell cycle,
BIOMD0000000409,Queralt2006_MitoticExit_Cdc55DownregulationBySeparase,cell_cycle,GO:0000278:mitotic cell cycle,
BIOMD0000000407,Schliemann2011_TNF_ProAntiApoptosis,apoptosis,GO:0006915:apoptotic process,
BIOMD0000000408,Hettling2011_CreatineKinase,signaling,GO:0046034:ATP metabolic process; GO:0006600:creatine metabolic process,
BIOMD0000000410,Wegner2012_TGFbetaSignalling_FeedbackLoops,signaling,GO:0007179:transforming growth factor beta receptor signaling pathway,
BIOMD0000000414,Band2012_DII-Venus_ReducedModel,other,GO:0090354:regulation of auxin metabolic process; GO:0009958:positive gravitropism,
BIOMD0000000411,Heiland2012_CircadianClock_C.reinhardtii,circadian,GO:0060086:circadian temperature homeostasis,
BIOMD0000000413,Band2012_DII-Venus_FullModel,other,GO:0009958:positive gravitropism; GO:0090354:regulation of auxin metabolic process,
BIOMD0000000418,Ratushny2012_SPF,gene_regulation,"GO:0006355:regulation of transcription, DNA-templated",
BIOMD0000000415,Mellor2012_LipooxygenasePathway,other,GO:0019372:lipoxygenase pathway,
BIOMD0000000419,Ratushny2012_SPF_I,gene_regulation,"GO:0006355:regulation of transcription, DNA-templated",
BIOMD0000000417,Ratushny2012_NF,gene_regulation,"GO:0006355:regulation of transcription, DNA-templated",
BIOMD0000000420,Ratushny2012_ASSURE_I,gene_regulation,"GO:0006355:regulation of transcription, DNA-templated",
BIOMD0000000423,Nyman2012_InsulinSignalling,signaling,GO:0008286:insulin receptor signaling pathway,
BIOMD0000000429,Schaber2012 - Hog pathway in yeast,other,GO:0000161:MAPK cascade involved in osmosensory signaling pathway,
BIOMD0000000421,Ratushny2012_ASSURE_II,gene_regulation,"GO:0006355:regulation of transcription, DNA-templated",
BIOMD0000000425,"Tan2012 - Antibiotic Treatment, Inoculum Effect",other,GO:0071236:cellular response to antibiotic,
BIOMD0000000432,Sarma2012 - Interaction topologies of MAPK cascade (M4_K2_QSS_USEQ),signaling,GO:0000165:MAPK cascade,
BIOMD0000000435,deBack2012 - Lineage Specification in Pancreas Development,signaling,GO:0031016:pancreas development; GO:0007267:cell-cell signaling,
BIOMD0000000433,Sarma2012 - Interaction topologies of MAPK cascade (M4_K2_QSS_PSEQ),signaling,GO:0000165:MAPK cascade,
BIOMD0000000436,Gupta2009 - Eicosanoid Metabolism,metabolic,GO:0006690:icosanoid metabolic process,
BIOMD0000000441,Sarma2012 - Oscillations in MAPK cascade (S2),signaling,GO:0000165:MAPK cascade,
BIOMD0000000438,Saeidi2012 - Quorum sensing device that produces GFP,other,GO:0009372:quorum sensing,
BIOMD0000000440,Sarma2012 - Oscillations in MAPK cascade (S1),signaling,GO:0000165:MAPK cascade,
BIOMD0000000446,Erguler2013 - Unfolded protein stress response,other,GO:0030968:endoplasmic reticulum unfolded protein response,
BIOMD0000000447,Venkatraman2012 - Interplay between PLS and TSP1 in TGF-β1 activation,other,GO:0070053:thrombospondin receptor activity; GO:0036363:transforming growth factor beta activation,
BIOMD0000000455,Smallbone2013 - Metabolic Control Analysis - Example 2,metabolic,GO:0051098:regulation of binding,
BIOMD0000000454,Smallbone2013 - Metabolic Control Analysis - Example 1,metabolic,GO:0051098:regulation of binding,
BIOMD0000000456,Smallbone2013 - Metabolic Control Analysis - Example 3,metabolic,GO:0051098:regulation of binding,
BIOMD0000000458,Smallbone2013 - Serine biosynthesis,other,GO:0006564:L-serine biosynthetic process,
BIOMD0000000459,Liebal2012 - B.subtilis post-transcriptional instability model,gene_regulation,GO:0030162:regulation of proteolysis,
BIOMD0000000460,Liebal2012 - B.subtilis sigB proteolysis model,other,GO:0030162:regulation of proteolysis,
BIOMD0000000464,Koo2013 - Shear stress induced calcium influx and eNOS activation - Model 1,signaling,GO:0070509:calcium ion import; GO:0002537:nitric oxide production involved in inflammatory response; GO:0006809:nitric oxide biosynthetic process,
BIOMD0000000461,Liebal2012 - B.subtilis transcription inhibition model,gene_regulation,GO:0030162:regulation of proteolysis,
BIOMD0000000462,Proctor2012 - Role of Amyloid-beta dimers in aggregation formation,other,GO:0097242:amyloid-beta clearance; GO:0070841:inclusion body assembly,
BIOMD0000000484,Cao2013 - Application of ABSIS method in birth-death process,other,GO:0040008:regulation of growth,
BIOMD0000000483,Cao2008 - Network of a toggle switch,gene_regulation,GO:0010468:regulation of gene expression,
BIOMD0000000485,Cao2013 - Application of ABSIS method in the bistable Schlögl model,other,GO:0003824:catalytic activity,
BIOMD0000000486,Cao2013 - Application of ABSIS method in the reversible isomerization model,other,GO:0043412:macromolecule modification,
BIOMD0000000493,"Schittler2010 - Cell fate of progenitor cells, osteoblasts or chondrocytes",other,GO:0048762:mesenchymal cell differentiation,
BIOMD0000000487,Cao2013 - Application of ABSIS in the the enzymatic futile cycle,other,GO:0031649:heat generation,
BIOMD0000000495,Sen2013 - Phospholipid Synthesis in P.knowlesi,other,GO:0008654:phospholipid biosynthetic process,
BIOMD0000000499,Vizan2013 - TGF pathway long term signaling,signaling,GO:0007179:transforming growth factor beta receptor signaling pathway; GO:0060395:SMAD protein signal transduction,
BIOMD0000000498,Mitchell2013 - Liver Iron Metabolism,metabolic,GO:0036333:hepatocyte homeostasis,
BIOMD0000000507,Gardner2000 - genetic toggle switch in E.coli,gene_regulation,GO:0010468:regulation of gene expression,
BIOMD0000000508,Barrack2014 - Calcium/cell cycle coupling - Cyclin D dependent ATP release,cell_cycle,GO:0007049:cell cycle; GO:0005388:calcium-transporting ATPase activity,
BIOMD0000000517,Smallbone2013 - Colon Crypt cycle - Version 3,other,GO:0048863:stem cell differentiation,
BIOMD0000000518,Smallbone2013 - Colon Crypt cycle - Version 2,other,GO:0048863:stem cell differentiation,
BIOMD0000000509,Barrack2014 - Calcium/cell cycle coupling - Rs dependent ATP release,cell_cycle,GO:0005388:calcium-transporting ATPase activity; GO:0007049:cell cycle,
BIOMD0000000519,Smallbone2013 - Colon Crypt cycle - Version 1,other,GO:0048863:stem cell differentiation,
BIOMD0000000520,Smallbone2013 - Colon Crypt cycle - Version 0,other,GO:0048863:stem cell differentiation,
BIOMD0000000521,"Ribba2012 - Low-grade gliomas, tumour growth inhibition model",other,GO:0002357:defense response to tumor cell,
BIOMD0000000522,Muraro2014 - Vascular patterning in Arabidopsis roots,other,GO:0010051:xylem and phloem pattern formation,
BIOMD0000000523,"Kallenberger2014 - CD95L induced apoptosis initiated by caspase-8, CD95 HeLa cells (cis/trans variant)",apoptosis,GO:0006915:apoptotic process,
BIOMD0000000524,"Kallenberger2014 - CD95L induced apoptosis initiated by caspase-8, wild-type HeLa cells (cis/trans variant)",apoptosis,GO:0006915:apoptotic process,
BIOMD0000000525,"Kallenberger2014 - CD95L induced apoptosis initiated by caspase-8, CD95 HeLa cells (cis/trans-cis/trans variant)",apoptosis,GO:0006915:apoptotic process,
BIOMD0000000526,"Kallenberger2014 - CD95L induced apoptosis initiated by caspase-8, wild-type HeLa cells (cis/trans-cis/trans variant)",apoptosis,GO:0006915:apoptotic process,
BIOMD0000000528,Fribourg2014 - Dynamics of viral antagonism and innate immune response (H1N1 influenza A virus - Cal/09),immune,"GO:0009814:defense response, incompatible interaction",
BIOMD0000000529,Fribourg2014 - Dynamics of viral antagonism and innate immune response (H1N1 influenza A virus - NC/99),immune,"GO:0009814:defense response, incompatible interaction",
BIOMD0000000530,Schmitz2014 - RNA triplex formation,gene_regulation,GO:0010468:regulation of gene expression,
BIOMD0000000527,Kaiser2014 - Salmonella persistence after ciprofloxacin treatment,other,GO:0046677:response to antibiotic,
BIOMD0000000531,Crespo2012 - Kinetics of Amyloid Fibril Formation,other,GO:0070841:inclusion body assembly; GO:1990000:amyloid fibril formation,
BIOMD0000000532,Vazquez2014 - Chemical inhibition from amyloid protein aggregation kinetics,other,GO:0070841:inclusion body assembly; GO:1990000:amyloid fibril formation,
BIOMD0000000538,Clarke2000 - One-hit model of cell death in neuronal degenerations,other,GO:0051402:neuron apoptotic process,
BIOMD0000000533,Steckmann2012 - Amyloid beta-protein fibrillogenesis (kinetics of secondary structure conversion),other,GO:0070841:inclusion body assembly; GO:0034205:amyloid-beta formation,
BIOMD0000000539,François2005 - Mixed Feedback Loop (two-gene network),gene_regulation,GO:0010468:regulation of gene expression,
BIOMD0000000545,Ouyang2014 - photomorphogenic UV-B signalling network,signaling,GO:0009640:photomorphogenesis,
BIOMD0000000540,Yugi2014 - Insulin induced signalling (PFKL phosphorylation) - model 1,metabolic,GO:0032868:response to insulin; GO:0006110:regulation of glycolytic process,
BIOMD0000000547,Talemi2014 - Arsenic toxicity and detoxification mechanisms in yeast,other,GO:0046685:response to arsenic-containing substance,
BIOMD0000000548,Sneppen2009 - Modeling proteasome dynamics in Parkinson's disease,gene_regulation,GO:0070841:inclusion body assembly; GO:0043161:proteasome-mediated ubiquitin-dependent protein catabolic process,
BIOMD0000000546,Miao2010 - Innate and adaptive immune responses to primary Influenza A Virus infection_1_1,immune,GO:0045087:innate immune response; GO:0002250:adaptive immune response; GO:0045087:innate immune response; GO:0002250:adaptive immune response,
BIOMD0000000549,Baker2013 - Cytokine Mediated Inflammation in Rheumatoid Arthritis - Age Dependent,immune,GO:0019221:cytokine-mediated signaling pathway; GO:0050727:regulation of inflammatory response,
BIOMD0000000550,Baker2013 - Cytokine Mediated Inflammation in Rheumatoid Arthritis,immune,GO:0019221:cytokine-mediated signaling pathway; GO:0050727:regulation of inflammatory response,
BIOMD0000000551,Das2010 - Effect of a gamma-secretase inhibitor on Amyloid-beta dynamics,other,GO:0097242:amyloid-beta clearance,
BIOMD0000000552,Ehrenstein2000 - Positive-Feedback model for the loss of acetylcholine in Alzheimer's disease,other,GO:0008292:acetylcholine biosynthetic process,
BIOMD0000000553,Ehrenstein1997 - The choline-leakage hypothesis in Alzheimer's disease,other,GO:0008292:acetylcholine biosynthetic process,
BIOMD0000000554,Cloutier2009 - Brain Energy Metabolism,metabolic,GO:0006091:generation of precursor metabolites and energy,
BIOMD0000000555,Auer2010 - Correlation between lag time and aggregation rate in protein aggregation,other,GO:1990000:amyloid fibril formation,
BIOMD0000000556,Ortega2013 - Interplay between secretases determines biphasic amyloid-beta level,other,GO:0034205:amyloid-beta formation; GO:0042987:amyloid precursor protein catabolic process,
BIOMD0000000558,Cloutier2012 - Feedback motif for Parkinson's disease,other,GO:0070841:inclusion body assembly; GO:0000302:response to reactive oxygen species,
BIOMD0000000562,Chaouiya2013 - EGF and TNFalpha mediated signalling pathway,signaling,GO:0007173:epidermal growth factor receptor signaling pathway; GO:0033209:tumor necrosis factor-mediated signaling pathway,
BIOMD0000000566,Morris2009 - α-Synuclein aggregation variable temperature and pH,other,GO:1990000:amyloid fibril formation,
BIOMD0000000561,Martins2013 - True and apparent inhibition of amyloid fribril formation,other,GO:1990000:amyloid fibril formation,
BIOMD0000000567,Morris2008 - Fitting protein aggregation data via F-W 2-step mechanism,other,GO:1990000:amyloid fibril formation,
BIOMD0000000569,Dutta-Roy2015 - Opening of the multiple AMPA receptor conductance states,signaling,GO:0004971:AMPA glutamate receptor activity,
BIOMD0000000573,Aguilera 2014 - HIV latency. Interaction between HIV proteins and immune response,immune,GO:0045087:innate immune response,
BIOMD0000000578,Invergo2014 - Phototransduction cascade in mouse rod cells,other,GO:0007602:phototransduction,
BIOMD0000000584,Mandlik2015 - Tristable genetic circuit of Leishmania,other,GO:0006665:sphingolipid metabolic process,
BIOMD0000000585,Rateitschak2012 - Interferon-gamma (IFNγ) induced STAT1 signalling (PC_IFNg100),signaling,GO:0007259:JAK-STAT cascade; GO:0034341:response to interferon-gamma,
BIOMD0000000587,Karapetyan2016 - Genetic oscillatory network - Repressor Titration Circuit (RTC),gene_regulation,GO:0010468:regulation of gene expression,
BIOMD0000000586,Karapetyan2016 - Genetic oscillatory network - Activator Titration Circuit (ATC),gene_regulation,GO:0010468:regulation of gene expression,
BIOMD0000000589,Valero2016 - Ascorbate-Glutathione cycle in chloroplasts under light/dark conditions,other,GO:0033355:ascorbate glutathione cycle; GO:0009628:response to abiotic stimulus,
BIOMD0000000591,Boehm2014 - isoform-specific dimerization of pSTAT5A and pSTAT5B,other,GO:0038162:erythropoietin-mediated signaling pathway; GO:0042522:regulation of tyrosine phosphorylation of STAT protein,
BIOMD0000000590,Hermansen2015 - denovo biosynthesis of pyrimidines in yeast,other,,
BIOMD0000000311,Tyson2003_Mutual_Activation,other,GO:0051098:regulation of binding,
BIOMD0000000593,Martinez-Sanchez2015 - T CD4+ lymphocyte transcriptional-signaling regulatory network,signaling,GO:0030154:cell differentiation,
BIOMD0000000600,Cellière2011 - Plasticity of TGF-β Signalling,signaling,GO:0007179:transforming growth factor beta receptor signaling pathway,
BIOMD0000000592,Martinez-Sanchez2015 - T CD4+ lymphocyte transcriptional regulatory network,gene_regulation,GO:0030154:cell differentiation,
BIOMD0000000594,Capuani2015 - Binding of Cbl and Gbr2 to EGFR (Multisite Phosphorylation Model - MPM),signaling,GO:0007173:epidermal growth factor receptor signaling pathway,
BIOMD0000000601,Rosas2015 - Caffeine-induced luminal SR calcium changes,signaling,GO:0014808:release of sequestered calcium ion into cytosol by sarcoplasmic reticulum,
BIOMD0000000602,Stavrum2013 - Tryptophan Metabolism in Liver,metabolic,GO:0006587:serotonin biosynthetic process from tryptophan; GO:0006568:tryptophan metabolic process,
BIOMD0000000603,PetelenzKuehn_osmoadaptation_WT,other,GO:0006973:intracellular accumulation of glycerol; GO:0061621:canonical glycolysis; GO:0071470:cellular response to osmotic stress; GO:0006970:response to osmotic stress,
BIOMD0000000604,PetelenzKuehn_osmoadaptation_pfk2627D,other,GO:0006973:intracellular accumulation of glycerol; GO:0061621:canonical glycolysis; GO:0071470:cellular response to osmotic stress; GO:0006970:response to osmotic stress,
BIOMD0000000609,Reddyhoff2015 - Acetaminophen metabolism and toxicity,metabolic,GO:1901554:response to paracetamol,
BIOMD0000000607,PetelenzKuehn_osmoadaptation_fps1D1,other,GO:0006973:intracellular accumulation of glycerol; GO:0061621:canonical glycolysis; GO:0071470:cellular response to osmotic stress; GO:0006970:response to osmotic stress,
BIOMD0000000606,PetelenzKuehn_osmoadaptation_hog1D,other,GO:0006973:intracellular accumulation of glycerol; GO:0061621:canonical glycolysis; GO:0071470:cellular response to osmotic stress; GO:0006970:response to osmotic stress,
BIOMD0000000608,Palsson2013 - Fully-integrated immune response model (FIRM),immune,GO:0006955:immune response,
BIOMD0000000605,PetelenzKuehn_osmoadaptation_HOG1att,other,GO:0006973:intracellular accumulation of glycerol; GO:0061621:canonical glycolysis; GO:0071470:cellular response to osmotic stress; GO:0006970:response to osmotic stress,
BIOMD0000000613,Peterson2010 - Integrated calcium homeostasis and bone remodelling,signaling,GO:0046849:bone remodeling; GO:2000828:regulation of parathyroid hormone secretion; GO:0055074:calcium ion homeostasis,
BIOMD0000000610,PetelenzKuehn_osmoadaptation_gpd1D,other,GO:0071470:cellular response to osmotic stress,
BIOMD0000000616,Dunster2014 - WBC Interactions (Model1),immune,GO:0006954:inflammatory response,
BIOMD0000000617,Walsh2014 - Inhibition kinetics of DAPT on APP Cleavage,other,GO:0042987:amyloid precursor protein catabolic process,
BIOMD0000000615,Kuznetsov2016(II) - α-syn aggregation kinetics in Parkinson's Disease,other,GO:0070841:inclusion body assembly,
BIOMD0000000614,Kamihira2000 - calcitonin fibrillation kinetics,other,GO:1902903:regulation of supramolecular fiber organization,
BIOMD0000000618,Krohn2011 - Cerebral amyloid-β proteostasis regulated by membrane transport protein ABCC1,other,GO:1990000:amyloid fibril formation; GO:0006810:transport,
BIOMD0000000619,Sluka2016  - Acetaminophen PBPK,other,GO:0017144:drug metabolic process; GO:0042910:xenobiotic transporter activity,
BIOMD0000000625,Leber2016 - Expanded model of Tfh-Tfr differentiation - Helicobacter pylori infection,other,GO:0044419:interspecies interaction between organisms,
BIOMD0000000620,Palmer2014 - Effect of IL-1β-Blocking therapies in T2DM - Disease Condition,other,GO:0050702:interleukin-1 beta secretion,
BIOMD0000000626,Ray2013 - Meiotic initiation in S. cerevisiae,other,GO:0040020:regulation of meiotic nuclear division; GO:0051321:meiotic cell cycle,
BIOMD0000000621,Palmer2014 - Effect of IL-1β-Blocking therapies in T2DM - Healthy Condition,other,GO:0050702:interleukin-1 beta secretion,
BIOMD0000000622,NguyenLK2011 - Ubiquitination dynamics in Ring1B/Bmi1 system,other,GO:0030163:protein catabolic process; GO:0016567:protein ubiquitination,
BIOMD0000000624,Sluka2016 - Acetaminophen metabolism,metabolic,GO:0042739:endogenous drug catabolic process,
BIOMD0000000627,Winter2017 - Brain Energy Metabolism with PPP,metabolic,GO:0006119:oxidative phosphorylation; GO:0006098:pentose-phosphate shunt; GO:0006096:glycolytic process; GO:0006099:tricarboxylic acid cycle,
BIOMD0000000630,Venkatraman2011 - PLS-UPA behaviour in the presence of substrate competition_1_1_1_1,other,GO:0031639:plasminogen activation; GO:0007596:blood coagulation,
BIOMD0000000632,Kollarovic2016 - Cell fate decision at G1-S transition,other,GO:0007050:cell cycle arrest; GO:0006281:DNA repair; GO:2000772:regulation of cellular senescence,
BIOMD0000000629,Haffez2017 - RAR interaction with synthetic analogues,other,GO:0048384:retinoic acid receptor signaling pathway,
BIOMD0000000633,Bulik2016 - Regulation of hepatic glucose metabolism,metabolic,GO:0006468:protein phosphorylation; GO:0055085:transmembrane transport; GO:0010906:regulation of glucose metabolic process,
BIOMD0000000631,DeCaluwe2016 - Circadian Clock,circadian,GO:0042752:regulation of circadian rhythm; GO:0043153:entrainment of circadian clock by photoperiod,
BIOMD0000000637,Bush2016 - Simplified Carrousel model of GPCR,other,GO:0000772:mating pheromone activity; GO:0001664:G-protein coupled receptor binding,
BIOMD0000000641,Jaiswal2017 - Cell cycle arrest,cell_cycle,GO:0007095:mitotic G2 DNA damage checkpoint,
BIOMD0000000638,Bush2016 - Extended Carrousel model of GPCR-RGS,other,GO:0001664:G-protein coupled receptor binding; GO:0000772:mating pheromone activity,
BIOMD0000000642,Mufudza2012 - Estrogen effect on the dynamics of breast cancer,other,GO:0043627:response to estrogen,
BIOMD0000000639,Thiaville2016 - Wild type folate pathway model with proposed PanB reaction,metabolic,GO:0046656:folic acid biosynthetic process,
BIOMD0000000643,Musante2017 - Switching behaviour of PP2A inhibition by ARPP-16 - mutual inhibitions,other,,
BIOMD0000000644,Musante2017 - Switching behaviour of PP2A inhibition by ARPP-16 - mutual inhibitions and PKA inhibits MAST3,other,,
BIOMD0000000650,Owen1998 - Tumour  treatment model,other,,
BIOMD0000000647,Kwang2003 - The influence of RKIP on the ERK signaling pathway,signaling,GO:0070372:regulation of ERK1 and ERK2 cascade,
BIOMD0000000645,Musante2017 - Switching behaviour of PP2A inhibition by ARPP-16 - mutual inhibitions and PKA inhibits MAST3 and dominant negative effect,other,,
BIOMD0000000652_manyOrgs,"Padala2017- ERK, PI3K/Akt and Wnt signalling network (PI3K mutated)",signaling,GO:0051896:regulation of protein kinase B signaling; GO:0060828:regulation of canonical Wnt signaling pathway; GO:0043408:regulation of MAPK cascade; GO:0000165:MAPK cascade,
BIOMD0000000660,Barr2017 - Dynamics of p21 in hTert-RPE1 cells,other,,
BIOMD0000000657,Araujo2016 - Positive feedback in Cdk1 signalling keeps mitotic duration short and constant,cell_cycle,,
BIOMD0000000659,Cursons2015 - Regulation of ERK-MAPK signaling in human epidermis,signaling,GO:0043408:regulation of MAPK cascade; GO:0019722:calcium-mediated signaling; GO:0000165:MAPK cascade,
BIOMD0000000658,Lee2003 - Roles of APC and Axin in Wnt Pathway (without regulatory loop),signaling,,
BIOMD0000000663,Wodarz2007 - HIV/CD4 T-cell interaction,other,GO:0046718:viral entry into host cell,
BIOMD0000000664,Muller2008 - Simplified MAPK activation Dynamics (Model B),signaling,GO:0043408:regulation of MAPK cascade,
BIOMD0000000661,Webb2002 - Fas/FasL mediated tumor T-cell interaction,other,GO:1902044:regulation of Fas signaling pathway; GO:0002418:immune response to tumor cell,
BIOMD0000000668,Zhu2015 - Combined gemcitabine and birinapant in pancreatic cancer cells - basic PD model,other,,
BIOMD0000000662,Moore2004 - Chronic Myeloid Leukemic cells and T-lymphocyte interaction,other,GO:0002262:myeloid cell homeostasis,
BIOMD0000000665,Fallon2000 - Interleukin-2 dynamics,other,GO:0006897:endocytosis,
BIOMD0000000669,Zhu2015 - Combined gemcitabine and birinapant in pancreatic cancer cells - mechanistic PD model,other,,
BIOMD0000000670,Owen1998 - tumour growth model,other,GO:0002837:regulation of immune response to tumor cell,
BIOMD0000000671,Murphy2016 - Differences in predictions of ODE models of tumor growth,other,,
BIOMD0000000673,Lockwood2006 - Alzheimer's Disease PBPK model,other,,
BIOMD0000000646,Barr2016 - All-or-nothing G1/S transition,other,,
BIOMD0000000672,Brown1997 - Plasma Melatonin Levels,other,GO:0030186:melatonin metabolic process,
BIOMD0000000680,Waugh2006 - Diabetic Wound Healing - TGF-B Dynamics,other,GO:0061041:regulation of wound healing,
BIOMD0000000681,Waugh2006 - Diabetic Wound Healing - Treated and Untreated Macrophage Dynamics,other,GO:0061041:regulation of wound healing,
BIOMD0000000678,Tomida2003 - Calcium Oscillatory-induced translocation of nuclear factor of activated T cells,circadian,GO:0033173:calcineurin-NFAT signaling cascade,
BIOMD0000000679,Waugh2006 - Diabetic Wound Healing - Macrophage Dynamics,other,GO:0061041:regulation of wound healing,
BIOMD0000000684,Wodarz2003 - Immunological Memory,immune,GO:0002250:adaptive immune response,
BIOMD0000000676,Chen2006 - Nitric Oxide Release from Endothelial Cells,other,GO:0006809:nitric oxide biosynthetic process,
BIOMD0000000675,Chen2000_CellCycle,cell_cycle,GO:0000075:cell cycle checkpoint,
BIOMD0000000685,Wodarz2003 - Cytotoxic T lymphocyte cross-priming,immune,GO:0002250:adaptive immune response,
BIOMD0000000686,Wodarz2007 - Basic Model of Cytomegalovirus Infection,other,GO:0009615:response to virus,
BIOMD0000000682,Wierschem2004 - Electrical bursting activity in Pancreatic Islets,other,GO:0098900:regulation of action potential,
BIOMD0000000683,Wodarz1999 CTL memory response HIV,other,GO:0046718:viral entry into host cell,
BIOMD0000000677,Holmes2006 - Hill's model of muscle contraction,other,GO:0006936:muscle contraction,
BIOMD0000000693,Wang2008 - Mimicking the inhibitory effect of riluzole on membrane conductance in skeletal fibres,other,GO:0042493:response to drug; GO:0022832:voltage-gated channel activity; GO:0001508:action potential; GO:0022832:voltage-gated channel activity; GO:0042493:response to drug; GO:0001508:action potential,
BIOMD0000000687,Wodarz2007 - Cytomegalovirus infection model with cytotoxic T lymphocyte response,other,GO:0009615:response to virus,
BIOMD0000000690,Thiaville2016 - Folate pathway model (PanB overexpression and THF regulation),metabolic,,
BIOMD0000000689,Thiaville2016 - Folate pathway model (PanB overexpression),metabolic,,
BIOMD0000000692,Phillips2003 - The Mechanism of Ras GTPase Activation by Neurofibromin,other,GO:1904475:regulation of Ras GTPase binding,
BIOMD0000000691,Wolf2000 - Cellular interaction on glycolytic oscillations in yeast,metabolic,GO:0006096:glycolytic process,
BIOMD0000000688,Wodarz2007 - Cytomegalovirus infection model with cytotoxic T lymphocyte and natural killer cell response,other,GO:0009615:response to virus,
BIOMD0000000697,Ciliberto2003 - CyclinE / Cdk2 timer in the cell cycle of Xenopus laevis embryo,cell_cycle,GO:0051726:regulation of cell cycle,
BIOMD0000000696,Boada2016 - Incoherent type 1 feed-forward loop (I1-FFL),other,,
BIOMD0000000698,Reed2004 - Methionine Cycle,other,GO:0033528:S-methylmethionine cycle,
BIOMD0000000699,Caydasi2012 - Regulation of Tem1 by the GAP complex in spindle position cell cycle checkpoint - Ubiquitous association model,cell_cycle,GO:0051726:regulation of cell cycle; GO:0031578:mitotic spindle orientation checkpoint; GO:0007052:mitotic spindle organization,
BIOMD0000000700,Heldt2018 - Proliferation-quiescence decision in response to DNA damage,cell_cycle,"GO:0051726:regulation of cell cycle; GO:0042769:DNA damage response, detection of DNA damage",
BIOMD0000000695,FelixGarza2017 - Blue Light Treatment of Psoriasis (simplified),other,GO:0009637:response to blue light,
BIOMD0000000701,Caydasi2012 - Inhibition of Tem1 by the GAP complex in Spindle Position Checkpoint,cell_cycle,GO:0051726:regulation of cell cycle; GO:0031578:mitotic spindle orientation checkpoint; GO:0007052:mitotic spindle organization,
BIOMD0000000704,Aguda1999 - G2 DNA damage checkpoint,other,GO:0031572:G2 DNA damage checkpoint,
BIOMD0000000707,Revilla2003 - Controlling HIV infection using recombinant viruses,other,,
BIOMD0000000712,Manchanda2014 - Effect on Immune System by 4 different Influenza A virus strains,immune,,
BIOMD0000000711,Hancioglu2007 - Human Immune Response to Influenza A virus Infection,immune,GO:0006955:immune response; GO:0002250:adaptive immune response; GO:0045087:innate immune response,
BIOMD0000000702,Caydasi2012 - Regulation of Tem1 by the GAP complex in Spindle Position Checkpoint - Ubiquitous inactive model,cell_cycle,GO:0051726:regulation of cell cycle; GO:0031578:mitotic spindle orientation checkpoint; GO:0007052:mitotic spindle organization,
BIOMD0000000703,Diedrichs2018 - A data-entrained computational model for testing the regulatory logic of the vertebrate unfolded protein response,other,GO:0006986:response to unfolded protein; GO:0005783:endoplasmic reticulum,
BIOMD0000000708,Liu2017 - Dynamics of Avian Influenza with Logistic Growth,other,,
BIOMD0000000710,Hernandez-Vargas2012 - Innate immune system dynamics to Influenza virus,immune,,
BIOMD0000000709,Liu2017 - Dynamics of Avian Influenza with Allee Growth Effect,other,,
BIOMD0000000713,Aston2018 - Dynamics of Hepatitis C Infection,other,,
BIOMD0000000714,Reynolds2006 - Reduced model of the acute inflammatory response,immune,GO:0006955:immune response; GO:0002526:acute inflammatory response,
BIOMD0000000716,Lee2018 - Avian human bilinear incidence (BI) model,other,,
BIOMD0000000715,Huo2017 - SEIS epidemic model with the impact of media,other,,
BIOMD0000000717,Lee2018 - Avian human half-saturated incidence (HSI) model,other,,
BIOMD0000000718,Li2008 - Caulobacter Cell Cycle,cell_cycle,,
BIOMD0000000719,Tsai2014 - Cell cycle duration control by oscillatory Dynamics  in Early Xenopus laevis Embryos,cell_cycle,GO:0051726:regulation of cell cycle,
BIOMD0000000720,Yan2012 - Rb-E2F pathway dynamics with miR449,cell_cycle,GO:0007049:cell cycle; GO:0007049:cell cycle,
BIOMD0000000721,Graham2013 - Role of osteocytes in targeted bone remodeling,other,GO:0046849:bone remodeling,
BIOMD0000000724,Theinmozhi2018 - Mechanism of PD1 inhibiting TCR signaling in Tumor immune regulation,signaling,,
BIOMD0000000723,Weis2014 - Data driven Mammalian Cell Cycle Model,cell_cycle,GO:0007049:cell cycle,
BIOMD0000000722,Bianchi2015 -Model for lymphangiogenesis in normal and diabetic wounds,other,GO:0001946:lymphangiogenesis; GO:0042060:wound healing,
BIOMD0000000725,Salcedo-Sora2016 - Microbial folate biosynthesis and utilisation,metabolic,,
BIOMD0000000728,Norel1990 - MPF and Cyclin Oscillations,cell_cycle,GO:0000278:mitotic cell cycle,
BIOMD0000000726,Ruan2017 - Transmission dynamics and control of rabies in China,other,,
BIOMD0000000731,Robertson-Tessi M 2012 A model of tumor Immune interaction,immune,,
BIOMD0000000729,Goldbeter1996 - Cyclin Cdc2 kinase Oscillations,cell_cycle,GO:0000278:mitotic cell cycle,
BIOMD0000000733,Moore_2004_Mathematical model for CML and T cell interaction,other,,
BIOMD0000000732,Kirschner1998_Immunotherapy_Tumour,other,GO:0002347:response to tumor cell,
BIOMD0000000734,Mouse Iron Distribution - Rich and Deficient iron diets (tracer),other,GO:0055072:iron ion homeostasis,
BIOMD0000000735,Mouse Iron Distribution - Adequate iron diet (tracer),other,GO:0055072:iron ion homeostasis,
BIOMD0000000736,Mouse Iron Distribution - Adequate iron diet (No Tracer),other,GO:0055072:iron ion homeostasis,
BIOMD0000000737,Mouse Iron Distribution - Deficient iron diet (No Tracer),other,GO:0055072:iron ion homeostasis,
BIOMD0000000739,Bravo2012 - Modelling blood coagulation factor Va inactivation by APC,other,GO:0007596:blood coagulation,
BIOMD0000000740,Panteleev2010 - Blood Coagulation: Full Model,other,GO:0007596:blood coagulation,
BIOMD0000000738,Mouse Iron Distribution - Rich iron diet (No Tracer),other,GO:0055072:iron ion homeostasis,
BIOMD0000000741,Eftimie2018 - Cancer and Immune biomarkers,immune,GO:0002418:immune response to tumor cell,
BIOMD0000000743,Gallaher2018 - Tumor–Immune dynamics in multiple myeloma,immune,GO:0002418:immune response to tumor cell,
BIOMD0000000742,Garcia2018basic - cancer and immune cell count basic model,immune,GO:0002418:immune response to tumor cell,
BIOMD0000000747,Nagashima2002 - Simulating blood coagulation inhibitory effects,other,GO:0007596:blood coagulation,
BIOMD0000000744,Hu2019 - Pancreatic cancer dynamics,other,GO:0002418:immune response to tumor cell,
BIOMD0000000745,Jarrett2018 - trastuzumab-induced immune response in murine HER2+ breast cancer model,immune,GO:0002418:immune response to tumor cell,
BIOMD0000000746,Saad2017 - immune checkpoint and BCG in superficial bladder cancer,immune,GO:0002418:immune response to tumor cell,
BIOMD0000000751,Wilkie2013b - immune-induced cancer dormancy and immune evasion-basic,immune,GO:0002418:immune response to tumor cell,
BIOMD0000000750,Lolas2016 - tumour-induced neoneurogenesis and perineural tumour growth,other,GO:0022008:neurogenesis,
BIOMD0000000752,Wilkie2013r - immune-induced cancer dormancy and immune evasion-resistance,immune,GO:0002418:immune response to tumor cell,
BIOMD0000000748,Phan2017 - innate immune in oncolytic virotherapy,immune,,
BIOMD0000000749,Reppas2015 - tumor control via alternating immunostimulating and immunosuppressive phases,other,GO:0002418:immune response to tumor cell,
BIOMD0000000753,Figueredo2013/1 - immunointeraction base model,other,GO:0002418:immune response to tumor cell,
BIOMD0000000754,Figueredo2013/2 - immunointeraction model with IL2,other,GO:0002418:immune response to tumor cell,
BIOMD0000000755,Hansen2019 - Nine species reduced model of blood coagulation,other,GO:0007596:blood coagulation,
BIOMD0000000757,Abernathy2016 - glioblastoma treatment,other,GO:0002418:immune response to tumor cell,
BIOMD0000000759,den Breems2015 - macrophage in cancer,other,GO:0002418:immune response to tumor cell,
BIOMD0000000756,Figueredo2013/3 - immunointeraction full model,other,GO:0002418:immune response to tumor cell,
BIOMD0000000758,Babbs2012 - immunotherapy,other,GO:0002418:immune response to tumor cell,
BIOMD0000000764,Malinzi2019 - chemovirotherapy,other,,
BIOMD0000000761,Cappuccio2006 - Cancer immunotherapy by interleukin-21,other,GO:0002420:natural killer cell mediated cytotoxicity directed against tumor cell target; GO:0002419:T cell mediated cytotoxicity directed against tumor cell target,
BIOMD0000000762,Kuznetsov1994 - Nonlinear dynamics of immunogenic tumors,other,GO:0002424:T cell mediated immune response to tumor cell,
BIOMD0000000760,Feizabadi2011/1 - immunodeficiency in cancer core model,other,GO:0002418:immune response to tumor cell,
BIOMD0000000763,Dritschel2018 - A mathematical model of cytotoxic and helper T cell interactions in a tumour microenvironment,other,GO:0002424:T cell mediated immune response to tumor cell,
BIOMD0000000766,Macnamara2015/1 - virotherapy full model,other,,
BIOMD0000000770,Eftimie2017/1 - interaction of Th and macrophage,other,GO:0002418:immune response to tumor cell; GO:0002418:immune response to tumor cell,
BIOMD0000000767,Macnamara2015/2 - virotherapy virus-free submodel,other,,
BIOMD0000000765,Mager2005 - Quasi-equilibrium pharmacokinetic model for drugs exhibiting target-mediated drug disposition,other,,
BIOMD0000000771,Bajzer2008 - Modeling of cancer virotherapy with recombinant measles viruses,other,,
BIOMD0000000768,Eftimie2010 - immunity to melanoma,other,GO:0002418:immune response to tumor cell,
BIOMD0000000769,Eftimie2017/2 - interaction of Th and macrophage in melanoma,other,GO:0002418:immune response to tumor cell,
BIOMD0000000776,Monro2008 - chemotherapy resistance,other,,
BIOMD0000000774,Wodarz2018/1 - simple model,other,GO:0002418:immune response to tumor cell,
BIOMD0000000778,"Wei2017 - tumor, T cell and cytokine interaction",immune,GO:0002418:immune response to tumor cell,
BIOMD0000000775,Iarosz2015 - brain tumor,other,GO:0002418:immune response to tumor cell,
BIOMD0000000780,Wang2016/1 - oncolytic efficacy of M1 virus-SNTM model,other,GO:0002418:immune response to tumor cell,
BIOMD0000000781,Wang2016/2 - oncolytic efficacy of M1 virus-SNT model,other,GO:0002418:immune response to tumor cell; GO:0002418:immune response to tumor cell,
BIOMD0000000777,Chakrabarty2010 - A control theory approach to cancer remission aided by an optimal therapy,other,,
BIOMD0000000782,Wang2016/3 - oncolytic efficacy of M1 virus-SN model,other,GO:0002418:immune response to tumor cell; GO:0002418:immune response to tumor cell,
BIOMD0000000772,Wang2019 - A mathematical model of oncolytic virotherapy with time delay,other,,
BIOMD0000000773,Wodarz2018/2 - model with transit amplifying cells,other,GO:0002418:immune response to tumor cell,
BIOMD0000000779,dePillis2009 - Mathematical model creation for cancer chemo-immunotherapy,other,,
BIOMD0000000783,Dong2014 - Mathematical modeling on helper t cells in a tumor immune system,immune,,
BIOMD0000000784,Lopez2014 - A Validated Mathematical Model of Tumor Growth Including Tumor-Host Interaction and Cell-Mediated Immune Response,immune,GO:0002286:T cell activation involved in immune response,
BIOMD0000000787,Frascoli2014 - A dynamical model of tumour immunotherapy,other,GO:0002347:response to tumor cell; GO:0001913:T cell mediated cytotoxicity; GO:0002419:T cell mediated cytotoxicity directed against tumor cell target,
BIOMD0000000785,Sotolongo-Costa2003 - Behavior of tumors under nonstationary therapy,other,GO:0002424:T cell mediated immune response to tumor cell,
BIOMD0000000786,Lipniacki2004 - Mathematical model of NFKB regulatory module,signaling,,
BIOMD0000000788,Schropp2019 - Target-Mediated Drug Disposition Model for Bispecific Antibodies,other,,
BIOMD0000000789,Jenner2018 - treatment of oncolytic virus,other,,
BIOMD0000000790,Alvarez2019 - A nonlinear mathematical model of cell-mediated immune response for tumor phenotypic heterogeneity,immune,GO:0002418:immune response to tumor cell,
BIOMD0000000794,Benary2019 - Controlling NFKB dynamics by B-TrCP,signaling,,
BIOMD0000000793,Chen2011/1 - bone marrow invasion absolute model,other,,
BIOMD0000000792,Hu2019 - Modeling Pancreatic Cancer Dynamics with Immunotherapy,other,GO:0002418:immune response to tumor cell,
BIOMD0000000791,Wilson2012 - tumor vaccine efficacy,other,GO:0002418:immune response to tumor cell,
BIOMD0000000795,Chen2011/2 - bone marrow invasion relative model,other,,
BIOMD0000000796,Yang2012 - cancer growth with angiogenesis,other,,
BIOMD0000000797,Hu2018 - Dynamics of tumor-CD4+-cytokine-host cells interactions with treatments,immune,GO:0002418:immune response to tumor cell,
BIOMD0000000799,Cucuianu2010 - A hypothetical-mathematical model of acute myeloid leukaemia pathogenesis,other,,
BIOMD0000000798,Sharp2019 - AML,other,,
BIOMD0000000801,Sturrock2015 - glioma growth,other,GO:0002418:immune response to tumor cell,
BIOMD0000000802,Hoffman2018- ADCC against cancer,other,GO:0001788:antibody-dependent cellular cytotoxicity,
BIOMD0000000800,Precup2012 - Mathematical modeling of cell dynamics after allogeneic bone marrow transplantation,other,,
BIOMD0000000803,Park2019 - IL7 receptor signaling in T cells,signaling,GO:0043029:T cell homeostasis,
BIOMD0000000805,Al-Husari2013 - pH and lactate in tumor,other,,
BIOMD0000000804,Koenders2015 - multiple myeloma,other,,
BIOMD0000000806,Eftimie2019-Macrophages Plasticity,other,GO:0002837:regulation of immune response to tumor cell,
BIOMD0000000807,Fassoni2019 - Oncogenesis encompassing mutations and genetic instability,other,,
BIOMD0000000808,Kronik2008 - Improving alloreactive CTL immunotherapy for malignant gliomas using a simulation model of their interactive dynamics,other,,
BIOMD0000000809,Malinzi2018 - tumour-immune interaction model,immune,GO:0002837:regulation of immune response to tumor cell; GO:0022611:dormancy process,
BIOMD0000000811,He2017 - A mathematical model of pancreatic cancer with two kinds of treatments,other,,
BIOMD0000000814,Perez-Garcia19 - Computational design of improved standardized chemotherapy protocols for grade 2 oligodendrogliomas,other,,
BIOMD0000000813,Anderson2015 - Qualitative behavior of systems of tumor-CD4+-cytokine interactions with treatments,immune,,
BIOMD0000000810,Ganguli2018-immuno regulatory mechanisms in tumor microenvironment,other,GO:0002837:regulation of immune response to tumor cell,
BIOMD0000000812,Galante2012 - B7-H1 and a Mathematical Model for Cytotoxic T Cell and Tumor Cell Interaction,apoptosis,GO:0012501:programmed cell death,
BIOMD0000000815,Chrobak2011 - A mathematical model of induced cancer-adaptive immune system competition,immune,GO:0002418:immune response to tumor cell; GO:0035212:cell competition in a multicellular organism,
BIOMD0000000816,Gevertz2018 - Cancer Treatment with Oncolytic Viruses and Dendritic Cell injections original model,other,,
BIOMD0000000817,Gevertz2018 - cancer treatment with oncolytic viruses and dendritic cell injections minimal model,other,,
BIOMD0000000818,Lee2008 - ERK and PI3K signal integration by Myc,signaling,GO:0031647:regulation of protein stability,
BIOMD0000000821,Yazdjer2019 - reinforcement learning-based control of tumor growth under anti-angiogenic therapy,other,GO:0001525:angiogenesis,
BIOMD0000000820,West2019 - Cellular interactions constrain tumor growth,other,,
BIOMD0000000819,Nazari2018 - IL6 mediated stem cell driven tumor growth and targeted treatment,other,,
BIOMD0000000823,Varusai2018 - Dynamic modelling of the mTOR signalling network reveals complex emergent behaviours conferred by DEPTOR,signaling,,
BIOMD0000000822,Dorvash2019 - Dynamic modeling of signal transduction by mTOR complexes in cancer,signaling,,
BIOMD0000000826,Shin_2018_EGFR-PYK2-c-Met interaction network_model,signaling,,
BIOMD0000000824,Lewkiewics2019 - effects of aging on naive T cell populations and diversity,other,,
BIOMD0000000825,Greene2019 - Differentiate Spontaneous and Induced Evolution to Drug Resistance During Cancer Treatment,other,,
BIOMD0000000827,Ito2019 - gefitnib resistance of lung adenocarcinoma caused by MET amplification,other,,
BIOMD0000000828,Jung2019 - Regulating glioblastoma signaling pathways and anti-invasion therapy - core control model,signaling,GO:0023052:signaling,
BIOMD0000000829,Jung2019 - egulating glioblastoma signaling pathways and anti-invasion therapy cell cycle dynamics model,signaling,GO:0023052:signaling,
BIOMD0000000830,GiantsosAdams2013 - Growth of glycocalyx under static conditions,other,,
BIOMD0000000831,Smith1980 - Hypothalamic Regulation,other,GO:0032274:gonadotropin secretion; GO:0032275:luteinizing hormone secretion; GO:0032275:luteinizing hormone secretion; GO:0032274:gonadotropin secretion,
BIOMD0000000832,Shin2016 - Unveiling Hidden Dynamics of Hippo Signalling,signaling,GO:0035329:hippo signaling,
BIOMD0000000836,Radosavljevic2009_BioterroristAttack_PanicProtection_1,other,GO:0042596:fear response,
BIOMD0000000837,Hanson2016 - Toxicity Management in CAR T cell therapy for B-ALL,other,,
BIOMD0000000841,Dhawan2019 - Endogenous miRNA sponges mediate the generation of oscillatory dynamics for a non-coding RNA network,circadian,,
BIOMD0000000838,Tsur2019 - Response of patients with melanoma to immune checkpoint blockade,immune,,
BIOMD0000000839,Almeida2019 - Transcription-based circadian mechanism controls the duration of molecular clock states in response to signaling inputs,circadian,GO:0007623:circadian rhythm,
BIOMD0000000840,Caldwell2019 - The Vicodin abuse problem,other,,
BIOMD0000000844,Viertel2019 - A Computational model of the mammalian external tufted cell,other,,
BIOMD0000000843,Dudziuk2019 - Biologically sound formal model of Hsp70 heat induction,other,,
BIOMD0000000845,Gulbudak2019.1 - Heterogeneous viral strategies promote coexistence in virus-microbe systems (Lytic),other,GO:0019089:transmission of virus,
BIOMD0000000846,Gulbudak2019.2 - Heterogeneous viral strategies promote coexistence in virus-microbe systems (Chronic),other,GO:0019089:transmission of virus,
BIOMD0000000848,FatehiChenar2018 - Mathematical model of immune response to hepatitis B,immune,GO:0006955:immune response,
BIOMD0000000847,Adams2019 - The regulatory role of shikimate in plant phenylalanine metabolism,metabolic,,
BIOMD0000000850,Jenner2019 - Oncolytic virotherapy for tumours following a Gompertz growth law,other,,
BIOMD0000000849,Potassium balance in lactating and non-lactating dairy cows,other,,
BIOMD0000000851,Ho2019 - Mathematical models of transmission dynamics and vaccine strategies in Hong Kong during the 2017-2018 winter influenza season (Simple),other,,
BIOMD0000000853,Smolen2018 - Paradoxical LTP maintenance with inhibition of protein synthesis and the proteasome,other,,
BIOMD0000000852,Andersen2017 - Mathematical modelling as a proof of concept for MPNs as a human inflammation model for cancer development,immune,,
BIOMD0000000854,Gray2016 - The Akt switch model,other,GO:0043491:protein kinase B signaling,
BIOMD0000000855,Cooper2015 - Modeling the effects of systemic mediators on the inflammatory phase of wound healing,immune,,
BIOMD0000000856,Budding yeast size control by titration of nuclear sites,other,,
BIOMD0000000857,Larbat2016.1 - Modeling the diversion of primary carbon flux into secondary metabolism under variable nitrate and light or dark conditions (Base Model),metabolic,GO:0005985:sucrose metabolic process; GO:0018958:phenol-containing compound metabolic process; GO:0005982:starch metabolic process,
BIOMD0000000858,Larbat2016.2 - Modeling the diversion of primary carbon flux into secondary metabolism under variable nitrate and light or dark conditions (Light Dark Cycles),metabolic,GO:0005985:sucrose metabolic process; GO:0018958:phenol-containing compound metabolic process; GO:0005982:starch metabolic process,
BIOMD0000000859,Larbat2016.3 - Modeling the diversion of primary carbon flux into secondary metabolism under variable nitrate and light or dark conditions (Light Dark Cycles with Minimum Starch Adaption),metabolic,GO:0005985:sucrose metabolic process; GO:0018958:phenol-containing compound metabolic process; GO:0005982:starch metabolic process,
BIOMD0000000860,Proctor2017- Role of microRNAs in osteoarthritis (Positive Feedforward Incoherent By MicroRNA)_1,other,,
BIOMD0000000861,Bachmann2011 - Division of labor by dual feedback regulators controls JAK2/STAT5 signaling over broad ligand range,signaling,GO:0038162:erythropoietin-mediated signaling pathway; GO:0097678:SOCS family protein binding,
BIOMD0000000862,Proctor2017- Role of microRNAs in osteoarthritis (Positive Feedback By Micro RNA),other,,
BIOMD0000000863,Kosinsky2018 - Radiation and PD-(L)1 treatment combinations,other,,
BIOMD0000000864,Proctor2017- Role of microRNAs in osteoarthritis (Negative Feedback By MicroRNA),other,,
BIOMD0000000866,"Simon2019 - NIK-dependent p100 processing into p52, Michaelis-Menten, SBML 2v4",other,,
BIOMD0000000865,Nikolaev2019 - Immunobiochemical reconstruction of influenza lung infection-melanoma skin cancer interactions,other,,
BIOMD0000000867,Coulibaly2019 - Interleukin-15 Signaling in HIF-1a Regulation in Natural Killer Cells,signaling,,
BIOMD0000000868,"Simon2019 - NIK-dependent p100 processing into p52, Mass Action, SBML 2v4",other,,
BIOMD0000000869,"Simon2019 - NIK-dependent p100 processing into p52 and IkBd degradation, Michaelis-Menten, SBML 2v4",other,,
BIOMD0000000871,"NIK-dependent p100 processing into p52 with RelB binding and IkBd degradation, mass action, SBML 2v4",other,,
BIOMD0000000870,"Simon2019 - NIK-dependent p100 processing into p52 and IkBd degradation, mass action, SBML 2v4",other,,
BIOMD0000000872,"Verma2016 - HIV and HPV co-infection, T-cell response",other,,
BIOMD0000000873,Soni2018 - IL6 induced M2 Phenotype in Leishmania major infected macrophage,other,,
BIOMD0000000874,Perelson1993 - HIVinfection_CD4Tcells_ModelA,other,GO:0046718:viral entry into host cell,
BIOMD0000000876,Aavani2019 - The role of CD4 T cells in immune system activation and viral reproduction in a simple model for HIV infection,immune,,
BIOMD0000000877,Ontah2019 - Dynamic analysis of a tumor treatment model using oncolytic virus and chemotherapy with saturated infection rate,other,,
BIOMD0000000875,Nelson2000- HIV-1 general model 1,other,GO:0042493:response to drug,
BIOMD0000000878,Lenbury2001_InsulinKineticsModel_A,other,GO:0042593:glucose homeostasis,
BIOMD0000000882,Munz2009 - Zombie SIZRC,other,GO:0016032:viral process,
BIOMD0000000880,Trisilowati2018 - Optimal control of tumor-immune system interaction with treatment,immune,GO:0006955:immune response,
BIOMD0000000881,Kogan2013 - A mathematical model for the immunotherapeutic control of the TH1 TH2 imbalance in melanoma,other,,
BIOMD0000000879,Rodrigues2019 - A mathematical model for chemoimmunotherapy of chronic lymphocytic leukemia,other,,
BIOMD0000000885,"Sumana2018 - Mathematical modeling of cancer-immune system, considering the role of antibodies.",immune,,
BIOMD0000000884,Cortes2019 - Optimality of the spontaneous prophage induction rate.,other,,
BIOMD0000000886,Dubey2008 - Modeling the interaction between avascular cancerous cells and acquired immune response,immune,GO:0006955:immune response,
BIOMD0000000887,Lim2014 - HTLV-I infection A dynamic struggle between viral persistence and host immunity,other,,
BIOMD0000000890,Bhattacharya2014 - A mathematical model of the sterol regulatory element binding protein 2 cholesterol biosynthesis pathway,other,,
BIOMD0000000888,"Unni2019 - Mathematical Modeling, Analysis, and Simulation of Tumor Dynamics with Drug Interventions",other,,
BIOMD0000000889,Fribourg2014 - Model of influenza A virus infection dynamics of viral antagonism and innate immune response.,immune,,
BIOMD0000000891,Khajanchi2019 - Stability Analysis of a Mathematical Model forGlioma-Immune Interaction under OptimalTherapy,immune,,
BIOMD0000000892,Sandip2013 - Modeling the dynamics of hepatitis C virus with combined antiviral drug therapy: interferon and ribavirin.,other,,
BIOMD0000000894,Bose2011 - Noise-assisted interactions of tumor and immune cells,immune,,
BIOMD0000000896,Szymanska2009 - Mathematical modeling of heat shock protein synthesis in response to temperature change,other,,
BIOMD0000000895,Schokker2013 - A mathematical model representing cellular immune development and response to Salmonella of chicken intestinal tissue,immune,,
BIOMD0000000893,GonzalezMiranda2013 - The effect of circadian oscillations on biochemical cell signaling by NF-κB,circadian,,
BIOMD0000000897,Khajanchi2015 - The combined effects of optimal control in cancer remission,other,,
BIOMD0000000898,Jiao2018 - Feedback regulation in a stem cell model with acute myeloid leukaemia,other,,
BIOMD0000000899,Ota2015 - Positive regulation of Rho GTPase activity by RhoGDIs as a result of their direct interaction with GAPs (GDI integrated),other,,
BIOMD0000000904,Admon2017 - Modelling tumor growth with immune response and drug using ordinary differential equations,immune,,
BIOMD0000000900,Bianca2013 - Persistence analysis in a Kolmogorov-type model for cancer-immune system competition,immune,GO:0006955:immune response,
BIOMD0000000902,Wang2019 - A mathematical model of oncolytic virotherapy with time delay,other,,
BIOMD0000000903,Solis-perez2019 - A fractional mathematical model of breast cancer competition model,other,,
BIOMD0000000901,ChowHall2008 Dynamics of Human Weight Change_ODE_1,other,,
BIOMD0000000906,Dubey2007 - A mathematical model for the effect of toxicant on the immune system (without toxicant effect) Model1,immune,,
BIOMD0000000905,Dubey2007 - A mathematical model for the effect of toxicant on the immune system (with toxicant effect) Model2,immune,,
BIOMD0000000909,dePillis2003 - The dynamics of an optimally controlled tumor model: A case study,other,,
BIOMD0000000908,dePillis2013 - Mathematical modeling of regulatory T cell effects on renal cell carcinoma treatment,other,,
BIOMD0000000910,Isaeva2008 - Modelling of Anti-Tumour Immune Response Immunocorrective Effect of Weak Centimetre Electromagnetic Waves,immune,,
BIOMD0000000912,Caravagna2010 - Tumour suppression by immune system,immune,,
BIOMD0000000911,Merola2008 - An insight into tumor dormancy equilibrium via the analysis of its domain of attraction,other,,
BIOMD0000000916,Kraan199_Kinetics of Cortisol Metabolism and Excretion.,metabolic,GO:0034650:cortisol metabolic process,
BIOMD0000000914,Parra_Guillen2013 -  Mathematical model approach to describe tumour response in mice after vaccine administration_model1,other,,
BIOMD0000000913,dePillis2008 - Optimal control of mixed immunotherapy and chemotherapy of tumors,other,,
BIOMD0000000917,Phillips2007_AscendingArousalSystem_SleepWakeDynamics,other,GO:0022410:circadian sleep/wake cycle process,
BIOMD0000000915,Sun2018 - Instantaneous mutation rate in cancer initiation and progression,other,,
BIOMD0000000919,Ledzewicz2013 - On optimal chemotherapy with a strongly targeted agent for a model of tumor immune system interactions with generalized logistic growth,immune,,
BIOMD0000000918,Schwarz2018-Cdk Activity Threshold Determines Passage through the Restriction Point,cell_cycle,,
BIOMD0000000921,Khajanchi2017 - Uniform Persistence and Global Stability for a Brain Tumor and Immune System Interaction,immune,,
BIOMD0000000922,Turner2015-Human/Mosquito ELP Model,other,,
BIOMD0000000920,"Jarrett2015 - Modelling the interaction between immune response, bacterial dynamics and inflammatory damage",immune,GO:0050727:regulation of inflammatory response,
BIOMD0000000923,Liò2012_Modelling osteomyelitis_Control Model,other,,
BIOMD0000000925,Dunster2016 - Nondimensional Coagulation Model,other,,
BIOMD0000000924,Smith2011 - Three Stage Innate Immune Response to a Pneumococcal Lung Infection,immune,GO:0006955:immune response,
BIOMD0000000929,Li2016 - Model for pancreatic cancer patients receiving immunotherapy,other,,
BIOMD0000000927,Grigolon2018-Responses to auxin signals,signaling,,
BIOMD0000000931,Voliotis2019-GnRH Pulse Generation,other,,
BIOMD0000000926,Rhodes2019 - Immune-Mediated theory of Metastasis,immune,GO:0006955:immune response,
BIOMD0000000930,Liu2017 - chemotherapy targeted model of tumor immune system,immune,GO:0002418:immune response to tumor cell,
BIOMD0000000933,Kosiuk2015-Geometric analysis of the Goldbeter minimal model for the embryonic cell cycle,cell_cycle,GO:0007049:cell cycle,
BIOMD0000000932,Garde2020-Minimal model describing metabolic oscillations in Bacillus subtilis biofilms,metabolic,GO:0006536:glutamate metabolic process; GO:0006536:glutamate metabolic process,
BIOMD0000000928,"Baker2017 - The role of cytokines, MMPs and fibronectin fragments osteoarthritis",immune,,
BIOMD0000000937,"Ferrel2011 - Autonomous biochemical oscillator in regulation of CDK1, Plk1, and APC in Xenopus Laevis cell cycle",cell_cycle,GO:0051726:regulation of cell cycle,
BIOMD0000000935,Ferrel2011 - Cdk1 and APC regulation in cell cycle in Xenopus laevis,cell_cycle,GO:0051726:regulation of cell cycle,
BIOMD0000000936,ferrel2011 - autonomous biochemical oscillator in cell cycle in Xenopus laevis v2,cell_cycle,GO:0051726:regulation of cell cycle,
BIOMD0000000934,Linke2017 - Synchronization of Cyclins' expression by the Fkh2 transcription factor in the budding yeast cell cycle,cell_cycle,GO:0051726:regulation of cell cycle,
BIOMD0000000940,Tang2019 - Pharmacology modelling of AURKB and ZAK interaction in TNBC,signaling,GO:0023052:signaling,
BIOMD0000000941,Gerard2010 - Progression of mammalian cell cycle by successive activation of various cyclin cdk complexes,cell_cycle,GO:0051726:regulation of cell cycle,
BIOMD0000000948,Landberg2009 - Alkylresorcinol Dose Response,other,,
BIOMD0000000947,Lee2017 - Paracetamol first-pass metabolism PK model,metabolic,,
BIOMD0000000949,Chitnis2008 - Mathematical model of malaria transmission,other,,
BIOMD0000000953,Queralt2006 - Initiation of mitotic exit by downregulation of PP2A in budding yeast,other,GO:0045839:negative regulation of mitotic nuclear division,
BIOMD0000000952,Rodenfels2019 - Heat Oscillations Driven by the Embryonic Cell Cycle Reveal the Energetic Costs of Signaling,cell_cycle,GO:0051726:regulation of cell cycle,
BIOMD0000000954,Pandey2018-reversible transition between quiescence and proliferation,cell_cycle,GO:0044838:cell quiescence; GO:0007049:cell cycle,
BIOMD0000000938,Gerard2013 - Model 3 - Embryonic-type eukaryotic Cell Cycle regulation based on negative feedback between Cdk/cyclin and APC and competitive inhibition between Cdk/cyclin and securin for polyubiquitylation_1,cell_cycle,GO:0051726:regulation of cell cycle,
BIOMD0000000942,Sible2007 - Mitotic cell cycle mecanism in Xenopus Laevis,cell_cycle,GO:0051726:regulation of cell cycle,
BIOMD0000000943,Hat2016 - Reponse of p53 System to irradiation in cell fate decision making,cell_cycle,GO:0007049:cell cycle,
BIOMD0000000955,Giordano2020 - SIDARTHE model of COVID-19 spread in Italy,other,,
BIOMD0000000960,Paiva2020 - SEIAHRD model of transmission dynamics of COVID-19,other,,
BIOMD0000000962,"Zhao2020 - SUQC model of COVID-19 transmission dynamics in Wuhan, Hubei, and China",other,,
BIOMD0000000945,Evans2004 - Cell based mathematical model of topotecan,other,,
BIOMD0000000944,Goldbeter2013-Oscillatory activity of cyclin-dependent kinases in the cell cycle,cell_cycle,GO:0007049:cell cycle,
BIOMD0000000946,Evans2005 - Compartmental model for antineoplastic drug topotecan in breast cancer cells,other,,
BIOMD0000000950,Chitnis2012 - Model Rift Valley Fever transmission between cattle and mosquitoes (Model 1),other,,
BIOMD0000000964,Mwalili2020 - SEIR model of COVID-19 transmission and environmental pathogen prevalence,other,,
BIOMD0000000965,LeBeau1999 - IP3-dependent intracellular calcium oscillations due to agonist stimulation from Cholecytokinin,circadian,,
BIOMD0000000966,Cui2008 - in vitro transcriptional response of zinc homeostasis system in Escherichia coli,gene_regulation,GO:0055069:zinc ion homeostasis,
BIOMD0000000951,Mitrophanov2015 - Simulating extended Hockin Blood Coagulation Model under varied pH,other,GO:0007596:blood coagulation,
BIOMD0000000967,McLean1991 - Behaviour of HIV in the presence of zidovudine,other,,
BIOMD0000000969,Cuadros2020 - SIHRD spatiotemporal model of COVID-19 transmission in Ohio,other,,
BIOMD0000000968,Palmer2008 - Negative Feedback in IL-7 mediated Jak-Stat signaling,signaling,GO:0050670:regulation of lymphocyte proliferation,
BIOMD0000000970,Hou2020 - SEIR model of COVID-19 transmission in Wuhan,other,,
BIOMD0000000971,Tang2020 - Estimation of transmission risk of COVID-19 and impact of public health interventions,other,,
BIOMD0000000972,Tang2020 - Estimation of transmission risk of COVID-19 and impact of public health interventions - update,other,,
BIOMD0000000957,Roda2020 - SIR model of COVID-19 spread in Wuhan,other,,
BIOMD0000000974,Carcione2020 - Deterministic SEIR simulation of a COVID-19 outbreak,other,,
BIOMD0000000956,Bertozzi2020 - SIR model of scenarios of COVID-19 spread in CA and NY,other,,
BIOMD0000000973,Dasgupta2020 - Reduced model of receptor clusturing and aggregation,signaling,GO:0007596:blood coagulation; GO:0070527:platelet aggregation,
BIOMD0000000975,Leloup2004 - Mammalian Circadian Rhythm models for 23.8 and 24.2 hours timeperiod,circadian,GO:0043153:entrainment of circadian clock by photoperiod; GO:0043153:entrainment of circadian clock by photoperiod,
BIOMD0000000976,Ghanbari2020 - forecasting the second wave of COVID-19 in Iran,other,,
BIOMD0000000977,Sarkar2020 - SAIR model of COVID-19 transmission with quarantine measures in India,other,,
BIOMD0000000979,Malkov2020 - SEIRS model of COVID-19 transmission with reinfection,other,,
BIOMD0000000980,Malkov2020 - SEIRS model of COVID-19 transmission with time-varying R values and reinfection,other,,
BIOMD0000000982,Law2020 - SIR model of COVID-19 transmission in Malyasia with time-varying parameters,other,,
BIOMD0000000978,Mukandavire2020 - SEIR model of early COVID-19 transmission in South Africa,other,,
BIOMD0000000981,Wan2020 - risk estimation and prediction of the transmission of COVID-19 in maninland China excluding Hubei province,other,,
BIOMD0000000983,Zongo2020 - model of COVID-19 transmission dynamics under containment measures in France,other,,
BIOMD0000000939,Iwamoto2010 - Cell cycle reponse to DNA damage,cell_cycle,"GO:0042769:DNA damage response, detection of DNA damage",
BIOMD0000000984,Fang2020 - SEIR model of COVID-19 transmission considering government interventions in Wuhan,other,,
BIOMD0000000961,McDougal2017 - Metabolism in ischemic cardiomyocytes,metabolic,,
BIOMD0000000958,Ndairou2020 - early-stage transmission dynamics of COVID-19 in Wuhan,other,,
BIOMD0000000989,Strasen2018 - TGFb SMAD Signalling - Dose dependent dynamics upon TGFb stimulation,signaling,GO:0007179:transforming growth factor beta receptor signaling pathway; GO:0038105:sequestering of TGFbeta from receptor via TGFbeta binding,
BIOMD0000000994,Strasen2018 - TGFb SMAD Signalling - Restimulation with 5pM TGFb at 3hr,signaling,GO:0007179:transforming growth factor beta receptor signaling pathway; GO:0038105:sequestering of TGFbeta from receptor via TGFbeta binding,
BIOMD0000000987,Aubry1995 - Nine-compartment model of fluid-phase endocytosis kinetics in Dictyostelium discoideum,other,GO:0006897:endocytosis,
BIOMD0000000986,Aubry1995 - Multi-compartment model of fluid-phase endocytosis kinetics in Dictyostelium discoideum,other,GO:0006897:endocytosis,
BIOMD0000000990,Strasen2018 - TGFb SMAD Signalling - Degradation of 25pM ligand (TGFb),signaling,GO:0007179:transforming growth factor beta receptor signaling pathway; GO:0038105:sequestering of TGFbeta from receptor via TGFbeta binding,
BIOMD0000000988,Westerhoff2020 - systems biology model of the coronavirus pandemic 2020,other,,
BIOMD0000000991,"Okuonghae2020 - SEAIR model of COVID-19 transmission in Lagos, Nigeria",other,,
BIOMD0000000996,Strasen2018 - TGFb SMAD Signalling - Restimulation with 100pM TGFb at 6hr,signaling,GO:0007179:transforming growth factor beta receptor signaling pathway; GO:0038105:sequestering of TGFbeta from receptor via TGFbeta binding,
BIOMD0000000959,Kok2020 - IFNalpha-induced signaling in Huh7.5 cells,signaling,GO:0060338:regulation of type I interferon-mediated signaling pathway,
BIOMD0000000995,Strasen2018 - TGFb SMAD Signalling - Restimulation with 5pM TGFb at 8hr,signaling,GO:0007179:transforming growth factor beta receptor signaling pathway; GO:0038105:sequestering of TGFbeta from receptor via TGFbeta binding,
BIOMD0000000997,Strasen2018 - TGFb SMAD Signalling - DRB treatment,signaling,GO:0007179:transforming growth factor beta receptor signaling pathway; GO:0038105:sequestering of TGFbeta from receptor via TGFbeta binding,
BIOMD0000000985,Gex-Fabry1984 - model of receptor-mediated endocytosis of EGF in BALB/c 3T3 cells,signaling,GO:0006898:receptor-mediated endocytosis,
BIOMD0000000998,Strasen2018 - TGFb SMAD Signalling Class 1,signaling,GO:0007179:transforming growth factor beta receptor signaling pathway; GO:0038105:sequestering of TGFbeta from receptor via TGFbeta binding,
BIOMD0000001001,Strasen2018 - TGFb SMAD Signalling Class 4,signaling,GO:0007179:transforming growth factor beta receptor signaling pathway; GO:0038105:sequestering of TGFbeta from receptor via TGFbeta binding,
BIOMD0000001002,Strasen2018 - TGFb SMAD Signalling Class 5,signaling,GO:0007179:transforming growth factor beta receptor signaling pathway; GO:0038105:sequestering of TGFbeta from receptor via TGFbeta binding,
BIOMD0000001003,Strasen2018 - TGFb SMAD Signalling Class 6,signaling,GO:0007179:transforming growth factor beta receptor signaling pathway; GO:0038105:sequestering of TGFbeta from receptor via TGFbeta binding,
BIOMD0000001004,Intosalmi2015 - Th17 core network model,immune,GO:0002250:adaptive immune response; GO:0019221:cytokine-mediated signaling pathway; GO:0072539:T-helper 17 cell differentiation,
BIOMD0000001008,Scaramellini1997 - Two-receptor:One-transducer (2R1T) model for analysis of interactions between agonists,signaling,,
BIOMD0000001007,Zhang2007 - Mechanism of DNA damage response (Model1),other,,
BIOMD0000001006,Ciliberto2005 - Steady states and oscillations in the p53/Mdm2 network,circadian,"GO:0042769:DNA damage response, detection of DNA damage",
BIOMD0000001009,Zhang2007 - Mechanism of DNA damage response (Model2),other,,
BIOMD0000001010,Zhang2007 - Mechanism of DNA damage response (Model3),other,,
BIOMD0000001011,Leon-Triana2020 - CAR T-cell therapy in B-cell acute lymphoblastic leukaemia,immune,GO:0002376:immune system process,
BIOMD0000001012,Leon-Triana2020 - CAR T-cell therapy in B-cell acute lymphoblastic leukaemia with contribution from immature B cells,immune,GO:0002376:immune system process,
BIOMD0000001013,Leon-Triana2021 - Competition between tumour cells and single-target CAR T-cells,other,GO:0002837:regulation of immune response to tumor cell,
BIOMD0000001014,Leon-Triana2021 - Competition between tumour cells and dual-target CAR T-cells,other,GO:0002837:regulation of immune response to tumor cell,
BIOMD0000001016,Bakshi2020 - Truncated minimal model of alternative pathway of complement system,immune,"GO:0045087:innate immune response; GO:0030451:regulation of complement activation, alternative pathway",
BIOMD0000001015,Jarrah2014 - mathematical model of the immune response in muscle degeneration and subsequent regeneration in Duchenne muscular dystrophy in mdx mice,immune,,
BIOMD0000001018,Bakshi2020 - Properdin model of alternative pathway of complement system,immune,"GO:0045087:innate immune response; GO:0030451:regulation of complement activation, alternative pathway",
BIOMD0000001017,Bakshi2020 - Minimal model of alternative pathway of complement system,immune,"GO:0045087:innate immune response; GO:0030451:regulation of complement activation, alternative pathway",
BIOMD0000001019,"Barros2021 - CARTmath, Mathematical Model of CAR-T Immunotherapy in HDLM-2 cell line",other,,
BIOMD0000001020,"Barros2021 - CARTmath, Mathematical Model of CAR-T Immunotherapy in Raji Cell Line",other,,
BIOMD0000001022,Creemers2021 - Tumor-immune dynamics and implications on immunotherapy responses,immune,GO:0002837:regulation of immune response to tumor cell,
BIOMD0000001021,Lavigne2021 - Non-spatial model of viral infection dynamics and interferon response of well-mixed viral infection,other,GO:0140374:antiviral innate immune response; GO:0071345:cellular response to cytokine stimulus; GO:0019221:cytokine-mediated signaling pathway; GO:0035425:autocrine signaling; GO:0038001:paracrine signaling,
BIOMD0000001023,Alharbi2020 - An ODE-based model of the dynamics of tumor cell progression and its effects on normal cell growth and immune system functionality,immune,GO:0002418:immune response to tumor cell; GO:0002376:immune system process,
BIOMD0000001024,Chaudhury2020 - Lotka-Volterra mathematical model of CAR-T cell and tumour kinetics,other,GO:0002837:regulation of immune response to tumor cell,
BIOMD0000001025,Chaudhury2020 - EC50 expansion and killing mathematical model of CAR-T cell and tumour kinetics,other,GO:0002837:regulation of immune response to tumor cell,
BIOMD0000001026,Kurlovics2021 - Metformin partitioning between plasma and RBC with independent Kin and Kout coefficients,other,GO:0015893:drug transport; GO:0015893:drug transport,
BIOMD0000001027,Zake2021 - PBPK model of metformin in mice: single dose peroral,other,,
BIOMD0000001028,"Zake2021 - PBPK model of metformin in humans, single PO dose",other,,
BIOMD0000001029,"Zake2021 - PBPK model of metformin in humans, eight PO administrations with 12h interval",other,,
BIOMD0000001030,Sontag2017 - Dynamic model of immune responses to antigen presentation by tumor or pathogen,immune,GO:0002507:tolerance induction; GO:0019882:antigen processing and presentation; GO:0006955:immune response,
BIOMD0000001031,Al-Tuwairqi2020 - Dynamics of cancer virotherapy - Phase I treatment,other,GO:0002837:regulation of immune response to tumor cell,
BIOMD0000001032,Al-Tuwairqi2020 - Dynamics of cancer radiovirotherapy - Phase II treatment,other,GO:0002837:regulation of immune response to tumor cell,
BIOMD0000001034,Bunimovich-Mendrazitsky2007 - Mathematical model of BCG immunotherapy,other,GO:0002837:regulation of immune response to tumor cell,
BIOMD0000001033,Almuallem2020 - Virus-macrophage-tumour interactions in oncolytic viral therapies,other,GO:0002837:regulation of immune response to tumor cell; GO:0046730:immune response,
BIOMD0000001035,Al-Tuwairqi2020 - Dynamics of cancer virotherapy with immune response,immune,GO:0002837:regulation of immune response to tumor cell; GO:0046730:immune response,
BIOMD0000001037,Alharbi2019 - Tumor-normal model (TNM) of the development of tumor cells and their impact on normal cell dynamics,other,GO:0002347:response to tumor cell,
BIOMD0000001036,Cappuccio2007 - Tumor-immune system interactions and determination of the optimal therapeutic protocol in immunotherapy,immune,GO:0002837:regulation of immune response to tumor cell,
BIOMD0000001038,Alharbi2019 - Tumor-normal-vitamins model (TNVM) of the effects of vitamins on delaying the growth of tumor cells,other,GO:0002347:response to tumor cell,
BIOMD0000001039,Zake2021 - PBPK model of metformin in mice: single dose intavenous,other,,
BIOMD0000001041,Kimmel2021 - T cell competition and stochastic extinction events in CAR T cell therapy,other,GO:0002837:regulation of immune response to tumor cell,
BIOMD0000001040,"Kurlovics2021 - Metformin partitioning from plasma to RBC,  single coefficient",other,GO:0015893:drug transport; GO:0015893:drug transport,
BIOMD0000001042,Makhlouf2020 - No treatment model of the role of CD4 T cells in tumor-immune interactions,immune,GO:0002418:immune response to tumor cell,
BIOMD0000001043,Wodarz2001 - Viruses as antitumor weapons,other,GO:0002837:regulation of immune response to tumor cell; GO:0046730:immune response,
BIOMD0000001044,Csikasz-Nagy2006 - Mammalian Cell Cycle model,cell_cycle,GO:0007049:cell cycle,
BIOMD0000001047,Collier1996 - Delta Notch intercellular signalling and lateral inhibition,signaling,GO:0007219:Notch signaling pathway; GO:0046331:lateral inhibition; GO:0009888:tissue development,
BIOMD0000001045,Smith&Moore2004 - The SIR model for the spread of HongKong Flu,other,,
BIOMD0000001048,Siddhartha2002 - Kinetic modelling of cancer therapies,other,,
BIOMD0000001052,Alharbi2020 - Tumor and immune system competition,immune,GO:0002837:regulation of immune response to tumor cell; GO:0002418:immune response to tumor cell,
BIOMD0000001053,Garde2020 - metabolic oscillations in Bacillus subtilis biofilms,metabolic,GO:0019222:regulation of metabolic process; GO:0008152:metabolic process,
BIOMD0000001054,Pearce2021 - Fibrin Polymerization,other,GO:0042060:wound healing; GO:0051258:protein polymerization,
BIOMD0000001055,Jeon2018 - Enzyme clustering in Glucose metabolism,metabolic,GO:0006006:glucose metabolic process,
BIOMD0000001056,Chulian2021 - feedback signalling in B lymphopoeisis,immune,GO:0006955:immune response; GO:0030097:hemopoiesis,
BIOMD0000001057,Nikolov2020 - p53-miR34 model,other,GO:0072331:signal transduction by p53 class mediator; GO:0090398:cellular senescence; GO:0006281:DNA repair,
BIOMD0000000999,Strasen2018 - TGFb SMAD Signalling Class 2,signaling,GO:0007179:transforming growth factor beta receptor signaling pathway; GO:0038105:sequestering of TGFbeta from receptor via TGFbeta binding,
BIOMD0000001000,Strasen2018 - TGFb SMAD Signalling Class 3,signaling,GO:0007179:transforming growth factor beta receptor signaling pathway; GO:0038105:sequestering of TGFbeta from receptor via TGFbeta binding,
BIOMD0000000963,Weitz2020 - SIR model of COVID-19 transmission with shielding,other,,
