name,collection,species,reactions,rel_path
BIOMD0000000133,BIOMD0000000133,0,0,data\biomodels\BIOMD0000000133\BIOMD0000000133.txt
BIOMD0000000370,BioMD_cell_cycle,0,0,data\biomodels\BioMD_cell_cycle\BIOMD0000000370.txt
BIOMD0000000508,BioMD_cell_cycle,0,0,data\biomodels\BioMD_cell_cycle\BIOMD0000000508.txt
BIOMD0000000509,BioMD_cell_cycle,0,0,data\biomodels\BioMD_cell_cycle\BIOMD0000000509.txt
BIOMD0000000641,BioMD_cell_cycle,0,0,data\biomodels\BioMD_cell_cycle\BIOMD0000000641.txt
BIOMD0000000675,BioMD_cell_cycle,0,0,data\biomodels\BioMD_cell_cycle\BIOMD0000000675.txt
BIOMD0000000135,BioMD_circadian,0,0,data\biomodels\BioMD_circadian\BIOMD0000000135.txt
BIOMD0000000298,BioMD_circadian,0,0,data\biomodels\BioMD_circadian\BIOMD0000000298.txt
BIOMD0000000299,BioMD_circadian,0,0,data\biomodels\BioMD_circadian\BIOMD0000000299.txt
BIOMD0000000377,BioMD_circadian,0,0,data\biomodels\BioMD_circadian\BIOMD0000000377.txt
BIOMD0000000382,BioMD_circadian,0,0,data\biomodels\BioMD_circadian\BIOMD0000000382.txt
BIOMD0000000548,BioMD_gene_regulation,0,0,data\biomodels\BioMD_gene_regulation\BIOMD0000000548.txt
BIOMD0000000592,BioMD_gene_regulation,0,0,data\biomodels\BioMD_gene_regulation\BIOMD0000000592.txt
BIOMD0000000549,BioMD_immune,0,0,data\biomodels\BioMD_immune\BIOMD0000000549.txt
BIOMD0000000550,BioMD_immune,0,0,data\biomodels\BioMD_immune\BIOMD0000000550.txt
BIOMD0000000684,BioMD_immune,0,0,data\biomodels\BioMD_immune\BIOMD0000000684.txt
BIOMD0000000685,BioMD_immune,0,0,data\biomodels\BioMD_immune\BIOMD0000000685.txt
BIOMD0000000254,BioMD_metabolic,0,0,data\biomodels\BioMD_metabolic\BIOMD0000000254.txt
BIOMD0000000373,BioMD_metabolic,0,0,data\biomodels\BioMD_metabolic\BIOMD0000000373.txt
BIOMD0000000376,BioMD_metabolic,0,0,data\biomodels\BioMD_metabolic\BIOMD0000000376.txt
BIOMD0000000554,BioMD_metabolic,0,0,data\biomodels\BioMD_metabolic\BIOMD0000000554.txt
BIOMD0000000947,BioMD_metabolic,0,0,data\biomodels\BioMD_metabolic\BIOMD0000000947.txt
BIOMD0000000127,BioMD_other,0,0,data\biomodels\BioMD_other\BIOMD0000000127.txt
BIOMD0000000129,BioMD_other,0,0,data\biomodels\BioMD_other\BIOMD0000000129.txt
BIOMD0000000130,BioMD_other,0,0,data\biomodels\BioMD_other\BIOMD0000000130.txt
BIOMD0000000131,BioMD_other,0,0,data\biomodels\BioMD_other\BIOMD0000000131.txt
BIOMD0000000132,BioMD_other,0,0,data\biomodels\BioMD_other\BIOMD0000000132.txt
BIOMD0000000134,BioMD_other,0,0,data\biomodels\BioMD_other\BIOMD0000000134.txt
BIOMD0000000136,BioMD_other,0,0,data\biomodels\BioMD_other\BIOMD0000000136.txt
BIOMD0000000141,BioMD_other,0,0,data\biomodels\BioMD_other\BIOMD0000000141.txt
BIOMD0000000142,BioMD_other,0,0,data\biomodels\BioMD_other\BIOMD0000000142.txt
BIOMD0000000234,BioMD_other,0,0,data\biomodels\BioMD_other\BIOMD0000000234.txt
BIOMD0000000238,BioMD_other,0,0,data\biomodels\BioMD_other\BIOMD0000000238.txt
BIOMD0000000241,BioMD_other,0,0,data\biomodels\BioMD_other\BIOMD0000000241.txt
BIOMD0000000252,BioMD_other,0,0,data\biomodels\BioMD_other\BIOMD0000000252.txt
BIOMD0000000266,BioMD_other,0,0,data\biomodels\BioMD_other\BIOMD0000000266.txt
BIOMD0000000274,BioMD_other,0,0,data\biomodels\BioMD_other\BIOMD0000000274.txt
BIOMD0000000276,BioMD_other,0,0,data\biomodels\BioMD_other\BIOMD0000000276.txt
BIOMD0000000277,BioMD_other,0,0,data\biomodels\BioMD_other\BIOMD0000000277.txt
BIOMD0000000278,BioMD_other,0,0,data\biomodels\BioMD_other\BIOMD0000000278.txt
BIOMD0000000279,BioMD_other,0,0,data\biomodels\BioMD_other\BIOMD0000000279.txt
BIOMD0000000280,BioMD_other,0,0,data\biomodels\BioMD_other\BIOMD0000000280.txt
BIOMD0000000291,BioMD_other,0,0,data\biomodels\BioMD_other\BIOMD0000000291.txt
BIOMD0000000302,BioMD_other,0,0,data\biomodels\BioMD_other\BIOMD0000000302.txt
BIOMD0000000304,BioMD_other,0,0,data\biomodels\BioMD_other\BIOMD0000000304.txt
BIOMD0000000341,BioMD_other,0,0,data\biomodels\BioMD_other\BIOMD0000000341.txt
BIOMD0000000345,BioMD_other,0,0,data\biomodels\BioMD_other\BIOMD0000000345.txt
BIOMD0000000348,BioMD_other,0,0,data\biomodels\BioMD_other\BIOMD0000000348.txt
BIOMD0000000349,BioMD_other,0,0,data\biomodels\BioMD_other\BIOMD0000000349.txt
BIOMD0000000367,BioMD_other,0,0,data\biomodels\BioMD_other\BIOMD0000000367.txt
BIOMD0000000368,BioMD_other,0,0,data\biomodels\BioMD_other\BIOMD0000000368.txt
BIOMD0000000369,BioMD_other,0,0,data\biomodels\BioMD_other\BIOMD0000000369.txt
BIOMD0000000371,BioMD_other,0,0,data\biomodels\BioMD_other\BIOMD0000000371.txt
BIOMD0000000372,BioMD_other,0,0,data\biomodels\BioMD_other\BIOMD0000000372.txt
BIOMD0000000374,BioMD_other,0,0,data\biomodels\BioMD_other\BIOMD0000000374.txt
BIOMD0000000375,BioMD_other,0,0,data\biomodels\BioMD_other\BIOMD0000000375.txt
BIOMD0000000379,BioMD_other,0,0,data\biomodels\BioMD_other\BIOMD0000000379.txt
BIOMD0000000381,BioMD_other,0,0,data\biomodels\BioMD_other\BIOMD0000000381.txt
BIOMD0000000401,BioMD_other,0,0,data\biomodels\BioMD_other\BIOMD0000000401.txt
BIOMD0000000402,BioMD_other,0,0,data\biomodels\BioMD_other\BIOMD0000000402.txt
BIOMD0000000403,BioMD_other,0,0,data\biomodels\BioMD_other\BIOMD0000000403.txt
BIOMD0000000521,BioMD_other,0,0,data\biomodels\BioMD_other\BIOMD0000000521.txt
BIOMD0000000522,BioMD_other,0,0,data\biomodels\BioMD_other\BIOMD0000000522.txt
BIOMD0000000527,BioMD_other,0,0,data\biomodels\BioMD_other\BIOMD0000000527.txt
BIOMD0000000531,BioMD_other,0,0,data\biomodels\BioMD_other\BIOMD0000000531.txt
BIOMD0000000532,BioMD_other,0,0,data\biomodels\BioMD_other\BIOMD0000000532.txt
BIOMD0000000533,BioMD_other,0,0,data\biomodels\BioMD_other\BIOMD0000000533.txt
BIOMD0000000538,BioMD_other,0,0,data\biomodels\BioMD_other\BIOMD0000000538.txt
BIOMD0000000551,BioMD_other,0,0,data\biomodels\BioMD_other\BIOMD0000000551.txt
BIOMD0000000555,BioMD_other,0,0,data\biomodels\BioMD_other\BIOMD0000000555.txt
BIOMD0000000561,BioMD_other,0,0,data\biomodels\BioMD_other\BIOMD0000000561.txt
BIOMD0000000589,BioMD_other,0,0,data\biomodels\BioMD_other\BIOMD0000000589.txt
BIOMD0000000618,BioMD_other,0,0,data\biomodels\BioMD_other\BIOMD0000000618.txt
BIOMD0000000642,BioMD_other,0,0,data\biomodels\BioMD_other\BIOMD0000000642.txt
BIOMD0000000643,BioMD_other,0,0,data\biomodels\BioMD_other\BIOMD0000000643.txt
BIOMD0000000644,BioMD_other,0,0,data\biomodels\BioMD_other\BIOMD0000000644.txt
BIOMD0000000645,BioMD_other,0,0,data\biomodels\BioMD_other\BIOMD0000000645.txt
BIOMD0000000650,BioMD_other,0,0,data\biomodels\BioMD_other\BIOMD0000000650.txt
BIOMD0000000669,BioMD_other,0,0,data\biomodels\BioMD_other\BIOMD0000000669.txt
BIOMD0000000670,BioMD_other,0,0,data\biomodels\BioMD_other\BIOMD0000000670.txt
BIOMD0000000671,BioMD_other,0,0,data\biomodels\BioMD_other\BIOMD0000000671.txt
BIOMD0000000672,BioMD_other,0,0,data\biomodels\BioMD_other\BIOMD0000000672.txt
BIOMD0000000673,BioMD_other,0,0,data\biomodels\BioMD_other\BIOMD0000000673.txt
BIOMD0000000677,BioMD_other,0,0,data\biomodels\BioMD_other\BIOMD0000000677.txt
BIOMD0000000680,BioMD_other,0,0,data\biomodels\BioMD_other\BIOMD0000000680.txt
BIOMD0000000681,BioMD_other,0,0,data\biomodels\BioMD_other\BIOMD0000000681.txt
BIOMD0000000682,BioMD_other,0,0,data\biomodels\BioMD_other\BIOMD0000000682.txt
BIOMD0000000686,BioMD_other,0,0,data\biomodels\BioMD_other\BIOMD0000000686.txt
BIOMD0000000693,BioMD_other,0,0,data\biomodels\BioMD_other\BIOMD0000000693.txt
BIOMD0000000740,BioMD_other,0,0,data\biomodels\BioMD_other\BIOMD0000000740.txt
BIOMD0000000836,BioMD_other,0,0,data\biomodels\BioMD_other\BIOMD0000000836.txt
BIOMD0000000901,BioMD_other,0,0,data\biomodels\BioMD_other\BIOMD0000000901.txt
BIOMD0000000945,BioMD_other,0,0,data\biomodels\BioMD_other\BIOMD0000000945.txt
BIOMD0000000946,BioMD_other,0,0,data\biomodels\BioMD_other\BIOMD0000000946.txt
BIOMD0000000950,BioMD_other,0,0,data\biomodels\BioMD_other\BIOMD0000000950.txt
BIOMD0000000020,BioMD_signaling,0,0,data\biomodels\BioMD_signaling\BIOMD0000000020.txt
BIOMD0000000118,BioMD_signaling,0,0,data\biomodels\BioMD_signaling\BIOMD0000000118.txt
BIOMD0000000324,BioMD_signaling,0,0,data\biomodels\BioMD_signaling\BIOMD0000000324.txt
BIOMD0000000330,BioMD_signaling,0,0,data\biomodels\BioMD_signaling\BIOMD0000000330.txt
BIOMD0000000331,BioMD_signaling,0,0,data\biomodels\BioMD_signaling\BIOMD0000000331.txt
BIOMD0000000343,BioMD_signaling,0,0,data\biomodels\BioMD_signaling\BIOMD0000000343.txt
BIOMD0000000346,BioMD_signaling,0,0,data\biomodels\BioMD_signaling\BIOMD0000000346.txt
BIOMD0000000378,BioMD_signaling,0,0,data\biomodels\BioMD_signaling\BIOMD0000000378.txt
BIOMD0000000400,BioMD_signaling,0,0,data\biomodels\BioMD_signaling\BIOMD0000000400.txt
BIOMD0000000499,BioMD_signaling,0,0,data\biomodels\BioMD_signaling\BIOMD0000000499.txt
BIOMD0000000562,BioMD_signaling,0,0,data\biomodels\BioMD_signaling\BIOMD0000000562.txt
BIOMD0000000585,BioMD_signaling,0,0,data\biomodels\BioMD_signaling\BIOMD0000000585.txt
BIOMD0000000593,BioMD_signaling,0,0,data\biomodels\BioMD_signaling\BIOMD0000000593.txt
BIOMD0000000659,BioMD_signaling,0,0,data\biomodels\BioMD_signaling\BIOMD0000000659.txt
BIOMD0000001008,BioMD_signaling,0,0,data\biomodels\BioMD_signaling\BIOMD0000001008.txt
BIOMD0000000020,BIOMD0000000020,0,0,data\biomodels\biomodels_all\BIOMD0000000020\BIOMD0000000020.txt
BIOMD0000000343,BIOMD0000000343,0,0,data\biomodels\biomodels_all\BIOMD0000000343\BIOMD0000000343.txt
BIOMD0000000020,biomodels_all_txt,0,0,data\biomodels\biomodels_all_txt\BIOMD0000000020.txt
BIOMD0000000118,biomodels_all_txt,0,0,data\biomodels\biomodels_all_txt\BIOMD0000000118.txt
BIOMD0000000127,biomodels_all_txt,0,0,data\biomodels\biomodels_all_txt\BIOMD0000000127.txt
BIOMD0000000129,biomodels_all_txt,0,0,data\biomodels\biomodels_all_txt\BIOMD0000000129.txt
BIOMD0000000130,biomodels_all_txt,0,0,data\biomodels\biomodels_all_txt\BIOMD0000000130.txt
BIOMD0000000131,biomodels_all_txt,0,0,data\biomodels\biomodels_all_txt\BIOMD0000000131.txt
BIOMD0000000132,biomodels_all_txt,0,0,data\biomodels\biomodels_all_txt\BIOMD0000000132.txt
BIOMD0000000134,biomodels_all_txt,0,0,data\biomodels\biomodels_all_txt\BIOMD0000000134.txt
BIOMD0000000135,biomodels_all_txt,0,0,data\biomodels\biomodels_all_txt\BIOMD0000000135.txt
BIOMD0000000136,biomodels_all_txt,0,0,data\biomodels\biomodels_all_txt\BIOMD0000000136.txt
BIOMD0000000141,biomodels_all_txt,0,0,data\biomodels\biomodels_all_txt\BIOMD0000000141.txt
BIOMD0000000142,biomodels_all_txt,0,0,data\biomodels\biomodels_all_txt\BIOMD0000000142.txt
BIOMD0000000234,biomodels_all_txt,0,0,data\biomodels\biomodels_all_txt\BIOMD0000000234.txt
BIOMD0000000238,biomodels_all_txt,0,0,data\biomodels\biomodels_all_txt\BIOMD0000000238.txt
BIOMD0000000241,biomodels_all_txt,0,0,data\biomodels\biomodels_all_txt\BIOMD0000000241.txt
BIOMD0000000252,biomodels_all_txt,0,0,data\biomodels\biomodels_all_txt\BIOMD0000000252.txt
BIOMD0000000254,biomodels_all_txt,0,0,data\biomodels\biomodels_all_txt\BIOMD0000000254.txt
BIOMD0000000266,biomodels_all_txt,0,0,data\biomodels\biomodels_all_txt\BIOMD0000000266.txt
BIOMD0000000274,biomodels_all_txt,0,0,data\biomodels\biomodels_all_txt\BIOMD0000000274.txt
BIOMD0000000276,biomodels_all_txt,0,0,data\biomodels\biomodels_all_txt\BIOMD0000000276.txt
BIOMD0000000277,biomodels_all_txt,0,0,data\biomodels\biomodels_all_txt\BIOMD0000000277.txt
BIOMD0000000278,biomodels_all_txt,0,0,data\biomodels\biomodels_all_txt\BIOMD0000000278.txt
BIOMD0000000279,biomodels_all_txt,0,0,data\biomodels\biomodels_all_txt\BIOMD0000000279.txt
BIOMD0000000280,biomodels_all_txt,0,0,data\biomodels\biomodels_all_txt\BIOMD0000000280.txt
BIOMD0000000291,biomodels_all_txt,0,0,data\biomodels\biomodels_all_txt\BIOMD0000000291.txt
BIOMD0000000298,biomodels_all_txt,0,0,data\biomodels\biomodels_all_txt\BIOMD0000000298.txt
BIOMD0000000299,biomodels_all_txt,0,0,data\biomodels\biomodels_all_txt\BIOMD0000000299.txt
BIOMD0000000302,biomodels_all_txt,0,0,data\biomodels\biomodels_all_txt\BIOMD0000000302.txt
BIOMD0000000304,biomodels_all_txt,0,0,data\biomodels\biomodels_all_txt\BIOMD0000000304.txt
BIOMD0000000324,biomodels_all_txt,0,0,data\biomodels\biomodels_all_txt\BIOMD0000000324.txt
BIOMD0000000330,biomodels_all_txt,0,0,data\biomodels\biomodels_all_txt\BIOMD0000000330.txt
BIOMD0000000331,biomodels_all_txt,0,0,data\biomodels\biomodels_all_txt\BIOMD0000000331.txt
BIOMD0000000341,biomodels_all_txt,0,0,data\biomodels\biomodels_all_txt\BIOMD0000000341.txt
BIOMD0000000343,biomodels_all_txt,0,0,data\biomodels\biomodels_all_txt\BIOMD0000000343.txt
BIOMD0000000345,biomodels_all_txt,0,0,data\biomodels\biomodels_all_txt\BIOMD0000000345.txt
BIOMD0000000346,biomodels_all_txt,0,0,data\biomodels\biomodels_all_txt\BIOMD0000000346.txt
BIOMD0000000348,biomodels_all_txt,0,0,data\biomodels\biomodels_all_txt\BIOMD0000000348.txt
BIOMD0000000349,biomodels_all_txt,0,0,data\biomodels\biomodels_all_txt\BIOMD0000000349.txt
BIOMD0000000367,biomodels_all_txt,0,0,data\biomodels\biomodels_all_txt\BIOMD0000000367.txt
BIOMD0000000368,biomodels_all_txt,0,0,data\biomodels\biomodels_all_txt\BIOMD0000000368.txt
BIOMD0000000369,biomodels_all_txt,0,0,data\biomodels\biomodels_all_txt\BIOMD0000000369.txt
BIOMD0000000370,biomodels_all_txt,0,0,data\biomodels\biomodels_all_txt\BIOMD0000000370.txt
BIOMD0000000371,biomodels_all_txt,0,0,data\biomodels\biomodels_all_txt\BIOMD0000000371.txt
BIOMD0000000372,biomodels_all_txt,0,0,data\biomodels\biomodels_all_txt\BIOMD0000000372.txt
BIOMD0000000373,biomodels_all_txt,0,0,data\biomodels\biomodels_all_txt\BIOMD0000000373.txt
BIOMD0000000374,biomodels_all_txt,0,0,data\biomodels\biomodels_all_txt\BIOMD0000000374.txt
BIOMD0000000375,biomodels_all_txt,0,0,data\biomodels\biomodels_all_txt\BIOMD0000000375.txt
BIOMD0000000376,biomodels_all_txt,0,0,data\biomodels\biomodels_all_txt\BIOMD0000000376.txt
BIOMD0000000377,biomodels_all_txt,0,0,data\biomodels\biomodels_all_txt\BIOMD0000000377.txt
BIOMD0000000378,biomodels_all_txt,0,0,data\biomodels\biomodels_all_txt\BIOMD0000000378.txt
BIOMD0000000379,biomodels_all_txt,0,0,data\biomodels\biomodels_all_txt\BIOMD0000000379.txt
BIOMD0000000381,biomodels_all_txt,0,0,data\biomodels\biomodels_all_txt\BIOMD0000000381.txt
BIOMD0000000382,biomodels_all_txt,0,0,data\biomodels\biomodels_all_txt\BIOMD0000000382.txt
BIOMD0000000400,biomodels_all_txt,0,0,data\biomodels\biomodels_all_txt\BIOMD0000000400.txt
BIOMD0000000401,biomodels_all_txt,0,0,data\biomodels\biomodels_all_txt\BIOMD0000000401.txt
BIOMD0000000402,biomodels_all_txt,0,0,data\biomodels\biomodels_all_txt\BIOMD0000000402.txt
BIOMD0000000403,biomodels_all_txt,0,0,data\biomodels\biomodels_all_txt\BIOMD0000000403.txt
BIOMD0000000499,biomodels_all_txt,0,0,data\biomodels\biomodels_all_txt\BIOMD0000000499.txt
BIOMD0000000508,biomodels_all_txt,0,0,data\biomodels\biomodels_all_txt\BIOMD0000000508.txt
BIOMD0000000509,biomodels_all_txt,0,0,data\biomodels\biomodels_all_txt\BIOMD0000000509.txt
BIOMD0000000521,biomodels_all_txt,0,0,data\biomodels\biomodels_all_txt\BIOMD0000000521.txt
BIOMD0000000522,biomodels_all_txt,0,0,data\biomodels\biomodels_all_txt\BIOMD0000000522.txt
BIOMD0000000527,biomodels_all_txt,0,0,data\biomodels\biomodels_all_txt\BIOMD0000000527.txt
BIOMD0000000531,biomodels_all_txt,0,0,data\biomodels\biomodels_all_txt\BIOMD0000000531.txt
BIOMD0000000532,biomodels_all_txt,0,0,data\biomodels\biomodels_all_txt\BIOMD0000000532.txt
BIOMD0000000533,biomodels_all_txt,0,0,data\biomodels\biomodels_all_txt\BIOMD0000000533.txt
BIOMD0000000538,biomodels_all_txt,0,0,data\biomodels\biomodels_all_txt\BIOMD0000000538.txt
BIOMD0000000548,biomodels_all_txt,0,0,data\biomodels\biomodels_all_txt\BIOMD0000000548.txt
BIOMD0000000549,biomodels_all_txt,0,0,data\biomodels\biomodels_all_txt\BIOMD0000000549.txt
BIOMD0000000550,biomodels_all_txt,0,0,data\biomodels\biomodels_all_txt\BIOMD0000000550.txt
BIOMD0000000551,biomodels_all_txt,0,0,data\biomodels\biomodels_all_txt\BIOMD0000000551.txt
BIOMD0000000554,biomodels_all_txt,0,0,data\biomodels\biomodels_all_txt\BIOMD0000000554.txt
BIOMD0000000555,biomodels_all_txt,0,0,data\biomodels\biomodels_all_txt\BIOMD0000000555.txt
BIOMD0000000561,biomodels_all_txt,0,0,data\biomodels\biomodels_all_txt\BIOMD0000000561.txt
BIOMD0000000562,biomodels_all_txt,0,0,data\biomodels\biomodels_all_txt\BIOMD0000000562.txt
BIOMD0000000585,biomodels_all_txt,0,0,data\biomodels\biomodels_all_txt\BIOMD0000000585.txt
BIOMD0000000589,biomodels_all_txt,0,0,data\biomodels\biomodels_all_txt\BIOMD0000000589.txt
BIOMD0000000592,biomodels_all_txt,0,0,data\biomodels\biomodels_all_txt\BIOMD0000000592.txt
BIOMD0000000593,biomodels_all_txt,0,0,data\biomodels\biomodels_all_txt\BIOMD0000000593.txt
BIOMD0000000618,biomodels_all_txt,0,0,data\biomodels\biomodels_all_txt\BIOMD0000000618.txt
BIOMD0000000641,biomodels_all_txt,0,0,data\biomodels\biomodels_all_txt\BIOMD0000000641.txt
BIOMD0000000642,biomodels_all_txt,0,0,data\biomodels\biomodels_all_txt\BIOMD0000000642.txt
BIOMD0000000643,biomodels_all_txt,0,0,data\biomodels\biomodels_all_txt\BIOMD0000000643.txt
BIOMD0000000644,biomodels_all_txt,0,0,data\biomodels\biomodels_all_txt\BIOMD0000000644.txt
BIOMD0000000645,biomodels_all_txt,0,0,data\biomodels\biomodels_all_txt\BIOMD0000000645.txt
BIOMD0000000650,biomodels_all_txt,0,0,data\biomodels\biomodels_all_txt\BIOMD0000000650.txt
BIOMD0000000659,biomodels_all_txt,0,0,data\biomodels\biomodels_all_txt\BIOMD0000000659.txt
BIOMD0000000669,biomodels_all_txt,0,0,data\biomodels\biomodels_all_txt\BIOMD0000000669.txt
BIOMD0000000670,biomodels_all_txt,0,0,data\biomodels\biomodels_all_txt\BIOMD0000000670.txt
BIOMD0000000671,biomodels_all_txt,0,0,data\biomodels\biomodels_all_txt\BIOMD0000000671.txt
BIOMD0000000672,biomodels_all_txt,0,0,data\biomodels\biomodels_all_txt\BIOMD0000000672.txt
BIOMD0000000673,biomodels_all_txt,0,0,data\biomodels\biomodels_all_txt\BIOMD0000000673.txt
BIOMD0000000675,biomodels_all_txt,0,0,data\biomodels\biomodels_all_txt\BIOMD0000000675.txt
BIOMD0000000677,biomodels_all_txt,0,0,data\biomodels\biomodels_all_txt\BIOMD0000000677.txt
BIOMD0000000680,biomodels_all_txt,0,0,data\biomodels\biomodels_all_txt\BIOMD0000000680.txt
BIOMD0000000681,biomodels_all_txt,0,0,data\biomodels\biomodels_all_txt\BIOMD0000000681.txt
BIOMD0000000682,biomodels_all_txt,0,0,data\biomodels\biomodels_all_txt\BIOMD0000000682.txt
BIOMD0000000684,biomodels_all_txt,0,0,data\biomodels\biomodels_all_txt\BIOMD0000000684.txt
BIOMD0000000685,biomodels_all_txt,0,0,data\biomodels\biomodels_all_txt\BIOMD0000000685.txt
BIOMD0000000686,biomodels_all_txt,0,0,data\biomodels\biomodels_all_txt\BIOMD0000000686.txt
BIOMD0000000693,biomodels_all_txt,0,0,data\biomodels\biomodels_all_txt\BIOMD0000000693.txt
BIOMD0000000740,biomodels_all_txt,0,0,data\biomodels\biomodels_all_txt\BIOMD0000000740.txt
BIOMD0000000836,biomodels_all_txt,0,0,data\biomodels\biomodels_all_txt\BIOMD0000000836.txt
BIOMD0000000901,biomodels_all_txt,0,0,data\biomodels\biomodels_all_txt\BIOMD0000000901.txt
BIOMD0000000945,biomodels_all_txt,0,0,data\biomodels\biomodels_all_txt\BIOMD0000000945.txt
BIOMD0000000946,biomodels_all_txt,0,0,data\biomodels\biomodels_all_txt\BIOMD0000000946.txt
BIOMD0000000947,biomodels_all_txt,0,0,data\biomodels\biomodels_all_txt\BIOMD0000000947.txt
BIOMD0000000950,biomodels_all_txt,0,0,data\biomodels\biomodels_all_txt\BIOMD0000000950.txt
BIOMD0000001008,biomodels_all_txt,0,0,data\biomodels\biomodels_all_txt\BIOMD0000001008.txt
BIOMD0000000020,Biomodels_txt_sample,0,0,data\biomodels\biomodels_all_txt\Biomodels_txt_sample\BIOMD0000000020.txt
BIOMD0000000118,Biomodels_txt_sample,0,0,data\biomodels\biomodels_all_txt\Biomodels_txt_sample\BIOMD0000000118.txt
BIOMD0000000127,Biomodels_txt_sample,0,0,data\biomodels\biomodels_all_txt\Biomodels_txt_sample\BIOMD0000000127.txt
BIOMD0000000129,Biomodels_txt_sample,0,0,data\biomodels\biomodels_all_txt\Biomodels_txt_sample\BIOMD0000000129.txt
BIOMD0000000130,Biomodels_txt_sample,0,0,data\biomodels\biomodels_all_txt\Biomodels_txt_sample\BIOMD0000000130.txt
BIOMD0000000131,Biomodels_txt_sample,0,0,data\biomodels\biomodels_all_txt\Biomodels_txt_sample\BIOMD0000000131.txt
BIOMD0000000132,Biomodels_txt_sample,0,0,data\biomodels\biomodels_all_txt\Biomodels_txt_sample\BIOMD0000000132.txt
BIOMD0000000134,Biomodels_txt_sample,0,0,data\biomodels\biomodels_all_txt\Biomodels_txt_sample\BIOMD0000000134.txt
BIOMD0000000135,Biomodels_txt_sample,0,0,data\biomodels\biomodels_all_txt\Biomodels_txt_sample\BIOMD0000000135.txt
BIOMD0000000136,Biomodels_txt_sample,0,0,data\biomodels\biomodels_all_txt\Biomodels_txt_sample\BIOMD0000000136.txt
BIOMD0000000141,Biomodels_txt_sample,0,0,data\biomodels\biomodels_all_txt\Biomodels_txt_sample\BIOMD0000000141.txt
BIOMD0000000142,Biomodels_txt_sample,0,0,data\biomodels\biomodels_all_txt\Biomodels_txt_sample\BIOMD0000000142.txt
BIOMD0000000234,Biomodels_txt_sample,0,0,data\biomodels\biomodels_all_txt\Biomodels_txt_sample\BIOMD0000000234.txt
BIOMD0000000238,Biomodels_txt_sample,0,0,data\biomodels\biomodels_all_txt\Biomodels_txt_sample\BIOMD0000000238.txt
BIOMD0000000241,Biomodels_txt_sample,0,0,data\biomodels\biomodels_all_txt\Biomodels_txt_sample\BIOMD0000000241.txt
BIOMD0000000252,Biomodels_txt_sample,0,0,data\biomodels\biomodels_all_txt\Biomodels_txt_sample\BIOMD0000000252.txt
BIOMD0000000254,Biomodels_txt_sample,0,0,data\biomodels\biomodels_all_txt\Biomodels_txt_sample\BIOMD0000000254.txt
BIOMD0000000266,Biomodels_txt_sample,0,0,data\biomodels\biomodels_all_txt\Biomodels_txt_sample\BIOMD0000000266.txt
BIOMD0000000274,Biomodels_txt_sample,0,0,data\biomodels\biomodels_all_txt\Biomodels_txt_sample\BIOMD0000000274.txt
BIOMD0000000276,Biomodels_txt_sample,0,0,data\biomodels\biomodels_all_txt\Biomodels_txt_sample\BIOMD0000000276.txt
BIOMD0000000277,Biomodels_txt_sample,0,0,data\biomodels\biomodels_all_txt\Biomodels_txt_sample\BIOMD0000000277.txt
BIOMD0000000278,Biomodels_txt_sample,0,0,data\biomodels\biomodels_all_txt\Biomodels_txt_sample\BIOMD0000000278.txt
BIOMD0000000279,Biomodels_txt_sample,0,0,data\biomodels\biomodels_all_txt\Biomodels_txt_sample\BIOMD0000000279.txt
BIOMD0000000280,Biomodels_txt_sample,0,0,data\biomodels\biomodels_all_txt\Biomodels_txt_sample\BIOMD0000000280.txt
BIOMD0000000291,Biomodels_txt_sample,0,0,data\biomodels\biomodels_all_txt\Biomodels_txt_sample\BIOMD0000000291.txt
BIOMD0000000298,Biomodels_txt_sample,0,0,data\biomodels\biomodels_all_txt\Biomodels_txt_sample\BIOMD0000000298.txt
BIOMD0000000299,Biomodels_txt_sample,0,0,data\biomodels\biomodels_all_txt\Biomodels_txt_sample\BIOMD0000000299.txt
BIOMD0000000302,Biomodels_txt_sample,0,0,data\biomodels\biomodels_all_txt\Biomodels_txt_sample\BIOMD0000000302.txt
BIOMD0000000304,Biomodels_txt_sample,0,0,data\biomodels\biomodels_all_txt\Biomodels_txt_sample\BIOMD0000000304.txt
BIOMD0000000324,Biomodels_txt_sample,0,0,data\biomodels\biomodels_all_txt\Biomodels_txt_sample\BIOMD0000000324.txt
BIOMD0000000330,Biomodels_txt_sample,0,0,data\biomodels\biomodels_all_txt\Biomodels_txt_sample\BIOMD0000000330.txt
BIOMD0000000331,Biomodels_txt_sample,0,0,data\biomodels\biomodels_all_txt\Biomodels_txt_sample\BIOMD0000000331.txt
BIOMD0000000341,Biomodels_txt_sample,0,0,data\biomodels\biomodels_all_txt\Biomodels_txt_sample\BIOMD0000000341.txt
BIOMD0000000343,Biomodels_txt_sample,0,0,data\biomodels\biomodels_all_txt\Biomodels_txt_sample\BIOMD0000000343.txt
BIOMD0000000345,Biomodels_txt_sample,0,0,data\biomodels\biomodels_all_txt\Biomodels_txt_sample\BIOMD0000000345.txt
BIOMD0000000346,Biomodels_txt_sample,0,0,data\biomodels\biomodels_all_txt\Biomodels_txt_sample\BIOMD0000000346.txt
BIOMD0000000348,Biomodels_txt_sample,0,0,data\biomodels\biomodels_all_txt\Biomodels_txt_sample\BIOMD0000000348.txt
BIOMD0000000349,Biomodels_txt_sample,0,0,data\biomodels\biomodels_all_txt\Biomodels_txt_sample\BIOMD0000000349.txt
BIOMD0000000367,Biomodels_txt_sample,0,0,data\biomodels\biomodels_all_txt\Biomodels_txt_sample\BIOMD0000000367.txt
BIOMD0000000368,Biomodels_txt_sample,0,0,data\biomodels\biomodels_all_txt\Biomodels_txt_sample\BIOMD0000000368.txt
BIOMD0000000369,Biomodels_txt_sample,0,0,data\biomodels\biomodels_all_txt\Biomodels_txt_sample\BIOMD0000000369.txt
BIOMD0000000370,Biomodels_txt_sample,0,0,data\biomodels\biomodels_all_txt\Biomodels_txt_sample\BIOMD0000000370.txt
BIOMD0000000371,Biomodels_txt_sample,0,0,data\biomodels\biomodels_all_txt\Biomodels_txt_sample\BIOMD0000000371.txt
BIOMD0000000372,Biomodels_txt_sample,0,0,data\biomodels\biomodels_all_txt\Biomodels_txt_sample\BIOMD0000000372.txt
BIOMD0000000373,Biomodels_txt_sample,0,0,data\biomodels\biomodels_all_txt\Biomodels_txt_sample\BIOMD0000000373.txt
BIOMD0000000374,Biomodels_txt_sample,0,0,data\biomodels\biomodels_all_txt\Biomodels_txt_sample\BIOMD0000000374.txt
BIOMD0000000375,Biomodels_txt_sample,0,0,data\biomodels\biomodels_all_txt\Biomodels_txt_sample\BIOMD0000000375.txt
BIOMD0000000376,Biomodels_txt_sample,0,0,data\biomodels\biomodels_all_txt\Biomodels_txt_sample\BIOMD0000000376.txt
BIOMD0000000377,Biomodels_txt_sample,0,0,data\biomodels\biomodels_all_txt\Biomodels_txt_sample\BIOMD0000000377.txt
BIOMD0000000378,Biomodels_txt_sample,0,0,data\biomodels\biomodels_all_txt\Biomodels_txt_sample\BIOMD0000000378.txt
BIOMD0000000379,Biomodels_txt_sample,0,0,data\biomodels\biomodels_all_txt\Biomodels_txt_sample\BIOMD0000000379.txt
BIOMD0000000381,Biomodels_txt_sample,0,0,data\biomodels\biomodels_all_txt\Biomodels_txt_sample\BIOMD0000000381.txt
BIOMD0000000382,Biomodels_txt_sample,0,0,data\biomodels\biomodels_all_txt\Biomodels_txt_sample\BIOMD0000000382.txt
BIOMD0000000400,Biomodels_txt_sample,0,0,data\biomodels\biomodels_all_txt\Biomodels_txt_sample\BIOMD0000000400.txt
BIOMD0000000401,Biomodels_txt_sample,0,0,data\biomodels\biomodels_all_txt\Biomodels_txt_sample\BIOMD0000000401.txt
BIOMD0000000402,Biomodels_txt_sample,0,0,data\biomodels\biomodels_all_txt\Biomodels_txt_sample\BIOMD0000000402.txt
BIOMD0000000403,Biomodels_txt_sample,0,0,data\biomodels\biomodels_all_txt\Biomodels_txt_sample\BIOMD0000000403.txt
BIOMD0000000499,Biomodels_txt_sample,0,0,data\biomodels\biomodels_all_txt\Biomodels_txt_sample\BIOMD0000000499.txt
BIOMD0000000508,Biomodels_txt_sample,0,0,data\biomodels\biomodels_all_txt\Biomodels_txt_sample\BIOMD0000000508.txt
BIOMD0000000509,Biomodels_txt_sample,0,0,data\biomodels\biomodels_all_txt\Biomodels_txt_sample\BIOMD0000000509.txt
BIOMD0000000521,Biomodels_txt_sample,0,0,data\biomodels\biomodels_all_txt\Biomodels_txt_sample\BIOMD0000000521.txt
BIOMD0000000522,Biomodels_txt_sample,0,0,data\biomodels\biomodels_all_txt\Biomodels_txt_sample\BIOMD0000000522.txt
BIOMD0000000527,Biomodels_txt_sample,0,0,data\biomodels\biomodels_all_txt\Biomodels_txt_sample\BIOMD0000000527.txt
BIOMD0000000531,Biomodels_txt_sample,0,0,data\biomodels\biomodels_all_txt\Biomodels_txt_sample\BIOMD0000000531.txt
BIOMD0000000532,Biomodels_txt_sample,0,0,data\biomodels\biomodels_all_txt\Biomodels_txt_sample\BIOMD0000000532.txt
BIOMD0000000533,Biomodels_txt_sample,0,0,data\biomodels\biomodels_all_txt\Biomodels_txt_sample\BIOMD0000000533.txt
BIOMD0000000538,Biomodels_txt_sample,0,0,data\biomodels\biomodels_all_txt\Biomodels_txt_sample\BIOMD0000000538.txt
BIOMD0000000548,Biomodels_txt_sample,0,0,data\biomodels\biomodels_all_txt\Biomodels_txt_sample\BIOMD0000000548.txt
BIOMD0000000549,Biomodels_txt_sample,0,0,data\biomodels\biomodels_all_txt\Biomodels_txt_sample\BIOMD0000000549.txt
BIOMD0000000550,Biomodels_txt_sample,0,0,data\biomodels\biomodels_all_txt\Biomodels_txt_sample\BIOMD0000000550.txt
BIOMD0000000551,Biomodels_txt_sample,0,0,data\biomodels\biomodels_all_txt\Biomodels_txt_sample\BIOMD0000000551.txt
BIOMD0000000554,Biomodels_txt_sample,0,0,data\biomodels\biomodels_all_txt\Biomodels_txt_sample\BIOMD0000000554.txt
BIOMD0000000555,Biomodels_txt_sample,0,0,data\biomodels\biomodels_all_txt\Biomodels_txt_sample\BIOMD0000000555.txt
BIOMD0000000561,Biomodels_txt_sample,0,0,data\biomodels\biomodels_all_txt\Biomodels_txt_sample\BIOMD0000000561.txt
BIOMD0000000562,Biomodels_txt_sample,0,0,data\biomodels\biomodels_all_txt\Biomodels_txt_sample\BIOMD0000000562.txt
BIOMD0000000585,Biomodels_txt_sample,0,0,data\biomodels\biomodels_all_txt\Biomodels_txt_sample\BIOMD0000000585.txt
BIOMD0000000589,Biomodels_txt_sample,0,0,data\biomodels\biomodels_all_txt\Biomodels_txt_sample\BIOMD0000000589.txt
BIOMD0000000592,Biomodels_txt_sample,0,0,data\biomodels\biomodels_all_txt\Biomodels_txt_sample\BIOMD0000000592.txt
BIOMD0000000593,Biomodels_txt_sample,0,0,data\biomodels\biomodels_all_txt\Biomodels_txt_sample\BIOMD0000000593.txt
BIOMD0000000618,Biomodels_txt_sample,0,0,data\biomodels\biomodels_all_txt\Biomodels_txt_sample\BIOMD0000000618.txt
BIOMD0000000641,Biomodels_txt_sample,0,0,data\biomodels\biomodels_all_txt\Biomodels_txt_sample\BIOMD0000000641.txt
BIOMD0000000642,Biomodels_txt_sample,0,0,data\biomodels\biomodels_all_txt\Biomodels_txt_sample\BIOMD0000000642.txt
BIOMD0000000643,Biomodels_txt_sample,0,0,data\biomodels\biomodels_all_txt\Biomodels_txt_sample\BIOMD0000000643.txt
BIOMD0000000644,Biomodels_txt_sample,0,0,data\biomodels\biomodels_all_txt\Biomodels_txt_sample\BIOMD0000000644.txt
BIOMD0000000645,Biomodels_txt_sample,0,0,data\biomodels\biomodels_all_txt\Biomodels_txt_sample\BIOMD0000000645.txt
BIOMD0000000650,Biomodels_txt_sample,0,0,data\biomodels\biomodels_all_txt\Biomodels_txt_sample\BIOMD0000000650.txt
BIOMD0000000659,Biomodels_txt_sample,0,0,data\biomodels\biomodels_all_txt\Biomodels_txt_sample\BIOMD0000000659.txt
BIOMD0000000669,Biomodels_txt_sample,0,0,data\biomodels\biomodels_all_txt\Biomodels_txt_sample\BIOMD0000000669.txt
BIOMD0000000670,Biomodels_txt_sample,0,0,data\biomodels\biomodels_all_txt\Biomodels_txt_sample\BIOMD0000000670.txt
BIOMD0000000671,Biomodels_txt_sample,0,0,data\biomodels\biomodels_all_txt\Biomodels_txt_sample\BIOMD0000000671.txt
BIOMD0000000672,Biomodels_txt_sample,0,0,data\biomodels\biomodels_all_txt\Biomodels_txt_sample\BIOMD0000000672.txt
BIOMD0000000673,Biomodels_txt_sample,0,0,data\biomodels\biomodels_all_txt\Biomodels_txt_sample\BIOMD0000000673.txt
BIOMD0000000675,Biomodels_txt_sample,0,0,data\biomodels\biomodels_all_txt\Biomodels_txt_sample\BIOMD0000000675.txt
BIOMD0000000677,Biomodels_txt_sample,0,0,data\biomodels\biomodels_all_txt\Biomodels_txt_sample\BIOMD0000000677.txt
BIOMD0000000680,Biomodels_txt_sample,0,0,data\biomodels\biomodels_all_txt\Biomodels_txt_sample\BIOMD0000000680.txt
BIOMD0000000681,Biomodels_txt_sample,0,0,data\biomodels\biomodels_all_txt\Biomodels_txt_sample\BIOMD0000000681.txt
BIOMD0000000682,Biomodels_txt_sample,0,0,data\biomodels\biomodels_all_txt\Biomodels_txt_sample\BIOMD0000000682.txt
BIOMD0000000684,Biomodels_txt_sample,0,0,data\biomodels\biomodels_all_txt\Biomodels_txt_sample\BIOMD0000000684.txt
BIOMD0000000685,Biomodels_txt_sample,0,0,data\biomodels\biomodels_all_txt\Biomodels_txt_sample\BIOMD0000000685.txt
BIOMD0000000686,Biomodels_txt_sample,0,0,data\biomodels\biomodels_all_txt\Biomodels_txt_sample\BIOMD0000000686.txt
BIOMD0000000693,Biomodels_txt_sample,0,0,data\biomodels\biomodels_all_txt\Biomodels_txt_sample\BIOMD0000000693.txt
BIOMD0000000740,Biomodels_txt_sample,0,0,data\biomodels\biomodels_all_txt\Biomodels_txt_sample\BIOMD0000000740.txt
BIOMD0000000836,Biomodels_txt_sample,0,0,data\biomodels\biomodels_all_txt\Biomodels_txt_sample\BIOMD0000000836.txt
BIOMD0000000901,Biomodels_txt_sample,0,0,data\biomodels\biomodels_all_txt\Biomodels_txt_sample\BIOMD0000000901.txt
BIOMD0000000945,Biomodels_txt_sample,0,0,data\biomodels\biomodels_all_txt\Biomodels_txt_sample\BIOMD0000000945.txt
BIOMD0000000946,Biomodels_txt_sample,0,0,data\biomodels\biomodels_all_txt\Biomodels_txt_sample\BIOMD0000000946.txt
BIOMD0000000947,Biomodels_txt_sample,0,0,data\biomodels\biomodels_all_txt\Biomodels_txt_sample\BIOMD0000000947.txt
BIOMD0000000950,Biomodels_txt_sample,0,0,data\biomodels\biomodels_all_txt\Biomodels_txt_sample\BIOMD0000000950.txt
BIOMD0000001008,Biomodels_txt_sample,0,0,data\biomodels\biomodels_all_txt\Biomodels_txt_sample\BIOMD0000001008.txt
BIOMD0000000138,BioMD_other,1,1,data\biomodels\BioMD_other\BIOMD0000000138.txt
BIOMD0000000119,BioMD_signaling,1,1,data\biomodels\BioMD_signaling\BIOMD0000000119.txt
BIOMD0000000119,biomodels_all_txt,1,1,data\biomodels\biomodels_all_txt\BIOMD0000000119.txt
BIOMD0000000138,biomodels_all_txt,1,1,data\biomodels\biomodels_all_txt\BIOMD0000000138.txt
BIOMD0000000119,Biomodels_txt_sample,1,1,data\biomodels\biomodels_all_txt\Biomodels_txt_sample\BIOMD0000000119.txt
BIOMD0000000138,Biomodels_txt_sample,1,1,data\biomodels\biomodels_all_txt\Biomodels_txt_sample\BIOMD0000000138.txt
BIOMD0000000150,BioMD_cell_cycle,4,2,data\biomodels\BioMD_cell_cycle\BIOMD0000000150.txt
BIOMD0000000936,BioMD_cell_cycle,1,2,data\biomodels\BioMD_cell_cycle\BIOMD0000000936.txt
BIOMD0000000104,BioMD_gene_regulation,5,2,data\biomodels\BioMD_gene_regulation\BIOMD0000000104.txt
BIOMD0000000417,BioMD_gene_regulation,1,2,data\biomodels\BioMD_gene_regulation\BIOMD0000000417.txt
BIOMD0000000418,BioMD_gene_regulation,1,2,data\biomodels\BioMD_gene_regulation\BIOMD0000000418.txt
BIOMD0000000076,BioMD_other,3,2,data\biomodels\BioMD_other\BIOMD0000000076.txt
BIOMD0000000124,BioMD_other,2,2,data\biomodels\BioMD_other\BIOMD0000000124.txt
BIOMD0000000283,BioMD_other,4,2,data\biomodels\BioMD_other\BIOMD0000000283.txt
BIOMD0000000484,BioMD_other,2,2,data\biomodels\BioMD_other\BIOMD0000000484.txt
BIOMD0000000486,BioMD_other,2,2,data\biomodels\BioMD_other\BIOMD0000000486.txt
BIOMD0000000566,BioMD_other,2,2,data\biomodels\BioMD_other\BIOMD0000000566.txt
BIOMD0000000567,BioMD_other,2,2,data\biomodels\BioMD_other\BIOMD0000000567.txt
BIOMD0000000629,BioMD_other,5,2,data\biomodels\BioMD_other\BIOMD0000000629.txt
BIOMD0000000956,BioMD_other,3,2,data\biomodels\BioMD_other\BIOMD0000000956.txt
BIOMD0000000963,BioMD_other,3,2,data\biomodels\BioMD_other\BIOMD0000000963.txt
BIOMD0000000982,BioMD_other,3,2,data\biomodels\BioMD_other\BIOMD0000000982.txt
BIOMD0000001025,BioMD_other,2,2,data\biomodels\BioMD_other\BIOMD0000001025.txt
BIOMD0000001026,BioMD_other,1,2,data\biomodels\BioMD_other\BIOMD0000001026.txt
BIOMD0000001040,BioMD_other,1,2,data\biomodels\BioMD_other\BIOMD0000001040.txt
BIOMD0000001045,BioMD_other,3,2,data\biomodels\BioMD_other\BIOMD0000001045.txt
BIOMD0000000076,biomodels_all_txt,3,2,data\biomodels\biomodels_all_txt\BIOMD0000000076.txt
BIOMD0000000104,biomodels_all_txt,5,2,data\biomodels\biomodels_all_txt\BIOMD0000000104.txt
BIOMD0000000124,biomodels_all_txt,2,2,data\biomodels\biomodels_all_txt\BIOMD0000000124.txt
BIOMD0000000150,biomodels_all_txt,4,2,data\biomodels\biomodels_all_txt\BIOMD0000000150.txt
BIOMD0000000283,biomodels_all_txt,4,2,data\biomodels\biomodels_all_txt\BIOMD0000000283.txt
BIOMD0000000417,biomodels_all_txt,1,2,data\biomodels\biomodels_all_txt\BIOMD0000000417.txt
BIOMD0000000418,biomodels_all_txt,1,2,data\biomodels\biomodels_all_txt\BIOMD0000000418.txt
BIOMD0000000484,biomodels_all_txt,2,2,data\biomodels\biomodels_all_txt\BIOMD0000000484.txt
BIOMD0000000486,biomodels_all_txt,2,2,data\biomodels\biomodels_all_txt\BIOMD0000000486.txt
BIOMD0000000566,biomodels_all_txt,2,2,data\biomodels\biomodels_all_txt\BIOMD0000000566.txt
BIOMD0000000567,biomodels_all_txt,2,2,data\biomodels\biomodels_all_txt\BIOMD0000000567.txt
BIOMD0000000629,biomodels_all_txt,5,2,data\biomodels\biomodels_all_txt\BIOMD0000000629.txt
BIOMD0000000936,biomodels_all_txt,1,2,data\biomodels\biomodels_all_txt\BIOMD0000000936.txt
BIOMD0000000956,biomodels_all_txt,3,2,data\biomodels\biomodels_all_txt\BIOMD0000000956.txt
BIOMD0000000963,biomodels_all_txt,3,2,data\biomodels\biomodels_all_txt\BIOMD0000000963.txt
BIOMD0000000982,biomodels_all_txt,3,2,data\biomodels\biomodels_all_txt\BIOMD0000000982.txt
BIOMD0000001025,biomodels_all_txt,2,2,data\biomodels\biomodels_all_txt\BIOMD0000001025.txt
BIOMD0000001026,biomodels_all_txt,1,2,data\biomodels\biomodels_all_txt\BIOMD0000001026.txt
BIOMD0000001040,biomodels_all_txt,1,2,data\biomodels\biomodels_all_txt\BIOMD0000001040.txt
BIOMD0000001045,biomodels_all_txt,3,2,data\biomodels\biomodels_all_txt\BIOMD0000001045.txt
BIOMD0000000076,Biomodels_txt_sample,3,2,data\biomodels\biomodels_all_txt\Biomodels_txt_sample\BIOMD0000000076.txt
BIOMD0000000104,Biomodels_txt_sample,5,2,data\biomodels\biomodels_all_txt\Biomodels_txt_sample\BIOMD0000000104.txt
BIOMD0000000124,Biomodels_txt_sample,2,2,data\biomodels\biomodels_all_txt\Biomodels_txt_sample\BIOMD0000000124.txt
BIOMD0000000150,Biomodels_txt_sample,4,2,data\biomodels\biomodels_all_txt\Biomodels_txt_sample\BIOMD0000000150.txt
BIOMD0000000283,Biomodels_txt_sample,4,2,data\biomodels\biomodels_all_txt\Biomodels_txt_sample\BIOMD0000000283.txt
BIOMD0000000417,Biomodels_txt_sample,1,2,data\biomodels\biomodels_all_txt\Biomodels_txt_sample\BIOMD0000000417.txt
BIOMD0000000418,Biomodels_txt_sample,1,2,data\biomodels\biomodels_all_txt\Biomodels_txt_sample\BIOMD0000000418.txt
BIOMD0000000484,Biomodels_txt_sample,2,2,data\biomodels\biomodels_all_txt\Biomodels_txt_sample\BIOMD0000000484.txt
BIOMD0000000486,Biomodels_txt_sample,2,2,data\biomodels\biomodels_all_txt\Biomodels_txt_sample\BIOMD0000000486.txt
BIOMD0000000566,Biomodels_txt_sample,2,2,data\biomodels\biomodels_all_txt\Biomodels_txt_sample\BIOMD0000000566.txt
BIOMD0000000567,Biomodels_txt_sample,2,2,data\biomodels\biomodels_all_txt\Biomodels_txt_sample\BIOMD0000000567.txt
BIOMD0000000629,Biomodels_txt_sample,5,2,data\biomodels\biomodels_all_txt\Biomodels_txt_sample\BIOMD0000000629.txt
BIOMD0000000936,Biomodels_txt_sample,1,2,data\biomodels\biomodels_all_txt\Biomodels_txt_sample\BIOMD0000000936.txt
BIOMD0000000956,Biomodels_txt_sample,3,2,data\biomodels\biomodels_all_txt\Biomodels_txt_sample\BIOMD0000000956.txt
BIOMD0000000963,Biomodels_txt_sample,3,2,data\biomodels\biomodels_all_txt\Biomodels_txt_sample\BIOMD0000000963.txt
BIOMD0000000982,Biomodels_txt_sample,3,2,data\biomodels\biomodels_all_txt\Biomodels_txt_sample\BIOMD0000000982.txt
BIOMD0000001025,Biomodels_txt_sample,2,2,data\biomodels\biomodels_all_txt\Biomodels_txt_sample\BIOMD0000001025.txt
BIOMD0000001026,Biomodels_txt_sample,1,2,data\biomodels\biomodels_all_txt\Biomodels_txt_sample\BIOMD0000001026.txt
BIOMD0000001040,Biomodels_txt_sample,1,2,data\biomodels\biomodels_all_txt\Biomodels_txt_sample\BIOMD0000001040.txt
BIOMD0000001045,Biomodels_txt_sample,3,2,data\biomodels\biomodels_all_txt\Biomodels_txt_sample\BIOMD0000001045.txt
BIOMD0000000006,BioMD_cell_cycle,3,3,data\biomodels\BioMD_cell_cycle\BIOMD0000000006.txt
BIOMD0000000657,BioMD_cell_cycle,3,3,data\biomodels\BioMD_cell_cycle\BIOMD0000000657.txt
BIOMD0000000933,BioMD_cell_cycle,3,3,data\biomodels\BioMD_cell_cycle\BIOMD0000000933.txt
BIOMD0000000459,BioMD_gene_regulation,4,3,data\biomodels\BioMD_gene_regulation\BIOMD0000000459.txt
BIOMD0000000461,BioMD_gene_regulation,4,3,data\biomodels\BioMD_gene_regulation\BIOMD0000000461.txt
BIOMD0000000751,BioMD_immune,2,3,data\biomodels\BioMD_immune\BIOMD0000000751.txt
BIOMD0000000225,BioMD_metabolic,5,3,data\biomodels\BioMD_metabolic\BIOMD0000000225.txt
BIOMD0000000068,BioMD_other,9,3,data\biomodels\BioMD_other\BIOMD0000000068.txt
BIOMD0000000092,BioMD_other,4,3,data\biomodels\BioMD_other\BIOMD0000000092.txt
BIOMD0000000194,BioMD_other,5,3,data\biomodels\BioMD_other\BIOMD0000000194.txt
BIOMD0000000267,BioMD_other,4,3,data\biomodels\BioMD_other\BIOMD0000000267.txt
BIOMD0000000282,BioMD_other,6,3,data\biomodels\BioMD_other\BIOMD0000000282.txt
BIOMD0000000414,BioMD_other,1,3,data\biomodels\BioMD_other\BIOMD0000000414.txt
BIOMD0000000458,BioMD_other,7,3,data\biomodels\BioMD_other\BIOMD0000000458.txt
BIOMD0000000460,BioMD_other,4,3,data\biomodels\BioMD_other\BIOMD0000000460.txt
BIOMD0000000824,BioMD_other,2,3,data\biomodels\BioMD_other\BIOMD0000000824.txt
BIOMD0000000917,BioMD_other,3,3,data\biomodels\BioMD_other\BIOMD0000000917.txt
BIOMD0000000922,BioMD_other,3,3,data\biomodels\BioMD_other\BIOMD0000000922.txt
BIOMD0000000957,BioMD_other,4,3,data\biomodels\BioMD_other\BIOMD0000000957.txt
BIOMD0000000962,BioMD_other,4,3,data\biomodels\BioMD_other\BIOMD0000000962.txt
BIOMD0000000970,BioMD_other,5,3,data\biomodels\BioMD_other\BIOMD0000000970.txt
BIOMD0000000978,BioMD_other,4,3,data\biomodels\BioMD_other\BIOMD0000000978.txt
BIOMD0000000984,BioMD_other,5,3,data\biomodels\BioMD_other\BIOMD0000000984.txt
BIOMD0000001037,BioMD_other,2,3,data\biomodels\BioMD_other\BIOMD0000001037.txt
BIOMD0000000047,BioMD_signaling,2,3,data\biomodels\BioMD_signaling\BIOMD0000000047.txt
BIOMD0000000060,BioMD_signaling,4,3,data\biomodels\BioMD_signaling\BIOMD0000000060.txt
BIOMD0000000128,BioMD_signaling,3,3,data\biomodels\BioMD_signaling\BIOMD0000000128.txt
BIOMD0000000601,BioMD_signaling,4,3,data\biomodels\BioMD_signaling\BIOMD0000000601.txt
BIOMD0000000068,BIOMD0000000068,9,3,data\biomodels\biomodels_all\BIOMD0000000068\BIOMD0000000068.txt
BIOMD0000000962,BIOMD0000000962,4,3,data\biomodels\biomodels_all\BIOMD0000000962\BIOMD0000000962.txt
BIOMD0000000006,biomodels_all_txt,3,3,data\biomodels\biomodels_all_txt\BIOMD0000000006.txt
BIOMD0000000047,biomodels_all_txt,2,3,data\biomodels\biomodels_all_txt\BIOMD0000000047.txt
BIOMD0000000060,biomodels_all_txt,4,3,data\biomodels\biomodels_all_txt\BIOMD0000000060.txt
BIOMD0000000068,biomodels_all_txt,9,3,data\biomodels\biomodels_all_txt\BIOMD0000000068.txt
BIOMD0000000092,biomodels_all_txt,4,3,data\biomodels\biomodels_all_txt\BIOMD0000000092.txt
BIOMD0000000128,biomodels_all_txt,3,3,data\biomodels\biomodels_all_txt\BIOMD0000000128.txt
BIOMD0000000194,biomodels_all_txt,5,3,data\biomodels\biomodels_all_txt\BIOMD0000000194.txt
BIOMD0000000225,biomodels_all_txt,5,3,data\biomodels\biomodels_all_txt\BIOMD0000000225.txt
BIOMD0000000267,biomodels_all_txt,4,3,data\biomodels\biomodels_all_txt\BIOMD0000000267.txt
BIOMD0000000282,biomodels_all_txt,6,3,data\biomodels\biomodels_all_txt\BIOMD0000000282.txt
BIOMD0000000414,biomodels_all_txt,1,3,data\biomodels\biomodels_all_txt\BIOMD0000000414.txt
BIOMD0000000458,biomodels_all_txt,7,3,data\biomodels\biomodels_all_txt\BIOMD0000000458.txt
BIOMD0000000459,biomodels_all_txt,4,3,data\biomodels\biomodels_all_txt\BIOMD0000000459.txt
BIOMD0000000460,biomodels_all_txt,4,3,data\biomodels\biomodels_all_txt\BIOMD0000000460.txt
BIOMD0000000461,biomodels_all_txt,4,3,data\biomodels\biomodels_all_txt\BIOMD0000000461.txt
BIOMD0000000601,biomodels_all_txt,4,3,data\biomodels\biomodels_all_txt\BIOMD0000000601.txt
BIOMD0000000657,biomodels_all_txt,3,3,data\biomodels\biomodels_all_txt\BIOMD0000000657.txt
BIOMD0000000751,biomodels_all_txt,2,3,data\biomodels\biomodels_all_txt\BIOMD0000000751.txt
BIOMD0000000824,biomodels_all_txt,2,3,data\biomodels\biomodels_all_txt\BIOMD0000000824.txt
BIOMD0000000917,biomodels_all_txt,3,3,data\biomodels\biomodels_all_txt\BIOMD0000000917.txt
BIOMD0000000922,biomodels_all_txt,3,3,data\biomodels\biomodels_all_txt\BIOMD0000000922.txt
BIOMD0000000933,biomodels_all_txt,3,3,data\biomodels\biomodels_all_txt\BIOMD0000000933.txt
BIOMD0000000957,biomodels_all_txt,4,3,data\biomodels\biomodels_all_txt\BIOMD0000000957.txt
BIOMD0000000962,biomodels_all_txt,4,3,data\biomodels\biomodels_all_txt\BIOMD0000000962.txt
BIOMD0000000970,biomodels_all_txt,5,3,data\biomodels\biomodels_all_txt\BIOMD0000000970.txt
BIOMD0000000978,biomodels_all_txt,4,3,data\biomodels\biomodels_all_txt\BIOMD0000000978.txt
BIOMD0000000984,biomodels_all_txt,5,3,data\biomodels\biomodels_all_txt\BIOMD0000000984.txt
BIOMD0000001037,biomodels_all_txt,2,3,data\biomodels\biomodels_all_txt\BIOMD0000001037.txt
BIOMD0000000006,Biomodels_txt_sample,3,3,data\biomodels\biomodels_all_txt\Biomodels_txt_sample\BIOMD0000000006.txt
BIOMD0000000047,Biomodels_txt_sample,2,3,data\biomodels\biomodels_all_txt\Biomodels_txt_sample\BIOMD0000000047.txt
BIOMD0000000060,Biomodels_txt_sample,4,3,data\biomodels\biomodels_all_txt\Biomodels_txt_sample\BIOMD0000000060.txt
BIOMD0000000068,Biomodels_txt_sample,9,3,data\biomodels\biomodels_all_txt\Biomodels_txt_sample\BIOMD0000000068.txt
BIOMD0000000092,Biomodels_txt_sample,4,3,data\biomodels\biomodels_all_txt\Biomodels_txt_sample\BIOMD0000000092.txt
BIOMD0000000128,Biomodels_txt_sample,3,3,data\biomodels\biomodels_all_txt\Biomodels_txt_sample\BIOMD0000000128.txt
BIOMD0000000194,Biomodels_txt_sample,5,3,data\biomodels\biomodels_all_txt\Biomodels_txt_sample\BIOMD0000000194.txt
BIOMD0000000225,Biomodels_txt_sample,5,3,data\biomodels\biomodels_all_txt\Biomodels_txt_sample\BIOMD0000000225.txt
BIOMD0000000267,Biomodels_txt_sample,4,3,data\biomodels\biomodels_all_txt\Biomodels_txt_sample\BIOMD0000000267.txt
BIOMD0000000282,Biomodels_txt_sample,6,3,data\biomodels\biomodels_all_txt\Biomodels_txt_sample\BIOMD0000000282.txt
BIOMD0000000414,Biomodels_txt_sample,1,3,data\biomodels\biomodels_all_txt\Biomodels_txt_sample\BIOMD0000000414.txt
BIOMD0000000458,Biomodels_txt_sample,7,3,data\biomodels\biomodels_all_txt\Biomodels_txt_sample\BIOMD0000000458.txt
BIOMD0000000459,Biomodels_txt_sample,4,3,data\biomodels\biomodels_all_txt\Biomodels_txt_sample\BIOMD0000000459.txt
BIOMD0000000460,Biomodels_txt_sample,4,3,data\biomodels\biomodels_all_txt\Biomodels_txt_sample\BIOMD0000000460.txt
BIOMD0000000461,Biomodels_txt_sample,4,3,data\biomodels\biomodels_all_txt\Biomodels_txt_sample\BIOMD0000000461.txt
BIOMD0000000601,Biomodels_txt_sample,4,3,data\biomodels\biomodels_all_txt\Biomodels_txt_sample\BIOMD0000000601.txt
BIOMD0000000657,Biomodels_txt_sample,3,3,data\biomodels\biomodels_all_txt\Biomodels_txt_sample\BIOMD0000000657.txt
BIOMD0000000751,Biomodels_txt_sample,2,3,data\biomodels\biomodels_all_txt\Biomodels_txt_sample\BIOMD0000000751.txt
BIOMD0000000824,Biomodels_txt_sample,2,3,data\biomodels\biomodels_all_txt\Biomodels_txt_sample\BIOMD0000000824.txt
BIOMD0000000917,Biomodels_txt_sample,3,3,data\biomodels\biomodels_all_txt\Biomodels_txt_sample\BIOMD0000000917.txt
BIOMD0000000922,Biomodels_txt_sample,3,3,data\biomodels\biomodels_all_txt\Biomodels_txt_sample\BIOMD0000000922.txt
BIOMD0000000933,Biomodels_txt_sample,3,3,data\biomodels\biomodels_all_txt\Biomodels_txt_sample\BIOMD0000000933.txt
BIOMD0000000957,Biomodels_txt_sample,4,3,data\biomodels\biomodels_all_txt\Biomodels_txt_sample\BIOMD0000000957.txt
BIOMD0000000962,Biomodels_txt_sample,4,3,data\biomodels\biomodels_all_txt\Biomodels_txt_sample\BIOMD0000000962.txt
BIOMD0000000970,Biomodels_txt_sample,5,3,data\biomodels\biomodels_all_txt\Biomodels_txt_sample\BIOMD0000000970.txt
BIOMD0000000978,Biomodels_txt_sample,4,3,data\biomodels\biomodels_all_txt\Biomodels_txt_sample\BIOMD0000000978.txt
BIOMD0000000984,Biomodels_txt_sample,5,3,data\biomodels\biomodels_all_txt\Biomodels_txt_sample\BIOMD0000000984.txt
BIOMD0000001037,Biomodels_txt_sample,2,3,data\biomodels\biomodels_all_txt\Biomodels_txt_sample\BIOMD0000001037.txt
BIOMD0000000935,BioMD_cell_cycle,2,4,data\biomodels\BioMD_cell_cycle\BIOMD0000000935.txt
BIOMD0000000024,BioMD_circadian,3,4,data\biomodels\BioMD_circadian\BIOMD0000000024.txt
BIOMD0000000025,BioMD_circadian,4,4,data\biomodels\BioMD_circadian\BIOMD0000000025.txt
BIOMD0000000319,BioMD_circadian,3,4,data\biomodels\BioMD_circadian\BIOMD0000000319.txt
BIOMD0000000678,BioMD_circadian,4,4,data\biomodels\BioMD_circadian\BIOMD0000000678.txt
BIOMD0000000420,BioMD_gene_regulation,2,4,data\biomodels\BioMD_gene_regulation\BIOMD0000000420.txt
BIOMD0000000421,BioMD_gene_regulation,2,4,data\biomodels\BioMD_gene_regulation\BIOMD0000000421.txt
BIOMD0000000507,BioMD_gene_regulation,2,4,data\biomodels\BioMD_gene_regulation\BIOMD0000000507.txt
BIOMD0000000920,BioMD_immune,4,4,data\biomodels\BioMD_immune\BIOMD0000000920.txt
BIOMD0000000236,BioMD_metabolic,7,4,data\biomodels\BioMD_metabolic\BIOMD0000000236.txt
BIOMD0000000253,BioMD_metabolic,6,4,data\biomodels\BioMD_metabolic\BIOMD0000000253.txt
BIOMD0000000292,BioMD_metabolic,6,4,data\biomodels\BioMD_metabolic\BIOMD0000000292.txt
BIOMD0000000383,BioMD_metabolic,6,4,data\biomodels\BioMD_metabolic\BIOMD0000000383.txt
BIOMD0000000384,BioMD_metabolic,6,4,data\biomodels\BioMD_metabolic\BIOMD0000000384.txt
BIOMD0000000385,BioMD_metabolic,6,4,data\biomodels\BioMD_metabolic\BIOMD0000000385.txt
BIOMD0000000386,BioMD_metabolic,6,4,data\biomodels\BioMD_metabolic\BIOMD0000000386.txt
BIOMD0000000387,BioMD_metabolic,6,4,data\biomodels\BioMD_metabolic\BIOMD0000000387.txt
BIOMD0000000454,BioMD_metabolic,8,4,data\biomodels\BioMD_metabolic\BIOMD0000000454.txt
BIOMD0000000916,BioMD_metabolic,6,4,data\biomodels\BioMD_metabolic\BIOMD0000000916.txt
BIOMD0000000155,BioMD_other,2,4,data\biomodels\BioMD_other\BIOMD0000000155.txt
BIOMD0000000178,BioMD_other,5,4,data\biomodels\BioMD_other\BIOMD0000000178.txt
BIOMD0000000231,BioMD_other,6,4,data\biomodels\BioMD_other\BIOMD0000000231.txt
BIOMD0000000233,BioMD_other,4,4,data\biomodels\BioMD_other\BIOMD0000000233.txt
BIOMD0000000305,BioMD_other,9,4,data\biomodels\BioMD_other\BIOMD0000000305.txt
BIOMD0000000309,BioMD_other,4,4,data\biomodels\BioMD_other\BIOMD0000000309.txt
BIOMD0000000312,BioMD_other,3,4,data\biomodels\BioMD_other\BIOMD0000000312.txt
BIOMD0000000316,BioMD_other,3,4,data\biomodels\BioMD_other\BIOMD0000000316.txt
BIOMD0000000363,BioMD_other,4,4,data\biomodels\BioMD_other\BIOMD0000000363.txt
BIOMD0000000425,BioMD_other,1,4,data\biomodels\BioMD_other\BIOMD0000000425.txt
BIOMD0000000485,BioMD_other,2,4,data\biomodels\BioMD_other\BIOMD0000000485.txt
BIOMD0000000552,BioMD_other,2,4,data\biomodels\BioMD_other\BIOMD0000000552.txt
BIOMD0000000553,BioMD_other,2,4,data\biomodels\BioMD_other\BIOMD0000000553.txt
BIOMD0000000558,BioMD_other,2,4,data\biomodels\BioMD_other\BIOMD0000000558.txt
BIOMD0000000614,BioMD_other,1,4,data\biomodels\BioMD_other\BIOMD0000000614.txt
BIOMD0000000617,BioMD_other,1,4,data\biomodels\BioMD_other\BIOMD0000000617.txt
BIOMD0000000758,BioMD_other,2,4,data\biomodels\BioMD_other\BIOMD0000000758.txt
BIOMD0000000760,BioMD_other,2,4,data\biomodels\BioMD_other\BIOMD0000000760.txt
BIOMD0000000774,BioMD_other,2,4,data\biomodels\BioMD_other\BIOMD0000000774.txt
BIOMD0000000776,BioMD_other,2,4,data\biomodels\BioMD_other\BIOMD0000000776.txt
BIOMD0000000787,BioMD_other,2,4,data\biomodels\BioMD_other\BIOMD0000000787.txt
BIOMD0000000799,BioMD_other,2,4,data\biomodels\BioMD_other\BIOMD0000000799.txt
BIOMD0000000825,BioMD_other,2,4,data\biomodels\BioMD_other\BIOMD0000000825.txt
BIOMD0000000850,BioMD_other,3,4,data\biomodels\BioMD_other\BIOMD0000000850.txt
BIOMD0000000851,BioMD_other,5,4,data\biomodels\BioMD_other\BIOMD0000000851.txt
BIOMD0000000866,BioMD_other,4,4,data\biomodels\BioMD_other\BIOMD0000000866.txt
BIOMD0000000897,BioMD_other,2,4,data\biomodels\BioMD_other\BIOMD0000000897.txt
BIOMD0000000923,BioMD_other,4,4,data\biomodels\BioMD_other\BIOMD0000000923.txt
BIOMD0000000974,BioMD_other,6,4,data\biomodels\BioMD_other\BIOMD0000000974.txt
BIOMD0000000979,BioMD_other,5,4,data\biomodels\BioMD_other\BIOMD0000000979.txt
BIOMD0000000980,BioMD_other,5,4,data\biomodels\BioMD_other\BIOMD0000000980.txt
BIOMD0000001010,BioMD_other,2,4,data\biomodels\BioMD_other\BIOMD0000001010.txt
BIOMD0000001013,BioMD_other,2,4,data\biomodels\BioMD_other\BIOMD0000001013.txt
BIOMD0000001024,BioMD_other,2,4,data\biomodels\BioMD_other\BIOMD0000001024.txt
BIOMD0000001031,BioMD_other,3,4,data\biomodels\BioMD_other\BIOMD0000001031.txt
BIOMD0000001041,BioMD_other,3,4,data\biomodels\BioMD_other\BIOMD0000001041.txt
BIOMD0000000027,BioMD_signaling,5,4,data\biomodels\BioMD_signaling\BIOMD0000000027.txt
BIOMD0000000031,BioMD_signaling,6,4,data\biomodels\BioMD_signaling\BIOMD0000000031.txt
BIOMD0000000114,BioMD_signaling,2,4,data\biomodels\BioMD_signaling\BIOMD0000000114.txt
BIOMD0000000258,BioMD_signaling,3,4,data\biomodels\BioMD_signaling\BIOMD0000000258.txt
BIOMD0000000024,biomodels_all_txt,3,4,data\biomodels\biomodels_all_txt\BIOMD0000000024.txt
BIOMD0000000025,biomodels_all_txt,4,4,data\biomodels\biomodels_all_txt\BIOMD0000000025.txt
BIOMD0000000027,biomodels_all_txt,5,4,data\biomodels\biomodels_all_txt\BIOMD0000000027.txt
BIOMD0000000031,biomodels_all_txt,6,4,data\biomodels\biomodels_all_txt\BIOMD0000000031.txt
BIOMD0000000114,biomodels_all_txt,2,4,data\biomodels\biomodels_all_txt\BIOMD0000000114.txt
BIOMD0000000155,biomodels_all_txt,2,4,data\biomodels\biomodels_all_txt\BIOMD0000000155.txt
BIOMD0000000178,biomodels_all_txt,5,4,data\biomodels\biomodels_all_txt\BIOMD0000000178.txt
BIOMD0000000231,biomodels_all_txt,6,4,data\biomodels\biomodels_all_txt\BIOMD0000000231.txt
BIOMD0000000233,biomodels_all_txt,4,4,data\biomodels\biomodels_all_txt\BIOMD0000000233.txt
BIOMD0000000236,biomodels_all_txt,7,4,data\biomodels\biomodels_all_txt\BIOMD0000000236.txt
BIOMD0000000253,biomodels_all_txt,6,4,data\biomodels\biomodels_all_txt\BIOMD0000000253.txt
BIOMD0000000258,biomodels_all_txt,3,4,data\biomodels\biomodels_all_txt\BIOMD0000000258.txt
BIOMD0000000292,biomodels_all_txt,6,4,data\biomodels\biomodels_all_txt\BIOMD0000000292.txt
BIOMD0000000305,biomodels_all_txt,9,4,data\biomodels\biomodels_all_txt\BIOMD0000000305.txt
BIOMD0000000309,biomodels_all_txt,4,4,data\biomodels\biomodels_all_txt\BIOMD0000000309.txt
BIOMD0000000312,biomodels_all_txt,3,4,data\biomodels\biomodels_all_txt\BIOMD0000000312.txt
BIOMD0000000316,biomodels_all_txt,3,4,data\biomodels\biomodels_all_txt\BIOMD0000000316.txt
BIOMD0000000319,biomodels_all_txt,3,4,data\biomodels\biomodels_all_txt\BIOMD0000000319.txt
BIOMD0000000363,biomodels_all_txt,4,4,data\biomodels\biomodels_all_txt\BIOMD0000000363.txt
BIOMD0000000383,biomodels_all_txt,6,4,data\biomodels\biomodels_all_txt\BIOMD0000000383.txt
BIOMD0000000384,biomodels_all_txt,6,4,data\biomodels\biomodels_all_txt\BIOMD0000000384.txt
BIOMD0000000385,biomodels_all_txt,6,4,data\biomodels\biomodels_all_txt\BIOMD0000000385.txt
BIOMD0000000386,biomodels_all_txt,6,4,data\biomodels\biomodels_all_txt\BIOMD0000000386.txt
BIOMD0000000387,biomodels_all_txt,6,4,data\biomodels\biomodels_all_txt\BIOMD0000000387.txt
BIOMD0000000420,biomodels_all_txt,2,4,data\biomodels\biomodels_all_txt\BIOMD0000000420.txt
BIOMD0000000421,biomodels_all_txt,2,4,data\biomodels\biomodels_all_txt\BIOMD0000000421.txt
BIOMD0000000425,biomodels_all_txt,1,4,data\biomodels\biomodels_all_txt\BIOMD0000000425.txt
BIOMD0000000454,biomodels_all_txt,8,4,data\biomodels\biomodels_all_txt\BIOMD0000000454.txt
BIOMD0000000485,biomodels_all_txt,2,4,data\biomodels\biomodels_all_txt\BIOMD0000000485.txt
BIOMD0000000507,biomodels_all_txt,2,4,data\biomodels\biomodels_all_txt\BIOMD0000000507.txt
BIOMD0000000552,biomodels_all_txt,2,4,data\biomodels\biomodels_all_txt\BIOMD0000000552.txt
BIOMD0000000553,biomodels_all_txt,2,4,data\biomodels\biomodels_all_txt\BIOMD0000000553.txt
BIOMD0000000558,biomodels_all_txt,2,4,data\biomodels\biomodels_all_txt\BIOMD0000000558.txt
BIOMD0000000614,biomodels_all_txt,1,4,data\biomodels\biomodels_all_txt\BIOMD0000000614.txt
BIOMD0000000617,biomodels_all_txt,1,4,data\biomodels\biomodels_all_txt\BIOMD0000000617.txt
BIOMD0000000678,biomodels_all_txt,4,4,data\biomodels\biomodels_all_txt\BIOMD0000000678.txt
BIOMD0000000758,biomodels_all_txt,2,4,data\biomodels\biomodels_all_txt\BIOMD0000000758.txt
BIOMD0000000760,biomodels_all_txt,2,4,data\biomodels\biomodels_all_txt\BIOMD0000000760.txt
BIOMD0000000774,biomodels_all_txt,2,4,data\biomodels\biomodels_all_txt\BIOMD0000000774.txt
BIOMD0000000776,biomodels_all_txt,2,4,data\biomodels\biomodels_all_txt\BIOMD0000000776.txt
BIOMD0000000787,biomodels_all_txt,2,4,data\biomodels\biomodels_all_txt\BIOMD0000000787.txt
BIOMD0000000799,biomodels_all_txt,2,4,data\biomodels\biomodels_all_txt\BIOMD0000000799.txt
BIOMD0000000825,biomodels_all_txt,2,4,data\biomodels\biomodels_all_txt\BIOMD0000000825.txt
BIOMD0000000850,biomodels_all_txt,3,4,data\biomodels\biomodels_all_txt\BIOMD0000000850.txt
BIOMD0000000851,biomodels_all_txt,5,4,data\biomodels\biomodels_all_txt\BIOMD0000000851.txt
BIOMD0000000866,biomodels_all_txt,4,4,data\biomodels\biomodels_all_txt\BIOMD0000000866.txt
BIOMD0000000897,biomodels_all_txt,2,4,data\biomodels\biomodels_all_txt\BIOMD0000000897.txt
BIOMD0000000916,biomodels_all_txt,6,4,data\biomodels\biomodels_all_txt\BIOMD0000000916.txt
BIOMD0000000920,biomodels_all_txt,4,4,data\biomodels\biomodels_all_txt\BIOMD0000000920.txt
BIOMD0000000923,biomodels_all_txt,4,4,data\biomodels\biomodels_all_txt\BIOMD0000000923.txt
BIOMD0000000935,biomodels_all_txt,2,4,data\biomodels\biomodels_all_txt\BIOMD0000000935.txt
BIOMD0000000974,biomodels_all_txt,6,4,data\biomodels\biomodels_all_txt\BIOMD0000000974.txt
BIOMD0000000979,biomodels_all_txt,5,4,data\biomodels\biomodels_all_txt\BIOMD0000000979.txt
BIOMD0000000980,biomodels_all_txt,5,4,data\biomodels\biomodels_all_txt\BIOMD0000000980.txt
BIOMD0000001010,biomodels_all_txt,2,4,data\biomodels\biomodels_all_txt\BIOMD0000001010.txt
BIOMD0000001013,biomodels_all_txt,2,4,data\biomodels\biomodels_all_txt\BIOMD0000001013.txt
BIOMD0000001024,biomodels_all_txt,2,4,data\biomodels\biomodels_all_txt\BIOMD0000001024.txt
BIOMD0000001031,biomodels_all_txt,3,4,data\biomodels\biomodels_all_txt\BIOMD0000001031.txt
BIOMD0000001041,biomodels_all_txt,3,4,data\biomodels\biomodels_all_txt\BIOMD0000001041.txt
BIOMD0000000024,Biomodels_txt_sample,3,4,data\biomodels\biomodels_all_txt\Biomodels_txt_sample\BIOMD0000000024.txt
BIOMD0000000025,Biomodels_txt_sample,4,4,data\biomodels\biomodels_all_txt\Biomodels_txt_sample\BIOMD0000000025.txt
BIOMD0000000027,Biomodels_txt_sample,5,4,data\biomodels\biomodels_all_txt\Biomodels_txt_sample\BIOMD0000000027.txt
BIOMD0000000031,Biomodels_txt_sample,6,4,data\biomodels\biomodels_all_txt\Biomodels_txt_sample\BIOMD0000000031.txt
BIOMD0000000114,Biomodels_txt_sample,2,4,data\biomodels\biomodels_all_txt\Biomodels_txt_sample\BIOMD0000000114.txt
BIOMD0000000155,Biomodels_txt_sample,2,4,data\biomodels\biomodels_all_txt\Biomodels_txt_sample\BIOMD0000000155.txt
BIOMD0000000178,Biomodels_txt_sample,5,4,data\biomodels\biomodels_all_txt\Biomodels_txt_sample\BIOMD0000000178.txt
BIOMD0000000231,Biomodels_txt_sample,6,4,data\biomodels\biomodels_all_txt\Biomodels_txt_sample\BIOMD0000000231.txt
BIOMD0000000233,Biomodels_txt_sample,4,4,data\biomodels\biomodels_all_txt\Biomodels_txt_sample\BIOMD0000000233.txt
BIOMD0000000236,Biomodels_txt_sample,7,4,data\biomodels\biomodels_all_txt\Biomodels_txt_sample\BIOMD0000000236.txt
BIOMD0000000253,Biomodels_txt_sample,6,4,data\biomodels\biomodels_all_txt\Biomodels_txt_sample\BIOMD0000000253.txt
BIOMD0000000258,Biomodels_txt_sample,3,4,data\biomodels\biomodels_all_txt\Biomodels_txt_sample\BIOMD0000000258.txt
BIOMD0000000292,Biomodels_txt_sample,6,4,data\biomodels\biomodels_all_txt\Biomodels_txt_sample\BIOMD0000000292.txt
BIOMD0000000305,Biomodels_txt_sample,9,4,data\biomodels\biomodels_all_txt\Biomodels_txt_sample\BIOMD0000000305.txt
BIOMD0000000309,Biomodels_txt_sample,4,4,data\biomodels\biomodels_all_txt\Biomodels_txt_sample\BIOMD0000000309.txt
BIOMD0000000312,Biomodels_txt_sample,3,4,data\biomodels\biomodels_all_txt\Biomodels_txt_sample\BIOMD0000000312.txt
BIOMD0000000316,Biomodels_txt_sample,3,4,data\biomodels\biomodels_all_txt\Biomodels_txt_sample\BIOMD0000000316.txt
BIOMD0000000319,Biomodels_txt_sample,3,4,data\biomodels\biomodels_all_txt\Biomodels_txt_sample\BIOMD0000000319.txt
BIOMD0000000363,Biomodels_txt_sample,4,4,data\biomodels\biomodels_all_txt\Biomodels_txt_sample\BIOMD0000000363.txt
BIOMD0000000383,Biomodels_txt_sample,6,4,data\biomodels\biomodels_all_txt\Biomodels_txt_sample\BIOMD0000000383.txt
BIOMD0000000384,Biomodels_txt_sample,6,4,data\biomodels\biomodels_all_txt\Biomodels_txt_sample\BIOMD0000000384.txt
BIOMD0000000385,Biomodels_txt_sample,6,4,data\biomodels\biomodels_all_txt\Biomodels_txt_sample\BIOMD0000000385.txt
BIOMD0000000386,Biomodels_txt_sample,6,4,data\biomodels\biomodels_all_txt\Biomodels_txt_sample\BIOMD0000000386.txt
BIOMD0000000387,Biomodels_txt_sample,6,4,data\biomodels\biomodels_all_txt\Biomodels_txt_sample\BIOMD0000000387.txt
BIOMD0000000420,Biomodels_txt_sample,2,4,data\biomodels\biomodels_all_txt\Biomodels_txt_sample\BIOMD0000000420.txt
BIOMD0000000421,Biomodels_txt_sample,2,4,data\biomodels\biomodels_all_txt\Biomodels_txt_sample\BIOMD0000000421.txt
BIOMD0000000425,Biomodels_txt_sample,1,4,data\biomodels\biomodels_all_txt\Biomodels_txt_sample\BIOMD0000000425.txt
BIOMD0000000454,Biomodels_txt_sample,8,4,data\biomodels\biomodels_all_txt\Biomodels_txt_sample\BIOMD0000000454.txt
BIOMD0000000485,Biomodels_txt_sample,2,4,data\biomodels\biomodels_all_txt\Biomodels_txt_sample\BIOMD0000000485.txt
BIOMD0000000507,Biomodels_txt_sample,2,4,data\biomodels\biomodels_all_txt\Biomodels_txt_sample\BIOMD0000000507.txt
BIOMD0000000552,Biomodels_txt_sample,2,4,data\biomodels\biomodels_all_txt\Biomodels_txt_sample\BIOMD0000000552.txt
BIOMD0000000553,Biomodels_txt_sample,2,4,data\biomodels\biomodels_all_txt\Biomodels_txt_sample\BIOMD0000000553.txt
BIOMD0000000558,Biomodels_txt_sample,2,4,data\biomodels\biomodels_all_txt\Biomodels_txt_sample\BIOMD0000000558.txt
BIOMD0000000614,Biomodels_txt_sample,1,4,data\biomodels\biomodels_all_txt\Biomodels_txt_sample\BIOMD0000000614.txt
BIOMD0000000617,Biomodels_txt_sample,1,4,data\biomodels\biomodels_all_txt\Biomodels_txt_sample\BIOMD0000000617.txt
BIOMD0000000678,Biomodels_txt_sample,4,4,data\biomodels\biomodels_all_txt\Biomodels_txt_sample\BIOMD0000000678.txt
BIOMD0000000758,Biomodels_txt_sample,2,4,data\biomodels\biomodels_all_txt\Biomodels_txt_sample\BIOMD0000000758.txt
BIOMD0000000760,Biomodels_txt_sample,2,4,data\biomodels\biomodels_all_txt\Biomodels_txt_sample\BIOMD0000000760.txt
BIOMD0000000774,Biomodels_txt_sample,2,4,data\biomodels\biomodels_all_txt\Biomodels_txt_sample\BIOMD0000000774.txt
BIOMD0000000776,Biomodels_txt_sample,2,4,data\biomodels\biomodels_all_txt\Biomodels_txt_sample\BIOMD0000000776.txt
BIOMD0000000787,Biomodels_txt_sample,2,4,data\biomodels\biomodels_all_txt\Biomodels_txt_sample\BIOMD0000000787.txt
BIOMD0000000799,Biomodels_txt_sample,2,4,data\biomodels\biomodels_all_txt\Biomodels_txt_sample\BIOMD0000000799.txt
BIOMD0000000825,Biomodels_txt_sample,2,4,data\biomodels\biomodels_all_txt\Biomodels_txt_sample\BIOMD0000000825.txt
BIOMD0000000850,Biomodels_txt_sample,3,4,data\biomodels\biomodels_all_txt\Biomodels_txt_sample\BIOMD0000000850.txt
BIOMD0000000851,Biomodels_txt_sample,5,4,data\biomodels\biomodels_all_txt\Biomodels_txt_sample\BIOMD0000000851.txt
BIOMD0000000866,Biomodels_txt_sample,4,4,data\biomodels\biomodels_all_txt\Biomodels_txt_sample\BIOMD0000000866.txt
BIOMD0000000897,Biomodels_txt_sample,2,4,data\biomodels\biomodels_all_txt\Biomodels_txt_sample\BIOMD0000000897.txt
BIOMD0000000916,Biomodels_txt_sample,6,4,data\biomodels\biomodels_all_txt\Biomodels_txt_sample\BIOMD0000000916.txt
BIOMD0000000920,Biomodels_txt_sample,4,4,data\biomodels\biomodels_all_txt\Biomodels_txt_sample\BIOMD0000000920.txt
BIOMD0000000923,Biomodels_txt_sample,4,4,data\biomodels\biomodels_all_txt\Biomodels_txt_sample\BIOMD0000000923.txt
BIOMD0000000935,Biomodels_txt_sample,2,4,data\biomodels\biomodels_all_txt\Biomodels_txt_sample\BIOMD0000000935.txt
BIOMD0000000974,Biomodels_txt_sample,6,4,data\biomodels\biomodels_all_txt\Biomodels_txt_sample\BIOMD0000000974.txt
BIOMD0000000979,Biomodels_txt_sample,5,4,data\biomodels\biomodels_all_txt\Biomodels_txt_sample\BIOMD0000000979.txt
BIOMD0000000980,Biomodels_txt_sample,5,4,data\biomodels\biomodels_all_txt\Biomodels_txt_sample\BIOMD0000000980.txt
BIOMD0000001010,Biomodels_txt_sample,2,4,data\biomodels\biomodels_all_txt\Biomodels_txt_sample\BIOMD0000001010.txt
BIOMD0000001013,Biomodels_txt_sample,2,4,data\biomodels\biomodels_all_txt\Biomodels_txt_sample\BIOMD0000001013.txt
BIOMD0000001024,Biomodels_txt_sample,2,4,data\biomodels\biomodels_all_txt\Biomodels_txt_sample\BIOMD0000001024.txt
BIOMD0000001031,Biomodels_txt_sample,3,4,data\biomodels\biomodels_all_txt\Biomodels_txt_sample\BIOMD0000001031.txt
BIOMD0000001041,Biomodels_txt_sample,3,4,data\biomodels\biomodels_all_txt\Biomodels_txt_sample\BIOMD0000001041.txt
BIOMD0000000728,BioMD_cell_cycle,2,5,data\biomodels\BioMD_cell_cycle\BIOMD0000000728.txt
BIOMD0000000036,BioMD_circadian,3,5,data\biomodels\BioMD_circadian\BIOMD0000000036.txt
BIOMD0000000040,BioMD_circadian,5,5,data\biomodels\BioMD_circadian\BIOMD0000000040.txt
BIOMD0000000546,BioMD_immune,3,5,data\biomodels\BioMD_immune\BIOMD0000000546.txt
BIOMD0000000752,BioMD_immune,3,5,data\biomodels\BioMD_immune\BIOMD0000000752.txt
BIOMD0000000910,BioMD_immune,3,5,data\biomodels\BioMD_immune\BIOMD0000000910.txt
BIOMD0000000919,BioMD_immune,2,5,data\biomodels\BioMD_immune\BIOMD0000000919.txt
BIOMD0000001011,BioMD_immune,3,5,data\biomodels\BioMD_immune\BIOMD0000001011.txt
BIOMD0000001056,BioMD_immune,3,5,data\biomodels\BioMD_immune\BIOMD0000001056.txt
BIOMD0000000054,BioMD_metabolic,3,5,data\biomodels\BioMD_metabolic\BIOMD0000000054.txt
BIOMD0000000062,BioMD_metabolic,3,5,data\biomodels\BioMD_metabolic\BIOMD0000000062.txt
BIOMD0000000248,BioMD_metabolic,9,5,data\biomodels\BioMD_metabolic\BIOMD0000000248.txt
BIOMD0000000455,BioMD_metabolic,9,5,data\biomodels\BioMD_metabolic\BIOMD0000000455.txt
BIOMD0000000624,BioMD_metabolic,7,5,data\biomodels\BioMD_metabolic\BIOMD0000000624.txt
BIOMD0000000932,BioMD_metabolic,4,5,data\biomodels\BioMD_metabolic\BIOMD0000000932.txt
BIOMD0000000077,BioMD_other,7,5,data\biomodels\BioMD_other\BIOMD0000000077.txt
BIOMD0000000121,BioMD_other,5,5,data\biomodels\BioMD_other\BIOMD0000000121.txt
BIOMD0000000154,BioMD_other,2,5,data\biomodels\BioMD_other\BIOMD0000000154.txt
BIOMD0000000156,BioMD_other,3,5,data\biomodels\BioMD_other\BIOMD0000000156.txt
BIOMD0000000191,BioMD_other,3,5,data\biomodels\BioMD_other\BIOMD0000000191.txt
BIOMD0000000307,BioMD_other,5,5,data\biomodels\BioMD_other\BIOMD0000000307.txt
BIOMD0000000311,BioMD_other,4,5,data\biomodels\BioMD_other\BIOMD0000000311.txt
BIOMD0000000337,BioMD_other,3,5,data\biomodels\BioMD_other\BIOMD0000000337.txt
BIOMD0000000361,BioMD_other,8,5,data\biomodels\BioMD_other\BIOMD0000000361.txt
BIOMD0000000415,BioMD_other,10,5,data\biomodels\BioMD_other\BIOMD0000000415.txt
BIOMD0000000692,BioMD_other,8,5,data\biomodels\BioMD_other\BIOMD0000000692.txt
BIOMD0000000767,BioMD_other,3,5,data\biomodels\BioMD_other\BIOMD0000000767.txt
BIOMD0000000782,BioMD_other,2,5,data\biomodels\BioMD_other\BIOMD0000000782.txt
BIOMD0000000785,BioMD_other,2,5,data\biomodels\BioMD_other\BIOMD0000000785.txt
BIOMD0000000789,BioMD_other,4,5,data\biomodels\BioMD_other\BIOMD0000000789.txt
BIOMD0000000793,BioMD_other,2,5,data\biomodels\BioMD_other\BIOMD0000000793.txt
BIOMD0000000814,BioMD_other,3,5,data\biomodels\BioMD_other\BIOMD0000000814.txt
BIOMD0000000860,BioMD_other,4,5,data\biomodels\BioMD_other\BIOMD0000000860.txt
BIOMD0000000868,BioMD_other,5,5,data\biomodels\BioMD_other\BIOMD0000000868.txt
BIOMD0000000976,BioMD_other,4,5,data\biomodels\BioMD_other\BIOMD0000000976.txt
BIOMD0000001057,BioMD_other,2,5,data\biomodels\BioMD_other\BIOMD0000001057.txt
BIOMD0000000057,BioMD_signaling,6,5,data\biomodels\BioMD_signaling\BIOMD0000000057.txt
BIOMD0000000115,BioMD_signaling,2,5,data\biomodels\BioMD_signaling\BIOMD0000000115.txt
BIOMD0000000927,BioMD_signaling,3,5,data\biomodels\BioMD_signaling\BIOMD0000000927.txt
BIOMD0000000785,BIOMD0000000785,3,5,data\biomodels\biomodels_all\BIOMD0000000785\BIOMD0000000785.txt
BIOMD0000000860,BIOMD0000000860,4,5,data\biomodels\biomodels_all\BIOMD0000000860\BIOMD0000000860.txt
BIOMD0000000036,biomodels_all_txt,3,5,data\biomodels\biomodels_all_txt\BIOMD0000000036.txt
BIOMD0000000040,biomodels_all_txt,5,5,data\biomodels\biomodels_all_txt\BIOMD0000000040.txt
BIOMD0000000054,biomodels_all_txt,3,5,data\biomodels\biomodels_all_txt\BIOMD0000000054.txt
BIOMD0000000057,biomodels_all_txt,6,5,data\biomodels\biomodels_all_txt\BIOMD0000000057.txt
BIOMD0000000062,biomodels_all_txt,3,5,data\biomodels\biomodels_all_txt\BIOMD0000000062.txt
BIOMD0000000077,biomodels_all_txt,7,5,data\biomodels\biomodels_all_txt\BIOMD0000000077.txt
BIOMD0000000115,biomodels_all_txt,2,5,data\biomodels\biomodels_all_txt\BIOMD0000000115.txt
BIOMD0000000121,biomodels_all_txt,5,5,data\biomodels\biomodels_all_txt\BIOMD0000000121.txt
BIOMD0000000154,biomodels_all_txt,2,5,data\biomodels\biomodels_all_txt\BIOMD0000000154.txt
BIOMD0000000156,biomodels_all_txt,3,5,data\biomodels\biomodels_all_txt\BIOMD0000000156.txt
BIOMD0000000191,biomodels_all_txt,3,5,data\biomodels\biomodels_all_txt\BIOMD0000000191.txt
BIOMD0000000248,biomodels_all_txt,9,5,data\biomodels\biomodels_all_txt\BIOMD0000000248.txt
BIOMD0000000307,biomodels_all_txt,5,5,data\biomodels\biomodels_all_txt\BIOMD0000000307.txt
BIOMD0000000311,biomodels_all_txt,4,5,data\biomodels\biomodels_all_txt\BIOMD0000000311.txt
BIOMD0000000337,biomodels_all_txt,3,5,data\biomodels\biomodels_all_txt\BIOMD0000000337.txt
BIOMD0000000361,biomodels_all_txt,8,5,data\biomodels\biomodels_all_txt\BIOMD0000000361.txt
BIOMD0000000415,biomodels_all_txt,10,5,data\biomodels\biomodels_all_txt\BIOMD0000000415.txt
BIOMD0000000455,biomodels_all_txt,9,5,data\biomodels\biomodels_all_txt\BIOMD0000000455.txt
BIOMD0000000546,biomodels_all_txt,3,5,data\biomodels\biomodels_all_txt\BIOMD0000000546.txt
BIOMD0000000624,biomodels_all_txt,7,5,data\biomodels\biomodels_all_txt\BIOMD0000000624.txt
BIOMD0000000692,biomodels_all_txt,8,5,data\biomodels\biomodels_all_txt\BIOMD0000000692.txt
BIOMD0000000728,biomodels_all_txt,2,5,data\biomodels\biomodels_all_txt\BIOMD0000000728.txt
BIOMD0000000752,biomodels_all_txt,3,5,data\biomodels\biomodels_all_txt\BIOMD0000000752.txt
BIOMD0000000767,biomodels_all_txt,3,5,data\biomodels\biomodels_all_txt\BIOMD0000000767.txt
BIOMD0000000782,biomodels_all_txt,2,5,data\biomodels\biomodels_all_txt\BIOMD0000000782.txt
BIOMD0000000785,biomodels_all_txt,2,5,data\biomodels\biomodels_all_txt\BIOMD0000000785.txt
BIOMD0000000789,biomodels_all_txt,4,5,data\biomodels\biomodels_all_txt\BIOMD0000000789.txt
BIOMD0000000793,biomodels_all_txt,2,5,data\biomodels\biomodels_all_txt\BIOMD0000000793.txt
BIOMD0000000814,biomodels_all_txt,3,5,data\biomodels\biomodels_all_txt\BIOMD0000000814.txt
BIOMD0000000860,biomodels_all_txt,4,5,data\biomodels\biomodels_all_txt\BIOMD0000000860.txt
BIOMD0000000868,biomodels_all_txt,5,5,data\biomodels\biomodels_all_txt\BIOMD0000000868.txt
BIOMD0000000910,biomodels_all_txt,3,5,data\biomodels\biomodels_all_txt\BIOMD0000000910.txt
BIOMD0000000919,biomodels_all_txt,2,5,data\biomodels\biomodels_all_txt\BIOMD0000000919.txt
BIOMD0000000927,biomodels_all_txt,3,5,data\biomodels\biomodels_all_txt\BIOMD0000000927.txt
BIOMD0000000932,biomodels_all_txt,4,5,data\biomodels\biomodels_all_txt\BIOMD0000000932.txt
BIOMD0000000976,biomodels_all_txt,4,5,data\biomodels\biomodels_all_txt\BIOMD0000000976.txt
BIOMD0000001011,biomodels_all_txt,3,5,data\biomodels\biomodels_all_txt\BIOMD0000001011.txt
BIOMD0000001056,biomodels_all_txt,3,5,data\biomodels\biomodels_all_txt\BIOMD0000001056.txt
BIOMD0000001057,biomodels_all_txt,2,5,data\biomodels\biomodels_all_txt\BIOMD0000001057.txt
BIOMD0000000036,Biomodels_txt_sample,3,5,data\biomodels\biomodels_all_txt\Biomodels_txt_sample\BIOMD0000000036.txt
BIOMD0000000040,Biomodels_txt_sample,5,5,data\biomodels\biomodels_all_txt\Biomodels_txt_sample\BIOMD0000000040.txt
BIOMD0000000054,Biomodels_txt_sample,3,5,data\biomodels\biomodels_all_txt\Biomodels_txt_sample\BIOMD0000000054.txt
BIOMD0000000057,Biomodels_txt_sample,6,5,data\biomodels\biomodels_all_txt\Biomodels_txt_sample\BIOMD0000000057.txt
BIOMD0000000062,Biomodels_txt_sample,3,5,data\biomodels\biomodels_all_txt\Biomodels_txt_sample\BIOMD0000000062.txt
BIOMD0000000077,Biomodels_txt_sample,7,5,data\biomodels\biomodels_all_txt\Biomodels_txt_sample\BIOMD0000000077.txt
BIOMD0000000115,Biomodels_txt_sample,2,5,data\biomodels\biomodels_all_txt\Biomodels_txt_sample\BIOMD0000000115.txt
BIOMD0000000121,Biomodels_txt_sample,5,5,data\biomodels\biomodels_all_txt\Biomodels_txt_sample\BIOMD0000000121.txt
BIOMD0000000154,Biomodels_txt_sample,2,5,data\biomodels\biomodels_all_txt\Biomodels_txt_sample\BIOMD0000000154.txt
BIOMD0000000156,Biomodels_txt_sample,3,5,data\biomodels\biomodels_all_txt\Biomodels_txt_sample\BIOMD0000000156.txt
BIOMD0000000191,Biomodels_txt_sample,3,5,data\biomodels\biomodels_all_txt\Biomodels_txt_sample\BIOMD0000000191.txt
BIOMD0000000248,Biomodels_txt_sample,9,5,data\biomodels\biomodels_all_txt\Biomodels_txt_sample\BIOMD0000000248.txt
BIOMD0000000307,Biomodels_txt_sample,5,5,data\biomodels\biomodels_all_txt\Biomodels_txt_sample\BIOMD0000000307.txt
BIOMD0000000311,Biomodels_txt_sample,4,5,data\biomodels\biomodels_all_txt\Biomodels_txt_sample\BIOMD0000000311.txt
BIOMD0000000337,Biomodels_txt_sample,3,5,data\biomodels\biomodels_all_txt\Biomodels_txt_sample\BIOMD0000000337.txt
BIOMD0000000361,Biomodels_txt_sample,8,5,data\biomodels\biomodels_all_txt\Biomodels_txt_sample\BIOMD0000000361.txt
BIOMD0000000415,Biomodels_txt_sample,10,5,data\biomodels\biomodels_all_txt\Biomodels_txt_sample\BIOMD0000000415.txt
BIOMD0000000455,Biomodels_txt_sample,9,5,data\biomodels\biomodels_all_txt\Biomodels_txt_sample\BIOMD0000000455.txt
BIOMD0000000546,Biomodels_txt_sample,3,5,data\biomodels\biomodels_all_txt\Biomodels_txt_sample\BIOMD0000000546.txt
BIOMD0000000624,Biomodels_txt_sample,7,5,data\biomodels\biomodels_all_txt\Biomodels_txt_sample\BIOMD0000000624.txt
BIOMD0000000692,Biomodels_txt_sample,8,5,data\biomodels\biomodels_all_txt\Biomodels_txt_sample\BIOMD0000000692.txt
BIOMD0000000728,Biomodels_txt_sample,2,5,data\biomodels\biomodels_all_txt\Biomodels_txt_sample\BIOMD0000000728.txt
BIOMD0000000752,Biomodels_txt_sample,3,5,data\biomodels\biomodels_all_txt\Biomodels_txt_sample\BIOMD0000000752.txt
BIOMD0000000767,Biomodels_txt_sample,3,5,data\biomodels\biomodels_all_txt\Biomodels_txt_sample\BIOMD0000000767.txt
BIOMD0000000782,Biomodels_txt_sample,2,5,data\biomodels\biomodels_all_txt\Biomodels_txt_sample\BIOMD0000000782.txt
BIOMD0000000785,Biomodels_txt_sample,2,5,data\biomodels\biomodels_all_txt\Biomodels_txt_sample\BIOMD0000000785.txt
BIOMD0000000789,Biomodels_txt_sample,4,5,data\biomodels\biomodels_all_txt\Biomodels_txt_sample\BIOMD0000000789.txt
BIOMD0000000793,Biomodels_txt_sample,2,5,data\biomodels\biomodels_all_txt\Biomodels_txt_sample\BIOMD0000000793.txt
BIOMD0000000814,Biomodels_txt_sample,3,5,data\biomodels\biomodels_all_txt\Biomodels_txt_sample\BIOMD0000000814.txt
BIOMD0000000860,Biomodels_txt_sample,4,5,data\biomodels\biomodels_all_txt\Biomodels_txt_sample\BIOMD0000000860.txt
BIOMD0000000868,Biomodels_txt_sample,5,5,data\biomodels\biomodels_all_txt\Biomodels_txt_sample\BIOMD0000000868.txt
BIOMD0000000910,Biomodels_txt_sample,3,5,data\biomodels\biomodels_all_txt\Biomodels_txt_sample\BIOMD0000000910.txt
BIOMD0000000919,Biomodels_txt_sample,2,5,data\biomodels\biomodels_all_txt\Biomodels_txt_sample\BIOMD0000000919.txt
BIOMD0000000927,Biomodels_txt_sample,3,5,data\biomodels\biomodels_all_txt\Biomodels_txt_sample\BIOMD0000000927.txt
BIOMD0000000932,Biomodels_txt_sample,4,5,data\biomodels\biomodels_all_txt\Biomodels_txt_sample\BIOMD0000000932.txt
BIOMD0000000976,Biomodels_txt_sample,4,5,data\biomodels\biomodels_all_txt\Biomodels_txt_sample\BIOMD0000000976.txt
BIOMD0000001011,Biomodels_txt_sample,3,5,data\biomodels\biomodels_all_txt\Biomodels_txt_sample\BIOMD0000001011.txt
BIOMD0000001056,Biomodels_txt_sample,3,5,data\biomodels\biomodels_all_txt\Biomodels_txt_sample\BIOMD0000001056.txt
BIOMD0000001057,Biomodels_txt_sample,2,5,data\biomodels\biomodels_all_txt\Biomodels_txt_sample\BIOMD0000001057.txt
BIOMD0000000079,BioMD_cell_cycle,3,6,data\biomodels\BioMD_cell_cycle\BIOMD0000000079.txt
BIOMD0000000207,BioMD_cell_cycle,6,6,data\biomodels\BioMD_cell_cycle\BIOMD0000000207.txt
BIOMD0000000937,BioMD_cell_cycle,3,6,data\biomodels\BioMD_cell_cycle\BIOMD0000000937.txt
BIOMD0000000944,BioMD_cell_cycle,3,6,data\biomodels\BioMD_cell_cycle\BIOMD0000000944.txt
BIOMD0000000308,BioMD_circadian,6,6,data\biomodels\BioMD_circadian\BIOMD0000000308.txt
BIOMD0000000893,BioMD_circadian,3,6,data\biomodels\BioMD_circadian\BIOMD0000000893.txt
BIOMD0000000317,BioMD_gene_regulation,4,6,data\biomodels\BioMD_gene_regulation\BIOMD0000000317.txt
BIOMD0000000323,BioMD_gene_regulation,3,6,data\biomodels\BioMD_gene_regulation\BIOMD0000000323.txt
BIOMD0000000419,BioMD_gene_regulation,3,6,data\biomodels\BioMD_gene_regulation\BIOMD0000000419.txt
BIOMD0000000966,BioMD_gene_regulation,7,6,data\biomodels\BioMD_gene_regulation\BIOMD0000000966.txt
BIOMD0000000712,BioMD_immune,3,6,data\biomodels\BioMD_immune\BIOMD0000000712.txt
BIOMD0000000742,BioMD_immune,2,6,data\biomodels\BioMD_immune\BIOMD0000000742.txt
BIOMD0000000815,BioMD_immune,2,6,data\biomodels\BioMD_immune\BIOMD0000000815.txt
BIOMD0000000838,BioMD_immune,3,6,data\biomodels\BioMD_immune\BIOMD0000000838.txt
BIOMD0000000891,BioMD_immune,3,6,data\biomodels\BioMD_immune\BIOMD0000000891.txt
BIOMD0000000894,BioMD_immune,3,6,data\biomodels\BioMD_immune\BIOMD0000000894.txt
BIOMD0000000900,BioMD_immune,3,6,data\biomodels\BioMD_immune\BIOMD0000000900.txt
BIOMD0000000906,BioMD_immune,3,6,data\biomodels\BioMD_immune\BIOMD0000000906.txt
BIOMD0000000912,BioMD_immune,3,6,data\biomodels\BioMD_immune\BIOMD0000000912.txt
BIOMD0000001022,BioMD_immune,4,6,data\biomodels\BioMD_immune\BIOMD0000001022.txt
BIOMD0000001023,BioMD_immune,3,6,data\biomodels\BioMD_immune\BIOMD0000001023.txt
BIOMD0000001030,BioMD_immune,3,6,data\biomodels\BioMD_immune\BIOMD0000001030.txt
BIOMD0000001036,BioMD_immune,3,6,data\biomodels\BioMD_immune\BIOMD0000001036.txt
BIOMD0000000390,BioMD_metabolic,11,6,data\biomodels\BioMD_metabolic\BIOMD0000000390.txt
BIOMD0000000456,BioMD_metabolic,11,6,data\biomodels\BioMD_metabolic\BIOMD0000000456.txt
BIOMD0000000847,BioMD_metabolic,4,6,data\biomodels\BioMD_metabolic\BIOMD0000000847.txt
BIOMD0000000080,BioMD_other,10,6,data\biomodels\BioMD_other\BIOMD0000000080.txt
BIOMD0000000082,BioMD_other,10,6,data\biomodels\BioMD_other\BIOMD0000000082.txt
BIOMD0000000148,BioMD_other,5,6,data\biomodels\BioMD_other\BIOMD0000000148.txt
BIOMD0000000157,BioMD_other,3,6,data\biomodels\BioMD_other\BIOMD0000000157.txt
BIOMD0000000158,BioMD_other,3,6,data\biomodels\BioMD_other\BIOMD0000000158.txt
BIOMD0000000159,BioMD_other,3,6,data\biomodels\BioMD_other\BIOMD0000000159.txt
BIOMD0000000193,BioMD_other,8,6,data\biomodels\BioMD_other\BIOMD0000000193.txt
BIOMD0000000310,BioMD_other,4,6,data\biomodels\BioMD_other\BIOMD0000000310.txt
BIOMD0000000321,BioMD_other,3,6,data\biomodels\BioMD_other\BIOMD0000000321.txt
BIOMD0000000487,BioMD_other,6,6,data\biomodels\BioMD_other\BIOMD0000000487.txt
BIOMD0000000493,BioMD_other,3,6,data\biomodels\BioMD_other\BIOMD0000000493.txt
BIOMD0000000626,BioMD_other,6,6,data\biomodels\BioMD_other\BIOMD0000000626.txt
BIOMD0000000732,BioMD_other,5,6,data\biomodels\BioMD_other\BIOMD0000000732.txt
BIOMD0000000733,BioMD_other,3,6,data\biomodels\BioMD_other\BIOMD0000000733.txt
BIOMD0000000771,BioMD_other,3,6,data\biomodels\BioMD_other\BIOMD0000000771.txt
BIOMD0000000773,BioMD_other,3,6,data\biomodels\BioMD_other\BIOMD0000000773.txt
BIOMD0000000795,BioMD_other,2,6,data\biomodels\BioMD_other\BIOMD0000000795.txt
BIOMD0000000800,BioMD_other,3,6,data\biomodels\BioMD_other\BIOMD0000000800.txt
BIOMD0000000804,BioMD_other,3,6,data\biomodels\BioMD_other\BIOMD0000000804.txt
BIOMD0000000831,BioMD_other,3,6,data\biomodels\BioMD_other\BIOMD0000000831.txt
BIOMD0000000878,BioMD_other,3,6,data\biomodels\BioMD_other\BIOMD0000000878.txt
BIOMD0000000882,BioMD_other,3,6,data\biomodels\BioMD_other\BIOMD0000000882.txt
BIOMD0000000884,BioMD_other,3,6,data\biomodels\BioMD_other\BIOMD0000000884.txt
BIOMD0000000890,BioMD_other,3,6,data\biomodels\BioMD_other\BIOMD0000000890.txt
BIOMD0000000911,BioMD_other,3,6,data\biomodels\BioMD_other\BIOMD0000000911.txt
BIOMD0000000931,BioMD_other,3,6,data\biomodels\BioMD_other\BIOMD0000000931.txt
BIOMD0000000948,BioMD_other,6,6,data\biomodels\BioMD_other\BIOMD0000000948.txt
BIOMD0000001007,BioMD_other,3,6,data\biomodels\BioMD_other\BIOMD0000001007.txt
BIOMD0000001038,BioMD_other,3,6,data\biomodels\BioMD_other\BIOMD0000001038.txt
BIOMD0000001048,BioMD_other,3,6,data\biomodels\BioMD_other\BIOMD0000001048.txt
BIOMD0000000098,BioMD_signaling,2,6,data\biomodels\BioMD_signaling\BIOMD0000000098.txt
BIOMD0000000117,BioMD_signaling,2,6,data\biomodels\BioMD_signaling\BIOMD0000000117.txt
BIOMD0000000224,BioMD_signaling,4,6,data\biomodels\BioMD_signaling\BIOMD0000000224.txt
BIOMD0000000973,BioMD_signaling,2,6,data\biomodels\BioMD_signaling\BIOMD0000000973.txt
BIOMD0000000224,BIOMD0000000224,5,6,data\biomodels\biomodels_all\BIOMD0000000224\BIOMD0000000224.txt
BIOMD0000000712,BIOMD0000000712,4,6,data\biomodels\biomodels_all\BIOMD0000000712\BIOMD0000000712.txt
BIOMD0000000882,BIOMD0000000882,5,6,data\biomodels\biomodels_all\BIOMD0000000882\BIOMD0000000882.txt
BIOMD0000000079,biomodels_all_txt,3,6,data\biomodels\biomodels_all_txt\BIOMD0000000079.txt
BIOMD0000000080,biomodels_all_txt,10,6,data\biomodels\biomodels_all_txt\BIOMD0000000080.txt
BIOMD0000000082,biomodels_all_txt,10,6,data\biomodels\biomodels_all_txt\BIOMD0000000082.txt
BIOMD0000000098,biomodels_all_txt,2,6,data\biomodels\biomodels_all_txt\BIOMD0000000098.txt
BIOMD0000000117,biomodels_all_txt,2,6,data\biomodels\biomodels_all_txt\BIOMD0000000117.txt
BIOMD0000000148,biomodels_all_txt,5,6,data\biomodels\biomodels_all_txt\BIOMD0000000148.txt
BIOMD0000000157,biomodels_all_txt,3,6,data\biomodels\biomodels_all_txt\BIOMD0000000157.txt
BIOMD0000000158,biomodels_all_txt,3,6,data\biomodels\biomodels_all_txt\BIOMD0000000158.txt
BIOMD0000000159,biomodels_all_txt,3,6,data\biomodels\biomodels_all_txt\BIOMD0000000159.txt
BIOMD0000000193,biomodels_all_txt,8,6,data\biomodels\biomodels_all_txt\BIOMD0000000193.txt
BIOMD0000000207,biomodels_all_txt,6,6,data\biomodels\biomodels_all_txt\BIOMD0000000207.txt
BIOMD0000000224,biomodels_all_txt,4,6,data\biomodels\biomodels_all_txt\BIOMD0000000224.txt
BIOMD0000000308,biomodels_all_txt,6,6,data\biomodels\biomodels_all_txt\BIOMD0000000308.txt
BIOMD0000000310,biomodels_all_txt,4,6,data\biomodels\biomodels_all_txt\BIOMD0000000310.txt
BIOMD0000000317,biomodels_all_txt,4,6,data\biomodels\biomodels_all_txt\BIOMD0000000317.txt
BIOMD0000000321,biomodels_all_txt,3,6,data\biomodels\biomodels_all_txt\BIOMD0000000321.txt
BIOMD0000000323,biomodels_all_txt,3,6,data\biomodels\biomodels_all_txt\BIOMD0000000323.txt
BIOMD0000000390,biomodels_all_txt,11,6,data\biomodels\biomodels_all_txt\BIOMD0000000390.txt
BIOMD0000000419,biomodels_all_txt,3,6,data\biomodels\biomodels_all_txt\BIOMD0000000419.txt
BIOMD0000000456,biomodels_all_txt,11,6,data\biomodels\biomodels_all_txt\BIOMD0000000456.txt
BIOMD0000000487,biomodels_all_txt,6,6,data\biomodels\biomodels_all_txt\BIOMD0000000487.txt
BIOMD0000000493,biomodels_all_txt,3,6,data\biomodels\biomodels_all_txt\BIOMD0000000493.txt
BIOMD0000000626,biomodels_all_txt,6,6,data\biomodels\biomodels_all_txt\BIOMD0000000626.txt
BIOMD0000000712,biomodels_all_txt,3,6,data\biomodels\biomodels_all_txt\BIOMD0000000712.txt
BIOMD0000000732,biomodels_all_txt,5,6,data\biomodels\biomodels_all_txt\BIOMD0000000732.txt
BIOMD0000000733,biomodels_all_txt,3,6,data\biomodels\biomodels_all_txt\BIOMD0000000733.txt
BIOMD0000000742,biomodels_all_txt,2,6,data\biomodels\biomodels_all_txt\BIOMD0000000742.txt
BIOMD0000000771,biomodels_all_txt,3,6,data\biomodels\biomodels_all_txt\BIOMD0000000771.txt
BIOMD0000000773,biomodels_all_txt,3,6,data\biomodels\biomodels_all_txt\BIOMD0000000773.txt
BIOMD0000000795,biomodels_all_txt,2,6,data\biomodels\biomodels_all_txt\BIOMD0000000795.txt
BIOMD0000000800,biomodels_all_txt,3,6,data\biomodels\biomodels_all_txt\BIOMD0000000800.txt
BIOMD0000000804,biomodels_all_txt,3,6,data\biomodels\biomodels_all_txt\BIOMD0000000804.txt
BIOMD0000000815,biomodels_all_txt,2,6,data\biomodels\biomodels_all_txt\BIOMD0000000815.txt
BIOMD0000000831,biomodels_all_txt,3,6,data\biomodels\biomodels_all_txt\BIOMD0000000831.txt
BIOMD0000000838,biomodels_all_txt,3,6,data\biomodels\biomodels_all_txt\BIOMD0000000838.txt
BIOMD0000000847,biomodels_all_txt,4,6,data\biomodels\biomodels_all_txt\BIOMD0000000847.txt
BIOMD0000000878,biomodels_all_txt,3,6,data\biomodels\biomodels_all_txt\BIOMD0000000878.txt
BIOMD0000000882,biomodels_all_txt,3,6,data\biomodels\biomodels_all_txt\BIOMD0000000882.txt
BIOMD0000000884,biomodels_all_txt,3,6,data\biomodels\biomodels_all_txt\BIOMD0000000884.txt
BIOMD0000000890,biomodels_all_txt,3,6,data\biomodels\biomodels_all_txt\BIOMD0000000890.txt
BIOMD0000000891,biomodels_all_txt,3,6,data\biomodels\biomodels_all_txt\BIOMD0000000891.txt
BIOMD0000000893,biomodels_all_txt,3,6,data\biomodels\biomodels_all_txt\BIOMD0000000893.txt
BIOMD0000000894,biomodels_all_txt,3,6,data\biomodels\biomodels_all_txt\BIOMD0000000894.txt
BIOMD0000000900,biomodels_all_txt,3,6,data\biomodels\biomodels_all_txt\BIOMD0000000900.txt
BIOMD0000000906,biomodels_all_txt,3,6,data\biomodels\biomodels_all_txt\BIOMD0000000906.txt
BIOMD0000000911,biomodels_all_txt,3,6,data\biomodels\biomodels_all_txt\BIOMD0000000911.txt
BIOMD0000000912,biomodels_all_txt,3,6,data\biomodels\biomodels_all_txt\BIOMD0000000912.txt
BIOMD0000000931,biomodels_all_txt,3,6,data\biomodels\biomodels_all_txt\BIOMD0000000931.txt
BIOMD0000000937,biomodels_all_txt,3,6,data\biomodels\biomodels_all_txt\BIOMD0000000937.txt
BIOMD0000000944,biomodels_all_txt,3,6,data\biomodels\biomodels_all_txt\BIOMD0000000944.txt
BIOMD0000000948,biomodels_all_txt,6,6,data\biomodels\biomodels_all_txt\BIOMD0000000948.txt
BIOMD0000000966,biomodels_all_txt,7,6,data\biomodels\biomodels_all_txt\BIOMD0000000966.txt
BIOMD0000000973,biomodels_all_txt,2,6,data\biomodels\biomodels_all_txt\BIOMD0000000973.txt
BIOMD0000001007,biomodels_all_txt,3,6,data\biomodels\biomodels_all_txt\BIOMD0000001007.txt
BIOMD0000001022,biomodels_all_txt,4,6,data\biomodels\biomodels_all_txt\BIOMD0000001022.txt
BIOMD0000001023,biomodels_all_txt,3,6,data\biomodels\biomodels_all_txt\BIOMD0000001023.txt
BIOMD0000001030,biomodels_all_txt,3,6,data\biomodels\biomodels_all_txt\BIOMD0000001030.txt
BIOMD0000001036,biomodels_all_txt,3,6,data\biomodels\biomodels_all_txt\BIOMD0000001036.txt
BIOMD0000001038,biomodels_all_txt,3,6,data\biomodels\biomodels_all_txt\BIOMD0000001038.txt
BIOMD0000001048,biomodels_all_txt,3,6,data\biomodels\biomodels_all_txt\BIOMD0000001048.txt
BIOMD0000000079,Biomodels_txt_sample,3,6,data\biomodels\biomodels_all_txt\Biomodels_txt_sample\BIOMD0000000079.txt
BIOMD0000000080,Biomodels_txt_sample,10,6,data\biomodels\biomodels_all_txt\Biomodels_txt_sample\BIOMD0000000080.txt
BIOMD0000000082,Biomodels_txt_sample,10,6,data\biomodels\biomodels_all_txt\Biomodels_txt_sample\BIOMD0000000082.txt
BIOMD0000000098,Biomodels_txt_sample,2,6,data\biomodels\biomodels_all_txt\Biomodels_txt_sample\BIOMD0000000098.txt
BIOMD0000000117,Biomodels_txt_sample,2,6,data\biomodels\biomodels_all_txt\Biomodels_txt_sample\BIOMD0000000117.txt
BIOMD0000000148,Biomodels_txt_sample,5,6,data\biomodels\biomodels_all_txt\Biomodels_txt_sample\BIOMD0000000148.txt
BIOMD0000000157,Biomodels_txt_sample,3,6,data\biomodels\biomodels_all_txt\Biomodels_txt_sample\BIOMD0000000157.txt
BIOMD0000000158,Biomodels_txt_sample,3,6,data\biomodels\biomodels_all_txt\Biomodels_txt_sample\BIOMD0000000158.txt
BIOMD0000000159,Biomodels_txt_sample,3,6,data\biomodels\biomodels_all_txt\Biomodels_txt_sample\BIOMD0000000159.txt
BIOMD0000000193,Biomodels_txt_sample,8,6,data\biomodels\biomodels_all_txt\Biomodels_txt_sample\BIOMD0000000193.txt
BIOMD0000000207,Biomodels_txt_sample,6,6,data\biomodels\biomodels_all_txt\Biomodels_txt_sample\BIOMD0000000207.txt
BIOMD0000000224,Biomodels_txt_sample,4,6,data\biomodels\biomodels_all_txt\Biomodels_txt_sample\BIOMD0000000224.txt
BIOMD0000000308,Biomodels_txt_sample,6,6,data\biomodels\biomodels_all_txt\Biomodels_txt_sample\BIOMD0000000308.txt
BIOMD0000000310,Biomodels_txt_sample,4,6,data\biomodels\biomodels_all_txt\Biomodels_txt_sample\BIOMD0000000310.txt
BIOMD0000000317,Biomodels_txt_sample,4,6,data\biomodels\biomodels_all_txt\Biomodels_txt_sample\BIOMD0000000317.txt
BIOMD0000000321,Biomodels_txt_sample,3,6,data\biomodels\biomodels_all_txt\Biomodels_txt_sample\BIOMD0000000321.txt
BIOMD0000000323,Biomodels_txt_sample,3,6,data\biomodels\biomodels_all_txt\Biomodels_txt_sample\BIOMD0000000323.txt
BIOMD0000000390,Biomodels_txt_sample,11,6,data\biomodels\biomodels_all_txt\Biomodels_txt_sample\BIOMD0000000390.txt
BIOMD0000000419,Biomodels_txt_sample,3,6,data\biomodels\biomodels_all_txt\Biomodels_txt_sample\BIOMD0000000419.txt
BIOMD0000000456,Biomodels_txt_sample,11,6,data\biomodels\biomodels_all_txt\Biomodels_txt_sample\BIOMD0000000456.txt
BIOMD0000000487,Biomodels_txt_sample,6,6,data\biomodels\biomodels_all_txt\Biomodels_txt_sample\BIOMD0000000487.txt
BIOMD0000000493,Biomodels_txt_sample,3,6,data\biomodels\biomodels_all_txt\Biomodels_txt_sample\BIOMD0000000493.txt
BIOMD0000000626,Biomodels_txt_sample,6,6,data\biomodels\biomodels_all_txt\Biomodels_txt_sample\BIOMD0000000626.txt
BIOMD0000000712,Biomodels_txt_sample,3,6,data\biomodels\biomodels_all_txt\Biomodels_txt_sample\BIOMD0000000712.txt
BIOMD0000000732,Biomodels_txt_sample,5,6,data\biomodels\biomodels_all_txt\Biomodels_txt_sample\BIOMD0000000732.txt
BIOMD0000000733,Biomodels_txt_sample,3,6,data\biomodels\biomodels_all_txt\Biomodels_txt_sample\BIOMD0000000733.txt
BIOMD0000000742,Biomodels_txt_sample,2,6,data\biomodels\biomodels_all_txt\Biomodels_txt_sample\BIOMD0000000742.txt
BIOMD0000000771,Biomodels_txt_sample,3,6,data\biomodels\biomodels_all_txt\Biomodels_txt_sample\BIOMD0000000771.txt
BIOMD0000000773,Biomodels_txt_sample,3,6,data\biomodels\biomodels_all_txt\Biomodels_txt_sample\BIOMD0000000773.txt
BIOMD0000000795,Biomodels_txt_sample,2,6,data\biomodels\biomodels_all_txt\Biomodels_txt_sample\BIOMD0000000795.txt
BIOMD0000000800,Biomodels_txt_sample,3,6,data\biomodels\biomodels_all_txt\Biomodels_txt_sample\BIOMD0000000800.txt
BIOMD0000000804,Biomodels_txt_sample,3,6,data\biomodels\biomodels_all_txt\Biomodels_txt_sample\BIOMD0000000804.txt
BIOMD0000000815,Biomodels_txt_sample,2,6,data\biomodels\biomodels_all_txt\Biomodels_txt_sample\BIOMD0000000815.txt
BIOMD0000000831,Biomodels_txt_sample,3,6,data\biomodels\biomodels_all_txt\Biomodels_txt_sample\BIOMD0000000831.txt
BIOMD0000000838,Biomodels_txt_sample,3,6,data\biomodels\biomodels_all_txt\Biomodels_txt_sample\BIOMD0000000838.txt
BIOMD0000000847,Biomodels_txt_sample,4,6,data\biomodels\biomodels_all_txt\Biomodels_txt_sample\BIOMD0000000847.txt
BIOMD0000000878,Biomodels_txt_sample,3,6,data\biomodels\biomodels_all_txt\Biomodels_txt_sample\BIOMD0000000878.txt
BIOMD0000000882,Biomodels_txt_sample,3,6,data\biomodels\biomodels_all_txt\Biomodels_txt_sample\BIOMD0000000882.txt
BIOMD0000000884,Biomodels_txt_sample,3,6,data\biomodels\biomodels_all_txt\Biomodels_txt_sample\BIOMD0000000884.txt
BIOMD0000000890,Biomodels_txt_sample,3,6,data\biomodels\biomodels_all_txt\Biomodels_txt_sample\BIOMD0000000890.txt
BIOMD0000000891,Biomodels_txt_sample,3,6,data\biomodels\biomodels_all_txt\Biomodels_txt_sample\BIOMD0000000891.txt
BIOMD0000000893,Biomodels_txt_sample,3,6,data\biomodels\biomodels_all_txt\Biomodels_txt_sample\BIOMD0000000893.txt
BIOMD0000000894,Biomodels_txt_sample,3,6,data\biomodels\biomodels_all_txt\Biomodels_txt_sample\BIOMD0000000894.txt
BIOMD0000000900,Biomodels_txt_sample,3,6,data\biomodels\biomodels_all_txt\Biomodels_txt_sample\BIOMD0000000900.txt
BIOMD0000000906,Biomodels_txt_sample,3,6,data\biomodels\biomodels_all_txt\Biomodels_txt_sample\BIOMD0000000906.txt
BIOMD0000000911,Biomodels_txt_sample,3,6,data\biomodels\biomodels_all_txt\Biomodels_txt_sample\BIOMD0000000911.txt
BIOMD0000000912,Biomodels_txt_sample,3,6,data\biomodels\biomodels_all_txt\Biomodels_txt_sample\BIOMD0000000912.txt
BIOMD0000000931,Biomodels_txt_sample,3,6,data\biomodels\biomodels_all_txt\Biomodels_txt_sample\BIOMD0000000931.txt
BIOMD0000000937,Biomodels_txt_sample,3,6,data\biomodels\biomodels_all_txt\Biomodels_txt_sample\BIOMD0000000937.txt
BIOMD0000000944,Biomodels_txt_sample,3,6,data\biomodels\biomodels_all_txt\Biomodels_txt_sample\BIOMD0000000944.txt
BIOMD0000000948,Biomodels_txt_sample,6,6,data\biomodels\biomodels_all_txt\Biomodels_txt_sample\BIOMD0000000948.txt
BIOMD0000000966,Biomodels_txt_sample,7,6,data\biomodels\biomodels_all_txt\Biomodels_txt_sample\BIOMD0000000966.txt
BIOMD0000000973,Biomodels_txt_sample,2,6,data\biomodels\biomodels_all_txt\Biomodels_txt_sample\BIOMD0000000973.txt
BIOMD0000001007,Biomodels_txt_sample,3,6,data\biomodels\biomodels_all_txt\Biomodels_txt_sample\BIOMD0000001007.txt
BIOMD0000001022,Biomodels_txt_sample,4,6,data\biomodels\biomodels_all_txt\Biomodels_txt_sample\BIOMD0000001022.txt
BIOMD0000001023,Biomodels_txt_sample,3,6,data\biomodels\biomodels_all_txt\Biomodels_txt_sample\BIOMD0000001023.txt
BIOMD0000001030,Biomodels_txt_sample,3,6,data\biomodels\biomodels_all_txt\Biomodels_txt_sample\BIOMD0000001030.txt
BIOMD0000001036,Biomodels_txt_sample,3,6,data\biomodels\biomodels_all_txt\Biomodels_txt_sample\BIOMD0000001036.txt
BIOMD0000001038,Biomodels_txt_sample,3,6,data\biomodels\biomodels_all_txt\Biomodels_txt_sample\BIOMD0000001038.txt
BIOMD0000001048,Biomodels_txt_sample,3,6,data\biomodels\biomodels_all_txt\Biomodels_txt_sample\BIOMD0000001048.txt
BIOMD0000000003,BioMD_cell_cycle,3,7,data\biomodels\BioMD_cell_cycle\BIOMD0000000003.txt
BIOMD0000000004,BioMD_cell_cycle,5,7,data\biomodels\BioMD_cell_cycle\BIOMD0000000004.txt
BIOMD0000000069,BioMD_cell_cycle,10,7,data\biomodels\BioMD_cell_cycle\BIOMD0000000069.txt
BIOMD0000000729,BioMD_cell_cycle,3,7,data\biomodels\BioMD_cell_cycle\BIOMD0000000729.txt
BIOMD0000000918,BioMD_cell_cycle,8,7,data\biomodels\BioMD_cell_cycle\BIOMD0000000918.txt
BIOMD0000000573,BioMD_immune,2,7,data\biomodels\BioMD_immune\BIOMD0000000573.txt
BIOMD0000000904,BioMD_immune,4,7,data\biomodels\BioMD_immune\BIOMD0000000904.txt
BIOMD0000001012,BioMD_immune,4,7,data\biomodels\BioMD_immune\BIOMD0000001012.txt
BIOMD0000000388,BioMD_metabolic,8,7,data\biomodels\BioMD_metabolic\BIOMD0000000388.txt
BIOMD0000000066,BioMD_other,11,7,data\biomodels\BioMD_other\BIOMD0000000066.txt
BIOMD0000000072,BioMD_other,7,7,data\biomodels\BioMD_other\BIOMD0000000072.txt
BIOMD0000000167,BioMD_other,9,7,data\biomodels\BioMD_other\BIOMD0000000167.txt
BIOMD0000000198,BioMD_other,10,7,data\biomodels\BioMD_other\BIOMD0000000198.txt
BIOMD0000000438,BioMD_other,10,7,data\biomodels\BioMD_other\BIOMD0000000438.txt
BIOMD0000000519,BioMD_other,3,7,data\biomodels\BioMD_other\BIOMD0000000519.txt
BIOMD0000000520,BioMD_other,3,7,data\biomodels\BioMD_other\BIOMD0000000520.txt
BIOMD0000000753,BioMD_other,2,7,data\biomodels\BioMD_other\BIOMD0000000753.txt
BIOMD0000000755,BioMD_other,9,7,data\biomodels\BioMD_other\BIOMD0000000755.txt
BIOMD0000000762,BioMD_other,2,7,data\biomodels\BioMD_other\BIOMD0000000762.txt
BIOMD0000000772,BioMD_other,4,7,data\biomodels\BioMD_other\BIOMD0000000772.txt
BIOMD0000000820,BioMD_other,7,7,data\biomodels\BioMD_other\BIOMD0000000820.txt
BIOMD0000000821,BioMD_other,3,7,data\biomodels\BioMD_other\BIOMD0000000821.txt
BIOMD0000000830,BioMD_other,7,7,data\biomodels\BioMD_other\BIOMD0000000830.txt
BIOMD0000000845,BioMD_other,3,7,data\biomodels\BioMD_other\BIOMD0000000845.txt
BIOMD0000000846,BioMD_other,3,7,data\biomodels\BioMD_other\BIOMD0000000846.txt
BIOMD0000000854,BioMD_other,4,7,data\biomodels\BioMD_other\BIOMD0000000854.txt
BIOMD0000000869,BioMD_other,5,7,data\biomodels\BioMD_other\BIOMD0000000869.txt
BIOMD0000000902,BioMD_other,4,7,data\biomodels\BioMD_other\BIOMD0000000902.txt
BIOMD0000001014,BioMD_other,4,7,data\biomodels\BioMD_other\BIOMD0000001014.txt
BIOMD0000001032,BioMD_other,4,7,data\biomodels\BioMD_other\BIOMD0000001032.txt
BIOMD0000001034,BioMD_other,4,7,data\biomodels\BioMD_other\BIOMD0000001034.txt
BIOMD0000001043,BioMD_other,3,7,data\biomodels\BioMD_other\BIOMD0000001043.txt
BIOMD0000000029,BioMD_signaling,6,7,data\biomodels\BioMD_signaling\BIOMD0000000029.txt
BIOMD0000000039,BioMD_signaling,5,7,data\biomodels\BioMD_signaling\BIOMD0000000039.txt
BIOMD0000000043,BioMD_signaling,5,7,data\biomodels\BioMD_signaling\BIOMD0000000043.txt
BIOMD0000000113,BioMD_signaling,4,7,data\biomodels\BioMD_signaling\BIOMD0000000113.txt
BIOMD0000000125,BioMD_signaling,5,7,data\biomodels\BioMD_signaling\BIOMD0000000125.txt
BIOMD0000000184,BioMD_signaling,3,7,data\biomodels\BioMD_signaling\BIOMD0000000184.txt
BIOMD0000000968,BioMD_signaling,9,7,data\biomodels\BioMD_signaling\BIOMD0000000968.txt
BIOMD0000000003,biomodels_all_txt,3,7,data\biomodels\biomodels_all_txt\BIOMD0000000003.txt
BIOMD0000000004,biomodels_all_txt,5,7,data\biomodels\biomodels_all_txt\BIOMD0000000004.txt
BIOMD0000000029,biomodels_all_txt,6,7,data\biomodels\biomodels_all_txt\BIOMD0000000029.txt
BIOMD0000000039,biomodels_all_txt,5,7,data\biomodels\biomodels_all_txt\BIOMD0000000039.txt
BIOMD0000000043,biomodels_all_txt,5,7,data\biomodels\biomodels_all_txt\BIOMD0000000043.txt
BIOMD0000000066,biomodels_all_txt,11,7,data\biomodels\biomodels_all_txt\BIOMD0000000066.txt
BIOMD0000000069,biomodels_all_txt,10,7,data\biomodels\biomodels_all_txt\BIOMD0000000069.txt
BIOMD0000000072,biomodels_all_txt,7,7,data\biomodels\biomodels_all_txt\BIOMD0000000072.txt
BIOMD0000000113,biomodels_all_txt,4,7,data\biomodels\biomodels_all_txt\BIOMD0000000113.txt
BIOMD0000000125,biomodels_all_txt,5,7,data\biomodels\biomodels_all_txt\BIOMD0000000125.txt
BIOMD0000000167,biomodels_all_txt,9,7,data\biomodels\biomodels_all_txt\BIOMD0000000167.txt
BIOMD0000000184,biomodels_all_txt,3,7,data\biomodels\biomodels_all_txt\BIOMD0000000184.txt
BIOMD0000000198,biomodels_all_txt,10,7,data\biomodels\biomodels_all_txt\BIOMD0000000198.txt
BIOMD0000000388,biomodels_all_txt,8,7,data\biomodels\biomodels_all_txt\BIOMD0000000388.txt
BIOMD0000000438,biomodels_all_txt,10,7,data\biomodels\biomodels_all_txt\BIOMD0000000438.txt
BIOMD0000000519,biomodels_all_txt,3,7,data\biomodels\biomodels_all_txt\BIOMD0000000519.txt
BIOMD0000000520,biomodels_all_txt,3,7,data\biomodels\biomodels_all_txt\BIOMD0000000520.txt
BIOMD0000000573,biomodels_all_txt,2,7,data\biomodels\biomodels_all_txt\BIOMD0000000573.txt
BIOMD0000000729,biomodels_all_txt,3,7,data\biomodels\biomodels_all_txt\BIOMD0000000729.txt
BIOMD0000000753,biomodels_all_txt,2,7,data\biomodels\biomodels_all_txt\BIOMD0000000753.txt
BIOMD0000000755,biomodels_all_txt,9,7,data\biomodels\biomodels_all_txt\BIOMD0000000755.txt
BIOMD0000000762,biomodels_all_txt,2,7,data\biomodels\biomodels_all_txt\BIOMD0000000762.txt
BIOMD0000000772,biomodels_all_txt,4,7,data\biomodels\biomodels_all_txt\BIOMD0000000772.txt
BIOMD0000000820,biomodels_all_txt,7,7,data\biomodels\biomodels_all_txt\BIOMD0000000820.txt
BIOMD0000000821,biomodels_all_txt,3,7,data\biomodels\biomodels_all_txt\BIOMD0000000821.txt
BIOMD0000000830,biomodels_all_txt,7,7,data\biomodels\biomodels_all_txt\BIOMD0000000830.txt
BIOMD0000000845,biomodels_all_txt,3,7,data\biomodels\biomodels_all_txt\BIOMD0000000845.txt
BIOMD0000000846,biomodels_all_txt,3,7,data\biomodels\biomodels_all_txt\BIOMD0000000846.txt
BIOMD0000000854,biomodels_all_txt,4,7,data\biomodels\biomodels_all_txt\BIOMD0000000854.txt
BIOMD0000000869,biomodels_all_txt,5,7,data\biomodels\biomodels_all_txt\BIOMD0000000869.txt
BIOMD0000000902,biomodels_all_txt,4,7,data\biomodels\biomodels_all_txt\BIOMD0000000902.txt
BIOMD0000000904,biomodels_all_txt,4,7,data\biomodels\biomodels_all_txt\BIOMD0000000904.txt
BIOMD0000000918,biomodels_all_txt,8,7,data\biomodels\biomodels_all_txt\BIOMD0000000918.txt
BIOMD0000000968,biomodels_all_txt,9,7,data\biomodels\biomodels_all_txt\BIOMD0000000968.txt
BIOMD0000001012,biomodels_all_txt,4,7,data\biomodels\biomodels_all_txt\BIOMD0000001012.txt
BIOMD0000001014,biomodels_all_txt,4,7,data\biomodels\biomodels_all_txt\BIOMD0000001014.txt
BIOMD0000001032,biomodels_all_txt,4,7,data\biomodels\biomodels_all_txt\BIOMD0000001032.txt
BIOMD0000001034,biomodels_all_txt,4,7,data\biomodels\biomodels_all_txt\BIOMD0000001034.txt
BIOMD0000001043,biomodels_all_txt,3,7,data\biomodels\biomodels_all_txt\BIOMD0000001043.txt
BIOMD0000000003,Biomodels_txt_sample,3,7,data\biomodels\biomodels_all_txt\Biomodels_txt_sample\BIOMD0000000003.txt
BIOMD0000000004,Biomodels_txt_sample,5,7,data\biomodels\biomodels_all_txt\Biomodels_txt_sample\BIOMD0000000004.txt
BIOMD0000000029,Biomodels_txt_sample,6,7,data\biomodels\biomodels_all_txt\Biomodels_txt_sample\BIOMD0000000029.txt
BIOMD0000000039,Biomodels_txt_sample,5,7,data\biomodels\biomodels_all_txt\Biomodels_txt_sample\BIOMD0000000039.txt
BIOMD0000000043,Biomodels_txt_sample,5,7,data\biomodels\biomodels_all_txt\Biomodels_txt_sample\BIOMD0000000043.txt
BIOMD0000000066,Biomodels_txt_sample,11,7,data\biomodels\biomodels_all_txt\Biomodels_txt_sample\BIOMD0000000066.txt
BIOMD0000000069,Biomodels_txt_sample,10,7,data\biomodels\biomodels_all_txt\Biomodels_txt_sample\BIOMD0000000069.txt
BIOMD0000000072,Biomodels_txt_sample,7,7,data\biomodels\biomodels_all_txt\Biomodels_txt_sample\BIOMD0000000072.txt
BIOMD0000000113,Biomodels_txt_sample,4,7,data\biomodels\biomodels_all_txt\Biomodels_txt_sample\BIOMD0000000113.txt
BIOMD0000000125,Biomodels_txt_sample,5,7,data\biomodels\biomodels_all_txt\Biomodels_txt_sample\BIOMD0000000125.txt
BIOMD0000000167,Biomodels_txt_sample,9,7,data\biomodels\biomodels_all_txt\Biomodels_txt_sample\BIOMD0000000167.txt
BIOMD0000000184,Biomodels_txt_sample,3,7,data\biomodels\biomodels_all_txt\Biomodels_txt_sample\BIOMD0000000184.txt
BIOMD0000000198,Biomodels_txt_sample,10,7,data\biomodels\biomodels_all_txt\Biomodels_txt_sample\BIOMD0000000198.txt
BIOMD0000000388,Biomodels_txt_sample,8,7,data\biomodels\biomodels_all_txt\Biomodels_txt_sample\BIOMD0000000388.txt
BIOMD0000000438,Biomodels_txt_sample,10,7,data\biomodels\biomodels_all_txt\Biomodels_txt_sample\BIOMD0000000438.txt
BIOMD0000000519,Biomodels_txt_sample,3,7,data\biomodels\biomodels_all_txt\Biomodels_txt_sample\BIOMD0000000519.txt
BIOMD0000000520,Biomodels_txt_sample,3,7,data\biomodels\biomodels_all_txt\Biomodels_txt_sample\BIOMD0000000520.txt
BIOMD0000000573,Biomodels_txt_sample,2,7,data\biomodels\biomodels_all_txt\Biomodels_txt_sample\BIOMD0000000573.txt
BIOMD0000000729,Biomodels_txt_sample,3,7,data\biomodels\biomodels_all_txt\Biomodels_txt_sample\BIOMD0000000729.txt
BIOMD0000000753,Biomodels_txt_sample,2,7,data\biomodels\biomodels_all_txt\Biomodels_txt_sample\BIOMD0000000753.txt
BIOMD0000000755,Biomodels_txt_sample,9,7,data\biomodels\biomodels_all_txt\Biomodels_txt_sample\BIOMD0000000755.txt
BIOMD0000000762,Biomodels_txt_sample,2,7,data\biomodels\biomodels_all_txt\Biomodels_txt_sample\BIOMD0000000762.txt
BIOMD0000000772,Biomodels_txt_sample,4,7,data\biomodels\biomodels_all_txt\Biomodels_txt_sample\BIOMD0000000772.txt
BIOMD0000000820,Biomodels_txt_sample,7,7,data\biomodels\biomodels_all_txt\Biomodels_txt_sample\BIOMD0000000820.txt
BIOMD0000000821,Biomodels_txt_sample,3,7,data\biomodels\biomodels_all_txt\Biomodels_txt_sample\BIOMD0000000821.txt
BIOMD0000000830,Biomodels_txt_sample,7,7,data\biomodels\biomodels_all_txt\Biomodels_txt_sample\BIOMD0000000830.txt
BIOMD0000000845,Biomodels_txt_sample,3,7,data\biomodels\biomodels_all_txt\Biomodels_txt_sample\BIOMD0000000845.txt
BIOMD0000000846,Biomodels_txt_sample,3,7,data\biomodels\biomodels_all_txt\Biomodels_txt_sample\BIOMD0000000846.txt
BIOMD0000000854,Biomodels_txt_sample,4,7,data\biomodels\biomodels_all_txt\Biomodels_txt_sample\BIOMD0000000854.txt
BIOMD0000000869,Biomodels_txt_sample,5,7,data\biomodels\biomodels_all_txt\Biomodels_txt_sample\BIOMD0000000869.txt
BIOMD0000000902,Biomodels_txt_sample,4,7,data\biomodels\biomodels_all_txt\Biomodels_txt_sample\BIOMD0000000902.txt
BIOMD0000000904,Biomodels_txt_sample,4,7,data\biomodels\biomodels_all_txt\Biomodels_txt_sample\BIOMD0000000904.txt
BIOMD0000000918,Biomodels_txt_sample,8,7,data\biomodels\biomodels_all_txt\Biomodels_txt_sample\BIOMD0000000918.txt
BIOMD0000000968,Biomodels_txt_sample,9,7,data\biomodels\biomodels_all_txt\Biomodels_txt_sample\BIOMD0000000968.txt
BIOMD0000001012,Biomodels_txt_sample,4,7,data\biomodels\biomodels_all_txt\Biomodels_txt_sample\BIOMD0000001012.txt
BIOMD0000001014,Biomodels_txt_sample,4,7,data\biomodels\biomodels_all_txt\Biomodels_txt_sample\BIOMD0000001014.txt
BIOMD0000001032,Biomodels_txt_sample,4,7,data\biomodels\biomodels_all_txt\Biomodels_txt_sample\BIOMD0000001032.txt
BIOMD0000001034,Biomodels_txt_sample,4,7,data\biomodels\biomodels_all_txt\Biomodels_txt_sample\BIOMD0000001034.txt
BIOMD0000001043,Biomodels_txt_sample,3,7,data\biomodels\biomodels_all_txt\Biomodels_txt_sample\BIOMD0000001043.txt
BIOMD0000000938,BioMD_cell_cycle,4,8,data\biomodels\BioMD_cell_cycle\BIOMD0000000938.txt
BIOMD0000000295,BioMD_circadian,5,8,data\biomodels\BioMD_circadian\BIOMD0000000295.txt
BIOMD0000000965,BioMD_circadian,5,8,data\biomodels\BioMD_circadian\BIOMD0000000965.txt
BIOMD0000000483,BioMD_gene_regulation,8,8,data\biomodels\BioMD_gene_regulation\BIOMD0000000483.txt
BIOMD0000000778,BioMD_immune,3,8,data\biomodels\BioMD_immune\BIOMD0000000778.txt
BIOMD0000000783,BioMD_immune,3,8,data\biomodels\BioMD_immune\BIOMD0000000783.txt
BIOMD0000000813,BioMD_immune,3,8,data\biomodels\BioMD_immune\BIOMD0000000813.txt
BIOMD0000000885,BioMD_immune,4,8,data\biomodels\BioMD_immune\BIOMD0000000885.txt
BIOMD0000001035,BioMD_immune,4,8,data\biomodels\BioMD_immune\BIOMD0000001035.txt
BIOMD0000000063,BioMD_metabolic,9,8,data\biomodels\BioMD_metabolic\BIOMD0000000063.txt
BIOMD0000000075,BioMD_other,11,8,data\biomodels\BioMD_other\BIOMD0000000075.txt
BIOMD0000000271,BioMD_other,6,8,data\biomodels\BioMD_other\BIOMD0000000271.txt
BIOMD0000000272,BioMD_other,6,8,data\biomodels\BioMD_other\BIOMD0000000272.txt
BIOMD0000000284,BioMD_other,9,8,data\biomodels\BioMD_other\BIOMD0000000284.txt
BIOMD0000000296,BioMD_other,6,8,data\biomodels\BioMD_other\BIOMD0000000296.txt
BIOMD0000000306,BioMD_other,5,8,data\biomodels\BioMD_other\BIOMD0000000306.txt
BIOMD0000000357,BioMD_other,9,8,data\biomodels\BioMD_other\BIOMD0000000357.txt
BIOMD0000000358,BioMD_other,12,8,data\biomodels\BioMD_other\BIOMD0000000358.txt
BIOMD0000000359,BioMD_other,9,8,data\biomodels\BioMD_other\BIOMD0000000359.txt
BIOMD0000000360,BioMD_other,9,8,data\biomodels\BioMD_other\BIOMD0000000360.txt
BIOMD0000000366,BioMD_other,12,8,data\biomodels\BioMD_other\BIOMD0000000366.txt
BIOMD0000000380,BioMD_other,16,8,data\biomodels\BioMD_other\BIOMD0000000380.txt
BIOMD0000000405,BioMD_other,5,8,data\biomodels\BioMD_other\BIOMD0000000405.txt
BIOMD0000000462,BioMD_other,6,8,data\biomodels\BioMD_other\BIOMD0000000462.txt
BIOMD0000000556,BioMD_other,6,8,data\biomodels\BioMD_other\BIOMD0000000556.txt
BIOMD0000000679,BioMD_other,4,8,data\biomodels\BioMD_other\BIOMD0000000679.txt
BIOMD0000000777,BioMD_other,3,8,data\biomodels\BioMD_other\BIOMD0000000777.txt
BIOMD0000000781,BioMD_other,3,8,data\biomodels\BioMD_other\BIOMD0000000781.txt
BIOMD0000000802,BioMD_other,4,8,data\biomodels\BioMD_other\BIOMD0000000802.txt
BIOMD0000000865,BioMD_other,4,8,data\biomodels\BioMD_other\BIOMD0000000865.txt
BIOMD0000000874,BioMD_other,4,8,data\biomodels\BioMD_other\BIOMD0000000874.txt
BIOMD0000000875,BioMD_other,4,8,data\biomodels\BioMD_other\BIOMD0000000875.txt
BIOMD0000000888,BioMD_other,4,8,data\biomodels\BioMD_other\BIOMD0000000888.txt
BIOMD0000000892,BioMD_other,4,8,data\biomodels\BioMD_other\BIOMD0000000892.txt
BIOMD0000000898,BioMD_other,5,8,data\biomodels\BioMD_other\BIOMD0000000898.txt
BIOMD0000000899,BioMD_other,12,8,data\biomodels\BioMD_other\BIOMD0000000899.txt
BIOMD0000000909,BioMD_other,4,8,data\biomodels\BioMD_other\BIOMD0000000909.txt
BIOMD0000000915,BioMD_other,9,8,data\biomodels\BioMD_other\BIOMD0000000915.txt
BIOMD0000000986,BioMD_other,6,8,data\biomodels\BioMD_other\BIOMD0000000986.txt
BIOMD0000001009,BioMD_other,4,8,data\biomodels\BioMD_other\BIOMD0000001009.txt
BIOMD0000001019,BioMD_other,3,8,data\biomodels\BioMD_other\BIOMD0000001019.txt
BIOMD0000001020,BioMD_other,3,8,data\biomodels\BioMD_other\BIOMD0000001020.txt
BIOMD0000000044,BioMD_signaling,4,8,data\biomodels\BioMD_signaling\BIOMD0000000044.txt
BIOMD0000000045,BioMD_signaling,4,8,data\biomodels\BioMD_signaling\BIOMD0000000045.txt
BIOMD0000000084,BioMD_signaling,8,8,data\biomodels\BioMD_signaling\BIOMD0000000084.txt
BIOMD0000000112,BioMD_signaling,10,8,data\biomodels\BioMD_signaling\BIOMD0000000112.txt
BIOMD0000000329,BioMD_signaling,3,8,data\biomodels\BioMD_signaling\BIOMD0000000329.txt
BIOMD0000000435,BioMD_signaling,4,8,data\biomodels\BioMD_signaling\BIOMD0000000435.txt
BIOMD0000000803,BioMD_signaling,9,8,data\biomodels\BioMD_signaling\BIOMD0000000803.txt
BIOMD0000001047,BioMD_signaling,4,8,data\biomodels\BioMD_signaling\BIOMD0000001047.txt
BIOMD0000000405,BIOMD0000000405,5,8,data\biomodels\biomodels_all\BIOMD0000000405\BIOMD0000000405.txt
BIOMD0000000044,biomodels_all_txt,4,8,data\biomodels\biomodels_all_txt\BIOMD0000000044.txt
BIOMD0000000045,biomodels_all_txt,4,8,data\biomodels\biomodels_all_txt\BIOMD0000000045.txt
BIOMD0000000063,biomodels_all_txt,9,8,data\biomodels\biomodels_all_txt\BIOMD0000000063.txt
BIOMD0000000075,biomodels_all_txt,11,8,data\biomodels\biomodels_all_txt\BIOMD0000000075.txt
BIOMD0000000084,biomodels_all_txt,8,8,data\biomodels\biomodels_all_txt\BIOMD0000000084.txt
BIOMD0000000112,biomodels_all_txt,10,8,data\biomodels\biomodels_all_txt\BIOMD0000000112.txt
BIOMD0000000271,biomodels_all_txt,6,8,data\biomodels\biomodels_all_txt\BIOMD0000000271.txt
BIOMD0000000272,biomodels_all_txt,6,8,data\biomodels\biomodels_all_txt\BIOMD0000000272.txt
BIOMD0000000284,biomodels_all_txt,9,8,data\biomodels\biomodels_all_txt\BIOMD0000000284.txt
BIOMD0000000295,biomodels_all_txt,5,8,data\biomodels\biomodels_all_txt\BIOMD0000000295.txt
BIOMD0000000296,biomodels_all_txt,6,8,data\biomodels\biomodels_all_txt\BIOMD0000000296.txt
BIOMD0000000306,biomodels_all_txt,5,8,data\biomodels\biomodels_all_txt\BIOMD0000000306.txt
BIOMD0000000329,biomodels_all_txt,3,8,data\biomodels\biomodels_all_txt\BIOMD0000000329.txt
BIOMD0000000357,biomodels_all_txt,9,8,data\biomodels\biomodels_all_txt\BIOMD0000000357.txt
BIOMD0000000358,biomodels_all_txt,12,8,data\biomodels\biomodels_all_txt\BIOMD0000000358.txt
BIOMD0000000359,biomodels_all_txt,9,8,data\biomodels\biomodels_all_txt\BIOMD0000000359.txt
BIOMD0000000360,biomodels_all_txt,9,8,data\biomodels\biomodels_all_txt\BIOMD0000000360.txt
BIOMD0000000366,biomodels_all_txt,12,8,data\biomodels\biomodels_all_txt\BIOMD0000000366.txt
BIOMD0000000380,biomodels_all_txt,16,8,data\biomodels\biomodels_all_txt\BIOMD0000000380.txt
BIOMD0000000405,biomodels_all_txt,5,8,data\biomodels\biomodels_all_txt\BIOMD0000000405.txt
BIOMD0000000435,biomodels_all_txt,4,8,data\biomodels\biomodels_all_txt\BIOMD0000000435.txt
BIOMD0000000462,biomodels_all_txt,6,8,data\biomodels\biomodels_all_txt\BIOMD0000000462.txt
BIOMD0000000483,biomodels_all_txt,8,8,data\biomodels\biomodels_all_txt\BIOMD0000000483.txt
BIOMD0000000556,biomodels_all_txt,6,8,data\biomodels\biomodels_all_txt\BIOMD0000000556.txt
BIOMD0000000679,biomodels_all_txt,4,8,data\biomodels\biomodels_all_txt\BIOMD0000000679.txt
BIOMD0000000777,biomodels_all_txt,3,8,data\biomodels\biomodels_all_txt\BIOMD0000000777.txt
BIOMD0000000778,biomodels_all_txt,3,8,data\biomodels\biomodels_all_txt\BIOMD0000000778.txt
BIOMD0000000781,biomodels_all_txt,3,8,data\biomodels\biomodels_all_txt\BIOMD0000000781.txt
BIOMD0000000783,biomodels_all_txt,3,8,data\biomodels\biomodels_all_txt\BIOMD0000000783.txt
BIOMD0000000802,biomodels_all_txt,4,8,data\biomodels\biomodels_all_txt\BIOMD0000000802.txt
BIOMD0000000803,biomodels_all_txt,9,8,data\biomodels\biomodels_all_txt\BIOMD0000000803.txt
BIOMD0000000813,biomodels_all_txt,3,8,data\biomodels\biomodels_all_txt\BIOMD0000000813.txt
BIOMD0000000865,biomodels_all_txt,4,8,data\biomodels\biomodels_all_txt\BIOMD0000000865.txt
BIOMD0000000874,biomodels_all_txt,4,8,data\biomodels\biomodels_all_txt\BIOMD0000000874.txt
BIOMD0000000875,biomodels_all_txt,4,8,data\biomodels\biomodels_all_txt\BIOMD0000000875.txt
BIOMD0000000885,biomodels_all_txt,4,8,data\biomodels\biomodels_all_txt\BIOMD0000000885.txt
BIOMD0000000888,biomodels_all_txt,4,8,data\biomodels\biomodels_all_txt\BIOMD0000000888.txt
BIOMD0000000892,biomodels_all_txt,4,8,data\biomodels\biomodels_all_txt\BIOMD0000000892.txt
BIOMD0000000898,biomodels_all_txt,5,8,data\biomodels\biomodels_all_txt\BIOMD0000000898.txt
BIOMD0000000899,biomodels_all_txt,12,8,data\biomodels\biomodels_all_txt\BIOMD0000000899.txt
BIOMD0000000909,biomodels_all_txt,4,8,data\biomodels\biomodels_all_txt\BIOMD0000000909.txt
BIOMD0000000915,biomodels_all_txt,9,8,data\biomodels\biomodels_all_txt\BIOMD0000000915.txt
BIOMD0000000938,biomodels_all_txt,4,8,data\biomodels\biomodels_all_txt\BIOMD0000000938.txt
BIOMD0000000965,biomodels_all_txt,5,8,data\biomodels\biomodels_all_txt\BIOMD0000000965.txt
BIOMD0000000986,biomodels_all_txt,6,8,data\biomodels\biomodels_all_txt\BIOMD0000000986.txt
BIOMD0000001009,biomodels_all_txt,4,8,data\biomodels\biomodels_all_txt\BIOMD0000001009.txt
BIOMD0000001019,biomodels_all_txt,3,8,data\biomodels\biomodels_all_txt\BIOMD0000001019.txt
BIOMD0000001020,biomodels_all_txt,3,8,data\biomodels\biomodels_all_txt\BIOMD0000001020.txt
BIOMD0000001035,biomodels_all_txt,4,8,data\biomodels\biomodels_all_txt\BIOMD0000001035.txt
BIOMD0000001047,biomodels_all_txt,4,8,data\biomodels\biomodels_all_txt\BIOMD0000001047.txt
BIOMD0000000044,Biomodels_txt_sample,4,8,data\biomodels\biomodels_all_txt\Biomodels_txt_sample\BIOMD0000000044.txt
BIOMD0000000045,Biomodels_txt_sample,4,8,data\biomodels\biomodels_all_txt\Biomodels_txt_sample\BIOMD0000000045.txt
BIOMD0000000063,Biomodels_txt_sample,9,8,data\biomodels\biomodels_all_txt\Biomodels_txt_sample\BIOMD0000000063.txt
BIOMD0000000075,Biomodels_txt_sample,11,8,data\biomodels\biomodels_all_txt\Biomodels_txt_sample\BIOMD0000000075.txt
BIOMD0000000084,Biomodels_txt_sample,8,8,data\biomodels\biomodels_all_txt\Biomodels_txt_sample\BIOMD0000000084.txt
BIOMD0000000112,Biomodels_txt_sample,10,8,data\biomodels\biomodels_all_txt\Biomodels_txt_sample\BIOMD0000000112.txt
BIOMD0000000271,Biomodels_txt_sample,6,8,data\biomodels\biomodels_all_txt\Biomodels_txt_sample\BIOMD0000000271.txt
BIOMD0000000272,Biomodels_txt_sample,6,8,data\biomodels\biomodels_all_txt\Biomodels_txt_sample\BIOMD0000000272.txt
BIOMD0000000284,Biomodels_txt_sample,9,8,data\biomodels\biomodels_all_txt\Biomodels_txt_sample\BIOMD0000000284.txt
BIOMD0000000295,Biomodels_txt_sample,5,8,data\biomodels\biomodels_all_txt\Biomodels_txt_sample\BIOMD0000000295.txt
BIOMD0000000296,Biomodels_txt_sample,6,8,data\biomodels\biomodels_all_txt\Biomodels_txt_sample\BIOMD0000000296.txt
BIOMD0000000306,Biomodels_txt_sample,5,8,data\biomodels\biomodels_all_txt\Biomodels_txt_sample\BIOMD0000000306.txt
BIOMD0000000329,Biomodels_txt_sample,3,8,data\biomodels\biomodels_all_txt\Biomodels_txt_sample\BIOMD0000000329.txt
BIOMD0000000357,Biomodels_txt_sample,9,8,data\biomodels\biomodels_all_txt\Biomodels_txt_sample\BIOMD0000000357.txt
BIOMD0000000358,Biomodels_txt_sample,12,8,data\biomodels\biomodels_all_txt\Biomodels_txt_sample\BIOMD0000000358.txt
BIOMD0000000359,Biomodels_txt_sample,9,8,data\biomodels\biomodels_all_txt\Biomodels_txt_sample\BIOMD0000000359.txt
BIOMD0000000360,Biomodels_txt_sample,9,8,data\biomodels\biomodels_all_txt\Biomodels_txt_sample\BIOMD0000000360.txt
BIOMD0000000366,Biomodels_txt_sample,12,8,data\biomodels\biomodels_all_txt\Biomodels_txt_sample\BIOMD0000000366.txt
BIOMD0000000380,Biomodels_txt_sample,16,8,data\biomodels\biomodels_all_txt\Biomodels_txt_sample\BIOMD0000000380.txt
BIOMD0000000405,Biomodels_txt_sample,5,8,data\biomodels\biomodels_all_txt\Biomodels_txt_sample\BIOMD0000000405.txt
BIOMD0000000435,Biomodels_txt_sample,4,8,data\biomodels\biomodels_all_txt\Biomodels_txt_sample\BIOMD0000000435.txt
BIOMD0000000462,Biomodels_txt_sample,6,8,data\biomodels\biomodels_all_txt\Biomodels_txt_sample\BIOMD0000000462.txt
BIOMD0000000483,Biomodels_txt_sample,8,8,data\biomodels\biomodels_all_txt\Biomodels_txt_sample\BIOMD0000000483.txt
BIOMD0000000556,Biomodels_txt_sample,6,8,data\biomodels\biomodels_all_txt\Biomodels_txt_sample\BIOMD0000000556.txt
BIOMD0000000679,Biomodels_txt_sample,4,8,data\biomodels\biomodels_all_txt\Biomodels_txt_sample\BIOMD0000000679.txt
BIOMD0000000777,Biomodels_txt_sample,3,8,data\biomodels\biomodels_all_txt\Biomodels_txt_sample\BIOMD0000000777.txt
BIOMD0000000778,Biomodels_txt_sample,3,8,data\biomodels\biomodels_all_txt\Biomodels_txt_sample\BIOMD0000000778.txt
BIOMD0000000781,Biomodels_txt_sample,3,8,data\biomodels\biomodels_all_txt\Biomodels_txt_sample\BIOMD0000000781.txt
BIOMD0000000783,Biomodels_txt_sample,3,8,data\biomodels\biomodels_all_txt\Biomodels_txt_sample\BIOMD0000000783.txt
BIOMD0000000802,Biomodels_txt_sample,4,8,data\biomodels\biomodels_all_txt\Biomodels_txt_sample\BIOMD0000000802.txt
BIOMD0000000803,Biomodels_txt_sample,9,8,data\biomodels\biomodels_all_txt\Biomodels_txt_sample\BIOMD0000000803.txt
BIOMD0000000813,Biomodels_txt_sample,3,8,data\biomodels\biomodels_all_txt\Biomodels_txt_sample\BIOMD0000000813.txt
BIOMD0000000865,Biomodels_txt_sample,4,8,data\biomodels\biomodels_all_txt\Biomodels_txt_sample\BIOMD0000000865.txt
BIOMD0000000874,Biomodels_txt_sample,4,8,data\biomodels\biomodels_all_txt\Biomodels_txt_sample\BIOMD0000000874.txt
BIOMD0000000875,Biomodels_txt_sample,4,8,data\biomodels\biomodels_all_txt\Biomodels_txt_sample\BIOMD0000000875.txt
BIOMD0000000885,Biomodels_txt_sample,4,8,data\biomodels\biomodels_all_txt\Biomodels_txt_sample\BIOMD0000000885.txt
BIOMD0000000888,Biomodels_txt_sample,4,8,data\biomodels\biomodels_all_txt\Biomodels_txt_sample\BIOMD0000000888.txt
BIOMD0000000892,Biomodels_txt_sample,4,8,data\biomodels\biomodels_all_txt\Biomodels_txt_sample\BIOMD0000000892.txt
BIOMD0000000898,Biomodels_txt_sample,5,8,data\biomodels\biomodels_all_txt\Biomodels_txt_sample\BIOMD0000000898.txt
BIOMD0000000899,Biomodels_txt_sample,12,8,data\biomodels\biomodels_all_txt\Biomodels_txt_sample\BIOMD0000000899.txt
BIOMD0000000909,Biomodels_txt_sample,4,8,data\biomodels\biomodels_all_txt\Biomodels_txt_sample\BIOMD0000000909.txt
BIOMD0000000915,Biomodels_txt_sample,9,8,data\biomodels\biomodels_all_txt\Biomodels_txt_sample\BIOMD0000000915.txt
BIOMD0000000938,Biomodels_txt_sample,4,8,data\biomodels\biomodels_all_txt\Biomodels_txt_sample\BIOMD0000000938.txt
BIOMD0000000965,Biomodels_txt_sample,5,8,data\biomodels\biomodels_all_txt\Biomodels_txt_sample\BIOMD0000000965.txt
BIOMD0000000986,Biomodels_txt_sample,6,8,data\biomodels\biomodels_all_txt\Biomodels_txt_sample\BIOMD0000000986.txt
BIOMD0000001009,Biomodels_txt_sample,4,8,data\biomodels\biomodels_all_txt\Biomodels_txt_sample\BIOMD0000001009.txt
BIOMD0000001019,Biomodels_txt_sample,3,8,data\biomodels\biomodels_all_txt\Biomodels_txt_sample\BIOMD0000001019.txt
BIOMD0000001020,Biomodels_txt_sample,3,8,data\biomodels\biomodels_all_txt\Biomodels_txt_sample\BIOMD0000001020.txt
BIOMD0000001035,Biomodels_txt_sample,4,8,data\biomodels\biomodels_all_txt\Biomodels_txt_sample\BIOMD0000001035.txt
BIOMD0000001047,Biomodels_txt_sample,4,8,data\biomodels\biomodels_all_txt\Biomodels_txt_sample\BIOMD0000001047.txt
BIOMD0000000812,BioMD_apoptosis,5,9,data\biomodels\BioMD_apoptosis\BIOMD0000000812.txt
BIOMD0000000005,BioMD_cell_cycle,8,9,data\biomodels\BioMD_cell_cycle\BIOMD0000000005.txt
BIOMD0000000719,BioMD_cell_cycle,6,9,data\biomodels\BioMD_cell_cycle\BIOMD0000000719.txt
BIOMD0000000322,BioMD_gene_regulation,4,9,data\biomodels\BioMD_gene_regulation\BIOMD0000000322.txt
BIOMD0000000784,BioMD_immune,3,9,data\biomodels\BioMD_immune\BIOMD0000000784.txt
BIOMD0000000809,BioMD_immune,4,9,data\biomodels\BioMD_immune\BIOMD0000000809.txt
BIOMD0000000876,BioMD_immune,4,9,data\biomodels\BioMD_immune\BIOMD0000000876.txt
BIOMD0000001015,BioMD_immune,8,9,data\biomodels\BioMD_immune\BIOMD0000001015.txt
BIOMD0000001016,BioMD_immune,8,9,data\biomodels\BioMD_immune\BIOMD0000001016.txt
BIOMD0000000041,BioMD_metabolic,10,9,data\biomodels\BioMD_metabolic\BIOMD0000000041.txt
BIOMD0000000186,BioMD_other,11,9,data\biomodels\BioMD_other\BIOMD0000000186.txt
BIOMD0000000187,BioMD_other,11,9,data\biomodels\BioMD_other\BIOMD0000000187.txt
BIOMD0000000192,BioMD_other,13,9,data\biomodels\BioMD_other\BIOMD0000000192.txt
BIOMD0000000251,BioMD_other,10,9,data\biomodels\BioMD_other\BIOMD0000000251.txt
BIOMD0000000275,BioMD_other,5,9,data\biomodels\BioMD_other\BIOMD0000000275.txt
BIOMD0000000413,BioMD_other,5,9,data\biomodels\BioMD_other\BIOMD0000000413.txt
BIOMD0000000517,BioMD_other,4,9,data\biomodels\BioMD_other\BIOMD0000000517.txt
BIOMD0000000518,BioMD_other,4,9,data\biomodels\BioMD_other\BIOMD0000000518.txt
BIOMD0000000591,BioMD_other,8,9,data\biomodels\BioMD_other\BIOMD0000000591.txt
BIOMD0000000663,BioMD_other,3,9,data\biomodels\BioMD_other\BIOMD0000000663.txt
BIOMD0000000683,BioMD_other,4,9,data\biomodels\BioMD_other\BIOMD0000000683.txt
BIOMD0000000698,BioMD_other,7,9,data\biomodels\BioMD_other\BIOMD0000000698.txt
BIOMD0000000713,BioMD_other,3,9,data\biomodels\BioMD_other\BIOMD0000000713.txt
BIOMD0000000749,BioMD_other,4,9,data\biomodels\BioMD_other\BIOMD0000000749.txt
BIOMD0000000763,BioMD_other,3,9,data\biomodels\BioMD_other\BIOMD0000000763.txt
BIOMD0000000764,BioMD_other,4,9,data\biomodels\BioMD_other\BIOMD0000000764.txt
BIOMD0000000765,BioMD_other,4,9,data\biomodels\BioMD_other\BIOMD0000000765.txt
BIOMD0000000798,BioMD_other,5,9,data\biomodels\BioMD_other\BIOMD0000000798.txt
BIOMD0000000827,BioMD_other,10,9,data\biomodels\BioMD_other\BIOMD0000000827.txt
BIOMD0000000864,BioMD_other,7,9,data\biomodels\BioMD_other\BIOMD0000000864.txt
BIOMD0000000870,BioMD_other,7,9,data\biomodels\BioMD_other\BIOMD0000000870.txt
BIOMD0000000877,BioMD_other,4,9,data\biomodels\BioMD_other\BIOMD0000000877.txt
BIOMD0000000914,BioMD_other,5,9,data\biomodels\BioMD_other\BIOMD0000000914.txt
BIOMD0000000967,BioMD_other,4,9,data\biomodels\BioMD_other\BIOMD0000000967.txt
BIOMD0000001021,BioMD_other,6,9,data\biomodels\BioMD_other\BIOMD0000001021.txt
BIOMD0000000166,BioMD_signaling,3,9,data\biomodels\BioMD_signaling\BIOMD0000000166.txt
BIOMD0000000408,BioMD_signaling,10,9,data\biomodels\BioMD_signaling\BIOMD0000000408.txt
BIOMD0000000985,BioMD_signaling,7,9,data\biomodels\BioMD_signaling\BIOMD0000000985.txt
BIOMD0000000041,BIOMD0000000041,10,9,data\biomodels\biomodels_all\BIOMD0000000041\BIOMD0000000041.txt
BIOMD0000000591,BIOMD0000000591,8,9,data\biomodels\biomodels_all\BIOMD0000000591\BIOMD0000000591.txt
BIOMD0000000005,biomodels_all_txt,8,9,data\biomodels\biomodels_all_txt\BIOMD0000000005.txt
BIOMD0000000041,biomodels_all_txt,10,9,data\biomodels\biomodels_all_txt\BIOMD0000000041.txt
BIOMD0000000166,biomodels_all_txt,3,9,data\biomodels\biomodels_all_txt\BIOMD0000000166.txt
BIOMD0000000186,biomodels_all_txt,11,9,data\biomodels\biomodels_all_txt\BIOMD0000000186.txt
BIOMD0000000187,biomodels_all_txt,11,9,data\biomodels\biomodels_all_txt\BIOMD0000000187.txt
BIOMD0000000192,biomodels_all_txt,13,9,data\biomodels\biomodels_all_txt\BIOMD0000000192.txt
BIOMD0000000251,biomodels_all_txt,10,9,data\biomodels\biomodels_all_txt\BIOMD0000000251.txt
BIOMD0000000275,biomodels_all_txt,5,9,data\biomodels\biomodels_all_txt\BIOMD0000000275.txt
BIOMD0000000322,biomodels_all_txt,4,9,data\biomodels\biomodels_all_txt\BIOMD0000000322.txt
BIOMD0000000408,biomodels_all_txt,10,9,data\biomodels\biomodels_all_txt\BIOMD0000000408.txt
BIOMD0000000413,biomodels_all_txt,5,9,data\biomodels\biomodels_all_txt\BIOMD0000000413.txt
BIOMD0000000517,biomodels_all_txt,4,9,data\biomodels\biomodels_all_txt\BIOMD0000000517.txt
BIOMD0000000518,biomodels_all_txt,4,9,data\biomodels\biomodels_all_txt\BIOMD0000000518.txt
BIOMD0000000591,biomodels_all_txt,8,9,data\biomodels\biomodels_all_txt\BIOMD0000000591.txt
BIOMD0000000663,biomodels_all_txt,3,9,data\biomodels\biomodels_all_txt\BIOMD0000000663.txt
BIOMD0000000683,biomodels_all_txt,4,9,data\biomodels\biomodels_all_txt\BIOMD0000000683.txt
BIOMD0000000698,biomodels_all_txt,7,9,data\biomodels\biomodels_all_txt\BIOMD0000000698.txt
BIOMD0000000713,biomodels_all_txt,3,9,data\biomodels\biomodels_all_txt\BIOMD0000000713.txt
BIOMD0000000719,biomodels_all_txt,6,9,data\biomodels\biomodels_all_txt\BIOMD0000000719.txt
BIOMD0000000749,biomodels_all_txt,4,9,data\biomodels\biomodels_all_txt\BIOMD0000000749.txt
BIOMD0000000763,biomodels_all_txt,3,9,data\biomodels\biomodels_all_txt\BIOMD0000000763.txt
BIOMD0000000764,biomodels_all_txt,4,9,data\biomodels\biomodels_all_txt\BIOMD0000000764.txt
BIOMD0000000765,biomodels_all_txt,4,9,data\biomodels\biomodels_all_txt\BIOMD0000000765.txt
BIOMD0000000784,biomodels_all_txt,3,9,data\biomodels\biomodels_all_txt\BIOMD0000000784.txt
BIOMD0000000798,biomodels_all_txt,5,9,data\biomodels\biomodels_all_txt\BIOMD0000000798.txt
BIOMD0000000809,biomodels_all_txt,4,9,data\biomodels\biomodels_all_txt\BIOMD0000000809.txt
BIOMD0000000812,biomodels_all_txt,5,9,data\biomodels\biomodels_all_txt\BIOMD0000000812.txt
BIOMD0000000827,biomodels_all_txt,10,9,data\biomodels\biomodels_all_txt\BIOMD0000000827.txt
BIOMD0000000864,biomodels_all_txt,7,9,data\biomodels\biomodels_all_txt\BIOMD0000000864.txt
BIOMD0000000870,biomodels_all_txt,7,9,data\biomodels\biomodels_all_txt\BIOMD0000000870.txt
BIOMD0000000876,biomodels_all_txt,4,9,data\biomodels\biomodels_all_txt\BIOMD0000000876.txt
BIOMD0000000877,biomodels_all_txt,4,9,data\biomodels\biomodels_all_txt\BIOMD0000000877.txt
BIOMD0000000914,biomodels_all_txt,5,9,data\biomodels\biomodels_all_txt\BIOMD0000000914.txt
BIOMD0000000967,biomodels_all_txt,4,9,data\biomodels\biomodels_all_txt\BIOMD0000000967.txt
BIOMD0000000985,biomodels_all_txt,7,9,data\biomodels\biomodels_all_txt\BIOMD0000000985.txt
BIOMD0000001015,biomodels_all_txt,8,9,data\biomodels\biomodels_all_txt\BIOMD0000001015.txt
BIOMD0000001016,biomodels_all_txt,8,9,data\biomodels\biomodels_all_txt\BIOMD0000001016.txt
BIOMD0000001021,biomodels_all_txt,6,9,data\biomodels\biomodels_all_txt\BIOMD0000001021.txt
BIOMD0000000005,Biomodels_txt_sample,8,9,data\biomodels\biomodels_all_txt\Biomodels_txt_sample\BIOMD0000000005.txt
BIOMD0000000041,Biomodels_txt_sample,10,9,data\biomodels\biomodels_all_txt\Biomodels_txt_sample\BIOMD0000000041.txt
BIOMD0000000166,Biomodels_txt_sample,3,9,data\biomodels\biomodels_all_txt\Biomodels_txt_sample\BIOMD0000000166.txt
BIOMD0000000186,Biomodels_txt_sample,11,9,data\biomodels\biomodels_all_txt\Biomodels_txt_sample\BIOMD0000000186.txt
BIOMD0000000187,Biomodels_txt_sample,11,9,data\biomodels\biomodels_all_txt\Biomodels_txt_sample\BIOMD0000000187.txt
BIOMD0000000192,Biomodels_txt_sample,13,9,data\biomodels\biomodels_all_txt\Biomodels_txt_sample\BIOMD0000000192.txt
BIOMD0000000251,Biomodels_txt_sample,10,9,data\biomodels\biomodels_all_txt\Biomodels_txt_sample\BIOMD0000000251.txt
BIOMD0000000275,Biomodels_txt_sample,5,9,data\biomodels\biomodels_all_txt\Biomodels_txt_sample\BIOMD0000000275.txt
BIOMD0000000322,Biomodels_txt_sample,4,9,data\biomodels\biomodels_all_txt\Biomodels_txt_sample\BIOMD0000000322.txt
BIOMD0000000408,Biomodels_txt_sample,10,9,data\biomodels\biomodels_all_txt\Biomodels_txt_sample\BIOMD0000000408.txt
BIOMD0000000413,Biomodels_txt_sample,5,9,data\biomodels\biomodels_all_txt\Biomodels_txt_sample\BIOMD0000000413.txt
BIOMD0000000517,Biomodels_txt_sample,4,9,data\biomodels\biomodels_all_txt\Biomodels_txt_sample\BIOMD0000000517.txt
BIOMD0000000518,Biomodels_txt_sample,4,9,data\biomodels\biomodels_all_txt\Biomodels_txt_sample\BIOMD0000000518.txt
BIOMD0000000591,Biomodels_txt_sample,8,9,data\biomodels\biomodels_all_txt\Biomodels_txt_sample\BIOMD0000000591.txt
BIOMD0000000663,Biomodels_txt_sample,3,9,data\biomodels\biomodels_all_txt\Biomodels_txt_sample\BIOMD0000000663.txt
BIOMD0000000683,Biomodels_txt_sample,4,9,data\biomodels\biomodels_all_txt\Biomodels_txt_sample\BIOMD0000000683.txt
BIOMD0000000698,Biomodels_txt_sample,7,9,data\biomodels\biomodels_all_txt\Biomodels_txt_sample\BIOMD0000000698.txt
BIOMD0000000713,Biomodels_txt_sample,3,9,data\biomodels\biomodels_all_txt\Biomodels_txt_sample\BIOMD0000000713.txt
BIOMD0000000719,Biomodels_txt_sample,6,9,data\biomodels\biomodels_all_txt\Biomodels_txt_sample\BIOMD0000000719.txt
BIOMD0000000749,Biomodels_txt_sample,4,9,data\biomodels\biomodels_all_txt\Biomodels_txt_sample\BIOMD0000000749.txt
BIOMD0000000763,Biomodels_txt_sample,3,9,data\biomodels\biomodels_all_txt\Biomodels_txt_sample\BIOMD0000000763.txt
BIOMD0000000764,Biomodels_txt_sample,4,9,data\biomodels\biomodels_all_txt\Biomodels_txt_sample\BIOMD0000000764.txt
BIOMD0000000765,Biomodels_txt_sample,4,9,data\biomodels\biomodels_all_txt\Biomodels_txt_sample\BIOMD0000000765.txt
BIOMD0000000784,Biomodels_txt_sample,3,9,data\biomodels\biomodels_all_txt\Biomodels_txt_sample\BIOMD0000000784.txt
BIOMD0000000798,Biomodels_txt_sample,5,9,data\biomodels\biomodels_all_txt\Biomodels_txt_sample\BIOMD0000000798.txt
BIOMD0000000809,Biomodels_txt_sample,4,9,data\biomodels\biomodels_all_txt\Biomodels_txt_sample\BIOMD0000000809.txt
BIOMD0000000812,Biomodels_txt_sample,5,9,data\biomodels\biomodels_all_txt\Biomodels_txt_sample\BIOMD0000000812.txt
BIOMD0000000827,Biomodels_txt_sample,10,9,data\biomodels\biomodels_all_txt\Biomodels_txt_sample\BIOMD0000000827.txt
BIOMD0000000864,Biomodels_txt_sample,7,9,data\biomodels\biomodels_all_txt\Biomodels_txt_sample\BIOMD0000000864.txt
BIOMD0000000870,Biomodels_txt_sample,7,9,data\biomodels\biomodels_all_txt\Biomodels_txt_sample\BIOMD0000000870.txt
BIOMD0000000876,Biomodels_txt_sample,4,9,data\biomodels\biomodels_all_txt\Biomodels_txt_sample\BIOMD0000000876.txt
BIOMD0000000877,Biomodels_txt_sample,4,9,data\biomodels\biomodels_all_txt\Biomodels_txt_sample\BIOMD0000000877.txt
BIOMD0000000914,Biomodels_txt_sample,5,9,data\biomodels\biomodels_all_txt\Biomodels_txt_sample\BIOMD0000000914.txt
BIOMD0000000967,Biomodels_txt_sample,4,9,data\biomodels\biomodels_all_txt\Biomodels_txt_sample\BIOMD0000000967.txt
BIOMD0000000985,Biomodels_txt_sample,7,9,data\biomodels\biomodels_all_txt\Biomodels_txt_sample\BIOMD0000000985.txt
BIOMD0000001015,Biomodels_txt_sample,8,9,data\biomodels\biomodels_all_txt\Biomodels_txt_sample\BIOMD0000001015.txt
BIOMD0000001016,Biomodels_txt_sample,8,9,data\biomodels\biomodels_all_txt\Biomodels_txt_sample\BIOMD0000001016.txt
BIOMD0000001021,Biomodels_txt_sample,6,9,data\biomodels\biomodels_all_txt\Biomodels_txt_sample\BIOMD0000001021.txt
BIOMD0000000168,BioMD_cell_cycle,7,10,data\biomodels\BioMD_cell_cycle\BIOMD0000000168.txt
BIOMD0000000016,BioMD_circadian,6,10,data\biomodels\BioMD_circadian\BIOMD0000000016.txt
BIOMD0000000616,BioMD_immune,4,10,data\biomodels\BioMD_immune\BIOMD0000000616.txt
BIOMD0000000714,BioMD_immune,4,10,data\biomodels\BioMD_immune\BIOMD0000000714.txt
BIOMD0000000741,BioMD_immune,4,10,data\biomodels\BioMD_immune\BIOMD0000000741.txt
BIOMD0000000745,BioMD_immune,5,10,data\biomodels\BioMD_immune\BIOMD0000000745.txt
BIOMD0000000886,BioMD_immune,5,10,data\biomodels\BioMD_immune\BIOMD0000000886.txt
BIOMD0000000905,BioMD_immune,5,10,data\biomodels\BioMD_immune\BIOMD0000000905.txt
BIOMD0000000038,BioMD_metabolic,17,10,data\biomodels\BioMD_metabolic\BIOMD0000000038.txt
BIOMD0000000609,BioMD_metabolic,5,10,data\biomodels\BioMD_metabolic\BIOMD0000000609.txt
BIOMD0000000639,BioMD_metabolic,17,10,data\biomodels\BioMD_metabolic\BIOMD0000000639.txt
BIOMD0000000689,BioMD_metabolic,17,10,data\biomodels\BioMD_metabolic\BIOMD0000000689.txt
BIOMD0000000690,BioMD_metabolic,17,10,data\biomodels\BioMD_metabolic\BIOMD0000000690.txt
BIOMD0000001053,BioMD_metabolic,6,10,data\biomodels\BioMD_metabolic\BIOMD0000001053.txt
BIOMD0000000116,BioMD_other,6,10,data\biomodels\BioMD_other\BIOMD0000000116.txt
BIOMD0000000174,BioMD_other,4,10,data\biomodels\BioMD_other\BIOMD0000000174.txt
BIOMD0000000197,BioMD_other,5,10,data\biomodels\BioMD_other\BIOMD0000000197.txt
BIOMD0000000199,BioMD_other,14,10,data\biomodels\BioMD_other\BIOMD0000000199.txt
BIOMD0000000203,BioMD_other,12,10,data\biomodels\BioMD_other\BIOMD0000000203.txt
BIOMD0000000204,BioMD_other,12,10,data\biomodels\BioMD_other\BIOMD0000000204.txt
BIOMD0000000300,BioMD_other,9,10,data\biomodels\BioMD_other\BIOMD0000000300.txt
BIOMD0000000325,BioMD_other,6,10,data\biomodels\BioMD_other\BIOMD0000000325.txt
BIOMD0000000662,BioMD_other,5,10,data\biomodels\BioMD_other\BIOMD0000000662.txt
BIOMD0000000668,BioMD_other,10,10,data\biomodels\BioMD_other\BIOMD0000000668.txt
BIOMD0000000707,BioMD_other,5,10,data\biomodels\BioMD_other\BIOMD0000000707.txt
BIOMD0000000716,BioMD_other,4,10,data\biomodels\BioMD_other\BIOMD0000000716.txt
BIOMD0000000717,BioMD_other,4,10,data\biomodels\BioMD_other\BIOMD0000000717.txt
BIOMD0000000721,BioMD_other,5,10,data\biomodels\BioMD_other\BIOMD0000000721.txt
BIOMD0000000754,BioMD_other,3,10,data\biomodels\BioMD_other\BIOMD0000000754.txt
BIOMD0000000775,BioMD_other,4,10,data\biomodels\BioMD_other\BIOMD0000000775.txt
BIOMD0000000805,BioMD_other,4,10,data\biomodels\BioMD_other\BIOMD0000000805.txt
BIOMD0000000844,BioMD_other,9,10,data\biomodels\BioMD_other\BIOMD0000000844.txt
BIOMD0000000881,BioMD_other,4,10,data\biomodels\BioMD_other\BIOMD0000000881.txt
BIOMD0000000887,BioMD_other,4,10,data\biomodels\BioMD_other\BIOMD0000000887.txt
BIOMD0000000903,BioMD_other,5,10,data\biomodels\BioMD_other\BIOMD0000000903.txt
BIOMD0000000983,BioMD_other,7,10,data\biomodels\BioMD_other\BIOMD0000000983.txt
BIOMD0000000987,BioMD_other,9,10,data\biomodels\BioMD_other\BIOMD0000000987.txt
BIOMD0000000991,BioMD_other,8,10,data\biomodels\BioMD_other\BIOMD0000000991.txt
BIOMD0000000010,BioMD_signaling,8,10,data\biomodels\BioMD_signaling\BIOMD0000000010.txt
BIOMD0000000026,BioMD_signaling,11,10,data\biomodels\BioMD_signaling\BIOMD0000000026.txt
BIOMD0000000100,BioMD_signaling,5,10,data\biomodels\BioMD_signaling\BIOMD0000000100.txt
BIOMD0000000120,BioMD_signaling,4,10,data\biomodels\BioMD_signaling\BIOMD0000000120.txt
BIOMD0000000394,BioMD_signaling,23,10,data\biomodels\BioMD_signaling\BIOMD0000000394.txt
BIOMD0000000432,BioMD_signaling,11,10,data\biomodels\BioMD_signaling\BIOMD0000000432.txt
BIOMD0000000433,BioMD_signaling,11,10,data\biomodels\BioMD_signaling\BIOMD0000000433.txt
BIOMD0000000440,BioMD_signaling,11,10,data\biomodels\BioMD_signaling\BIOMD0000000440.txt
BIOMD0000000441,BioMD_signaling,11,10,data\biomodels\BioMD_signaling\BIOMD0000000441.txt
BIOMD0000000464,BioMD_signaling,14,10,data\biomodels\BioMD_signaling\BIOMD0000000464.txt
BIOMD0000000545,BioMD_signaling,12,10,data\biomodels\BioMD_signaling\BIOMD0000000545.txt
BIOMD0000000818,BioMD_signaling,10,10,data\biomodels\BioMD_signaling\BIOMD0000000818.txt
BIOMD0000000717,BIOMD0000000717,4,10,data\biomodels\biomodels_all\BIOMD0000000717\BIOMD0000000717.txt
BIOMD0000000903,BIOMD0000000903,8,10,data\biomodels\biomodels_all\BIOMD0000000903\BIOMD0000000903.txt
BIOMD0000000968,BIOMD0000000968,12,10,data\biomodels\biomodels_all\BIOMD0000000968\BIOMD0000000968.txt
BIOMD0000000010,biomodels_all_txt,8,10,data\biomodels\biomodels_all_txt\BIOMD0000000010.txt
BIOMD0000000016,biomodels_all_txt,6,10,data\biomodels\biomodels_all_txt\BIOMD0000000016.txt
BIOMD0000000026,biomodels_all_txt,11,10,data\biomodels\biomodels_all_txt\BIOMD0000000026.txt
BIOMD0000000038,biomodels_all_txt,17,10,data\biomodels\biomodels_all_txt\BIOMD0000000038.txt
BIOMD0000000100,biomodels_all_txt,5,10,data\biomodels\biomodels_all_txt\BIOMD0000000100.txt
BIOMD0000000116,biomodels_all_txt,6,10,data\biomodels\biomodels_all_txt\BIOMD0000000116.txt
BIOMD0000000120,biomodels_all_txt,4,10,data\biomodels\biomodels_all_txt\BIOMD0000000120.txt
BIOMD0000000168,biomodels_all_txt,7,10,data\biomodels\biomodels_all_txt\BIOMD0000000168.txt
BIOMD0000000174,biomodels_all_txt,4,10,data\biomodels\biomodels_all_txt\BIOMD0000000174.txt
BIOMD0000000197,biomodels_all_txt,5,10,data\biomodels\biomodels_all_txt\BIOMD0000000197.txt
BIOMD0000000199,biomodels_all_txt,14,10,data\biomodels\biomodels_all_txt\BIOMD0000000199.txt
BIOMD0000000203,biomodels_all_txt,12,10,data\biomodels\biomodels_all_txt\BIOMD0000000203.txt
BIOMD0000000204,biomodels_all_txt,12,10,data\biomodels\biomodels_all_txt\BIOMD0000000204.txt
BIOMD0000000300,biomodels_all_txt,9,10,data\biomodels\biomodels_all_txt\BIOMD0000000300.txt
BIOMD0000000325,biomodels_all_txt,6,10,data\biomodels\biomodels_all_txt\BIOMD0000000325.txt
BIOMD0000000394,biomodels_all_txt,23,10,data\biomodels\biomodels_all_txt\BIOMD0000000394.txt
BIOMD0000000432,biomodels_all_txt,11,10,data\biomodels\biomodels_all_txt\BIOMD0000000432.txt
BIOMD0000000433,biomodels_all_txt,11,10,data\biomodels\biomodels_all_txt\BIOMD0000000433.txt
BIOMD0000000440,biomodels_all_txt,11,10,data\biomodels\biomodels_all_txt\BIOMD0000000440.txt
BIOMD0000000441,biomodels_all_txt,11,10,data\biomodels\biomodels_all_txt\BIOMD0000000441.txt
BIOMD0000000464,biomodels_all_txt,14,10,data\biomodels\biomodels_all_txt\BIOMD0000000464.txt
BIOMD0000000545,biomodels_all_txt,12,10,data\biomodels\biomodels_all_txt\BIOMD0000000545.txt
BIOMD0000000609,biomodels_all_txt,5,10,data\biomodels\biomodels_all_txt\BIOMD0000000609.txt
BIOMD0000000616,biomodels_all_txt,4,10,data\biomodels\biomodels_all_txt\BIOMD0000000616.txt
BIOMD0000000639,biomodels_all_txt,17,10,data\biomodels\biomodels_all_txt\BIOMD0000000639.txt
BIOMD0000000662,biomodels_all_txt,5,10,data\biomodels\biomodels_all_txt\BIOMD0000000662.txt
BIOMD0000000668,biomodels_all_txt,10,10,data\biomodels\biomodels_all_txt\BIOMD0000000668.txt
BIOMD0000000689,biomodels_all_txt,17,10,data\biomodels\biomodels_all_txt\BIOMD0000000689.txt
BIOMD0000000690,biomodels_all_txt,17,10,data\biomodels\biomodels_all_txt\BIOMD0000000690.txt
BIOMD0000000707,biomodels_all_txt,5,10,data\biomodels\biomodels_all_txt\BIOMD0000000707.txt
BIOMD0000000714,biomodels_all_txt,4,10,data\biomodels\biomodels_all_txt\BIOMD0000000714.txt
BIOMD0000000716,biomodels_all_txt,4,10,data\biomodels\biomodels_all_txt\BIOMD0000000716.txt
BIOMD0000000717,biomodels_all_txt,4,10,data\biomodels\biomodels_all_txt\BIOMD0000000717.txt
BIOMD0000000721,biomodels_all_txt,5,10,data\biomodels\biomodels_all_txt\BIOMD0000000721.txt
BIOMD0000000741,biomodels_all_txt,4,10,data\biomodels\biomodels_all_txt\BIOMD0000000741.txt
BIOMD0000000745,biomodels_all_txt,5,10,data\biomodels\biomodels_all_txt\BIOMD0000000745.txt
BIOMD0000000754,biomodels_all_txt,3,10,data\biomodels\biomodels_all_txt\BIOMD0000000754.txt
BIOMD0000000775,biomodels_all_txt,4,10,data\biomodels\biomodels_all_txt\BIOMD0000000775.txt
BIOMD0000000805,biomodels_all_txt,4,10,data\biomodels\biomodels_all_txt\BIOMD0000000805.txt
BIOMD0000000818,biomodels_all_txt,10,10,data\biomodels\biomodels_all_txt\BIOMD0000000818.txt
BIOMD0000000844,biomodels_all_txt,9,10,data\biomodels\biomodels_all_txt\BIOMD0000000844.txt
BIOMD0000000881,biomodels_all_txt,4,10,data\biomodels\biomodels_all_txt\BIOMD0000000881.txt
BIOMD0000000886,biomodels_all_txt,5,10,data\biomodels\biomodels_all_txt\BIOMD0000000886.txt
BIOMD0000000887,biomodels_all_txt,4,10,data\biomodels\biomodels_all_txt\BIOMD0000000887.txt
BIOMD0000000903,biomodels_all_txt,5,10,data\biomodels\biomodels_all_txt\BIOMD0000000903.txt
BIOMD0000000905,biomodels_all_txt,5,10,data\biomodels\biomodels_all_txt\BIOMD0000000905.txt
BIOMD0000000983,biomodels_all_txt,7,10,data\biomodels\biomodels_all_txt\BIOMD0000000983.txt
BIOMD0000000987,biomodels_all_txt,9,10,data\biomodels\biomodels_all_txt\BIOMD0000000987.txt
BIOMD0000000991,biomodels_all_txt,8,10,data\biomodels\biomodels_all_txt\BIOMD0000000991.txt
BIOMD0000001053,biomodels_all_txt,6,10,data\biomodels\biomodels_all_txt\BIOMD0000001053.txt
BIOMD0000000010,Biomodels_txt_sample,8,10,data\biomodels\biomodels_all_txt\Biomodels_txt_sample\BIOMD0000000010.txt
BIOMD0000000016,Biomodels_txt_sample,6,10,data\biomodels\biomodels_all_txt\Biomodels_txt_sample\BIOMD0000000016.txt
BIOMD0000000026,Biomodels_txt_sample,11,10,data\biomodels\biomodels_all_txt\Biomodels_txt_sample\BIOMD0000000026.txt
BIOMD0000000038,Biomodels_txt_sample,17,10,data\biomodels\biomodels_all_txt\Biomodels_txt_sample\BIOMD0000000038.txt
BIOMD0000000100,Biomodels_txt_sample,5,10,data\biomodels\biomodels_all_txt\Biomodels_txt_sample\BIOMD0000000100.txt
BIOMD0000000116,Biomodels_txt_sample,6,10,data\biomodels\biomodels_all_txt\Biomodels_txt_sample\BIOMD0000000116.txt
BIOMD0000000120,Biomodels_txt_sample,4,10,data\biomodels\biomodels_all_txt\Biomodels_txt_sample\BIOMD0000000120.txt
BIOMD0000000168,Biomodels_txt_sample,7,10,data\biomodels\biomodels_all_txt\Biomodels_txt_sample\BIOMD0000000168.txt
BIOMD0000000174,Biomodels_txt_sample,4,10,data\biomodels\biomodels_all_txt\Biomodels_txt_sample\BIOMD0000000174.txt
BIOMD0000000197,Biomodels_txt_sample,5,10,data\biomodels\biomodels_all_txt\Biomodels_txt_sample\BIOMD0000000197.txt
BIOMD0000000199,Biomodels_txt_sample,14,10,data\biomodels\biomodels_all_txt\Biomodels_txt_sample\BIOMD0000000199.txt
BIOMD0000000203,Biomodels_txt_sample,12,10,data\biomodels\biomodels_all_txt\Biomodels_txt_sample\BIOMD0000000203.txt
BIOMD0000000204,Biomodels_txt_sample,12,10,data\biomodels\biomodels_all_txt\Biomodels_txt_sample\BIOMD0000000204.txt
BIOMD0000000300,Biomodels_txt_sample,9,10,data\biomodels\biomodels_all_txt\Biomodels_txt_sample\BIOMD0000000300.txt
BIOMD0000000325,Biomodels_txt_sample,6,10,data\biomodels\biomodels_all_txt\Biomodels_txt_sample\BIOMD0000000325.txt
BIOMD0000000394,Biomodels_txt_sample,23,10,data\biomodels\biomodels_all_txt\Biomodels_txt_sample\BIOMD0000000394.txt
BIOMD0000000432,Biomodels_txt_sample,11,10,data\biomodels\biomodels_all_txt\Biomodels_txt_sample\BIOMD0000000432.txt
BIOMD0000000433,Biomodels_txt_sample,11,10,data\biomodels\biomodels_all_txt\Biomodels_txt_sample\BIOMD0000000433.txt
BIOMD0000000440,Biomodels_txt_sample,11,10,data\biomodels\biomodels_all_txt\Biomodels_txt_sample\BIOMD0000000440.txt
BIOMD0000000441,Biomodels_txt_sample,11,10,data\biomodels\biomodels_all_txt\Biomodels_txt_sample\BIOMD0000000441.txt
BIOMD0000000464,Biomodels_txt_sample,14,10,data\biomodels\biomodels_all_txt\Biomodels_txt_sample\BIOMD0000000464.txt
BIOMD0000000545,Biomodels_txt_sample,12,10,data\biomodels\biomodels_all_txt\Biomodels_txt_sample\BIOMD0000000545.txt
BIOMD0000000609,Biomodels_txt_sample,5,10,data\biomodels\biomodels_all_txt\Biomodels_txt_sample\BIOMD0000000609.txt
BIOMD0000000616,Biomodels_txt_sample,4,10,data\biomodels\biomodels_all_txt\Biomodels_txt_sample\BIOMD0000000616.txt
BIOMD0000000639,Biomodels_txt_sample,17,10,data\biomodels\biomodels_all_txt\Biomodels_txt_sample\BIOMD0000000639.txt
BIOMD0000000662,Biomodels_txt_sample,5,10,data\biomodels\biomodels_all_txt\Biomodels_txt_sample\BIOMD0000000662.txt
BIOMD0000000668,Biomodels_txt_sample,10,10,data\biomodels\biomodels_all_txt\Biomodels_txt_sample\BIOMD0000000668.txt
BIOMD0000000689,Biomodels_txt_sample,17,10,data\biomodels\biomodels_all_txt\Biomodels_txt_sample\BIOMD0000000689.txt
BIOMD0000000690,Biomodels_txt_sample,17,10,data\biomodels\biomodels_all_txt\Biomodels_txt_sample\BIOMD0000000690.txt
BIOMD0000000707,Biomodels_txt_sample,5,10,data\biomodels\biomodels_all_txt\Biomodels_txt_sample\BIOMD0000000707.txt
BIOMD0000000714,Biomodels_txt_sample,4,10,data\biomodels\biomodels_all_txt\Biomodels_txt_sample\BIOMD0000000714.txt
BIOMD0000000716,Biomodels_txt_sample,4,10,data\biomodels\biomodels_all_txt\Biomodels_txt_sample\BIOMD0000000716.txt
BIOMD0000000717,Biomodels_txt_sample,4,10,data\biomodels\biomodels_all_txt\Biomodels_txt_sample\BIOMD0000000717.txt
BIOMD0000000721,Biomodels_txt_sample,5,10,data\biomodels\biomodels_all_txt\Biomodels_txt_sample\BIOMD0000000721.txt
BIOMD0000000741,Biomodels_txt_sample,4,10,data\biomodels\biomodels_all_txt\Biomodels_txt_sample\BIOMD0000000741.txt
BIOMD0000000745,Biomodels_txt_sample,5,10,data\biomodels\biomodels_all_txt\Biomodels_txt_sample\BIOMD0000000745.txt
BIOMD0000000754,Biomodels_txt_sample,3,10,data\biomodels\biomodels_all_txt\Biomodels_txt_sample\BIOMD0000000754.txt
BIOMD0000000775,Biomodels_txt_sample,4,10,data\biomodels\biomodels_all_txt\Biomodels_txt_sample\BIOMD0000000775.txt
BIOMD0000000805,Biomodels_txt_sample,4,10,data\biomodels\biomodels_all_txt\Biomodels_txt_sample\BIOMD0000000805.txt
BIOMD0000000818,Biomodels_txt_sample,10,10,data\biomodels\biomodels_all_txt\Biomodels_txt_sample\BIOMD0000000818.txt
BIOMD0000000844,Biomodels_txt_sample,9,10,data\biomodels\biomodels_all_txt\Biomodels_txt_sample\BIOMD0000000844.txt
BIOMD0000000881,Biomodels_txt_sample,4,10,data\biomodels\biomodels_all_txt\Biomodels_txt_sample\BIOMD0000000881.txt
BIOMD0000000886,Biomodels_txt_sample,5,10,data\biomodels\biomodels_all_txt\Biomodels_txt_sample\BIOMD0000000886.txt
BIOMD0000000887,Biomodels_txt_sample,4,10,data\biomodels\biomodels_all_txt\Biomodels_txt_sample\BIOMD0000000887.txt
BIOMD0000000903,Biomodels_txt_sample,5,10,data\biomodels\biomodels_all_txt\Biomodels_txt_sample\BIOMD0000000903.txt
BIOMD0000000905,Biomodels_txt_sample,5,10,data\biomodels\biomodels_all_txt\Biomodels_txt_sample\BIOMD0000000905.txt
BIOMD0000000983,Biomodels_txt_sample,7,10,data\biomodels\biomodels_all_txt\Biomodels_txt_sample\BIOMD0000000983.txt
BIOMD0000000987,Biomodels_txt_sample,9,10,data\biomodels\biomodels_all_txt\Biomodels_txt_sample\BIOMD0000000987.txt
BIOMD0000000991,Biomodels_txt_sample,8,10,data\biomodels\biomodels_all_txt\Biomodels_txt_sample\BIOMD0000000991.txt
BIOMD0000001053,Biomodels_txt_sample,6,10,data\biomodels\biomodels_all_txt\Biomodels_txt_sample\BIOMD0000001053.txt
BIOMD0000000145,BioMD_circadian,6,11,data\biomodels\BioMD_circadian\BIOMD0000000145.txt
BIOMD0000000841,BioMD_circadian,4,11,data\biomodels\BioMD_circadian\BIOMD0000000841.txt
BIOMD0000000539,BioMD_gene_regulation,6,11,data\biomodels\BioMD_gene_regulation\BIOMD0000000539.txt
BIOMD0000000746,BioMD_immune,4,11,data\biomodels\BioMD_immune\BIOMD0000000746.txt
BIOMD0000000748,BioMD_immune,4,11,data\biomodels\BioMD_immune\BIOMD0000000748.txt
BIOMD0000000880,BioMD_immune,4,11,data\biomodels\BioMD_immune\BIOMD0000000880.txt
BIOMD0000000924,BioMD_immune,6,11,data\biomodels\BioMD_immune\BIOMD0000000924.txt
BIOMD0000000023,BioMD_metabolic,13,11,data\biomodels\BioMD_metabolic\BIOMD0000000023.txt
BIOMD0000000052,BioMD_metabolic,11,11,data\biomodels\BioMD_metabolic\BIOMD0000000052.txt
BIOMD0000000206,BioMD_metabolic,9,11,data\biomodels\BioMD_metabolic\BIOMD0000000206.txt
BIOMD0000000221,BioMD_metabolic,12,11,data\biomodels\BioMD_metabolic\BIOMD0000000221.txt
BIOMD0000000222,BioMD_metabolic,12,11,data\biomodels\BioMD_metabolic\BIOMD0000000222.txt
BIOMD0000000540,BioMD_metabolic,22,11,data\biomodels\BioMD_metabolic\BIOMD0000000540.txt
BIOMD0000000126,BioMD_other,9,11,data\biomodels\BioMD_other\BIOMD0000000126.txt
BIOMD0000000257,BioMD_other,11,11,data\biomodels\BioMD_other\BIOMD0000000257.txt
BIOMD0000000327,BioMD_other,8,11,data\biomodels\BioMD_other\BIOMD0000000327.txt
BIOMD0000000708,BioMD_other,5,11,data\biomodels\BioMD_other\BIOMD0000000708.txt
BIOMD0000000709,BioMD_other,5,11,data\biomodels\BioMD_other\BIOMD0000000709.txt
BIOMD0000000715,BioMD_other,4,11,data\biomodels\BioMD_other\BIOMD0000000715.txt
BIOMD0000000756,BioMD_other,4,11,data\biomodels\BioMD_other\BIOMD0000000756.txt
BIOMD0000000766,BioMD_other,5,11,data\biomodels\BioMD_other\BIOMD0000000766.txt
BIOMD0000000791,BioMD_other,5,11,data\biomodels\BioMD_other\BIOMD0000000791.txt
BIOMD0000000840,BioMD_other,5,11,data\biomodels\BioMD_other\BIOMD0000000840.txt
BIOMD0000000862,BioMD_other,9,11,data\biomodels\BioMD_other\BIOMD0000000862.txt
BIOMD0000000879,BioMD_other,3,11,data\biomodels\BioMD_other\BIOMD0000000879.txt
BIOMD0000000960,BioMD_other,8,11,data\biomodels\BioMD_other\BIOMD0000000960.txt
BIOMD0000001054,BioMD_other,7,11,data\biomodels\BioMD_other\BIOMD0000001054.txt
BIOMD0000000058,BioMD_signaling,4,11,data\biomodels\BioMD_signaling\BIOMD0000000058.txt
BIOMD0000000262,BioMD_signaling,11,11,data\biomodels\BioMD_signaling\BIOMD0000000262.txt
BIOMD0000000263,BioMD_signaling,11,11,data\biomodels\BioMD_signaling\BIOMD0000000263.txt
BIOMD0000000354,BioMD_signaling,5,11,data\biomodels\BioMD_signaling\BIOMD0000000354.txt
BIOMD0000000423,BioMD_signaling,9,11,data\biomodels\BioMD_signaling\BIOMD0000000423.txt
BIOMD0000000647,BioMD_signaling,11,11,data\biomodels\BioMD_signaling\BIOMD0000000647.txt
BIOMD0000000023,biomodels_all_txt,13,11,data\biomodels\biomodels_all_txt\BIOMD0000000023.txt
BIOMD0000000052,biomodels_all_txt,11,11,data\biomodels\biomodels_all_txt\BIOMD0000000052.txt
BIOMD0000000058,biomodels_all_txt,4,11,data\biomodels\biomodels_all_txt\BIOMD0000000058.txt
BIOMD0000000126,biomodels_all_txt,9,11,data\biomodels\biomodels_all_txt\BIOMD0000000126.txt
BIOMD0000000145,biomodels_all_txt,6,11,data\biomodels\biomodels_all_txt\BIOMD0000000145.txt
BIOMD0000000206,biomodels_all_txt,9,11,data\biomodels\biomodels_all_txt\BIOMD0000000206.txt
BIOMD0000000221,biomodels_all_txt,12,11,data\biomodels\biomodels_all_txt\BIOMD0000000221.txt
BIOMD0000000222,biomodels_all_txt,12,11,data\biomodels\biomodels_all_txt\BIOMD0000000222.txt
BIOMD0000000257,biomodels_all_txt,11,11,data\biomodels\biomodels_all_txt\BIOMD0000000257.txt
BIOMD0000000262,biomodels_all_txt,11,11,data\biomodels\biomodels_all_txt\BIOMD0000000262.txt
BIOMD0000000263,biomodels_all_txt,11,11,data\biomodels\biomodels_all_txt\BIOMD0000000263.txt
BIOMD0000000327,biomodels_all_txt,8,11,data\biomodels\biomodels_all_txt\BIOMD0000000327.txt
BIOMD0000000354,biomodels_all_txt,5,11,data\biomodels\biomodels_all_txt\BIOMD0000000354.txt
BIOMD0000000423,biomodels_all_txt,9,11,data\biomodels\biomodels_all_txt\BIOMD0000000423.txt
BIOMD0000000539,biomodels_all_txt,6,11,data\biomodels\biomodels_all_txt\BIOMD0000000539.txt
BIOMD0000000540,biomodels_all_txt,22,11,data\biomodels\biomodels_all_txt\BIOMD0000000540.txt
BIOMD0000000647,biomodels_all_txt,11,11,data\biomodels\biomodels_all_txt\BIOMD0000000647.txt
BIOMD0000000708,biomodels_all_txt,5,11,data\biomodels\biomodels_all_txt\BIOMD0000000708.txt
BIOMD0000000709,biomodels_all_txt,5,11,data\biomodels\biomodels_all_txt\BIOMD0000000709.txt
BIOMD0000000715,biomodels_all_txt,4,11,data\biomodels\biomodels_all_txt\BIOMD0000000715.txt
BIOMD0000000746,biomodels_all_txt,4,11,data\biomodels\biomodels_all_txt\BIOMD0000000746.txt
BIOMD0000000748,biomodels_all_txt,4,11,data\biomodels\biomodels_all_txt\BIOMD0000000748.txt
BIOMD0000000756,biomodels_all_txt,4,11,data\biomodels\biomodels_all_txt\BIOMD0000000756.txt
BIOMD0000000766,biomodels_all_txt,5,11,data\biomodels\biomodels_all_txt\BIOMD0000000766.txt
BIOMD0000000791,biomodels_all_txt,5,11,data\biomodels\biomodels_all_txt\BIOMD0000000791.txt
BIOMD0000000840,biomodels_all_txt,5,11,data\biomodels\biomodels_all_txt\BIOMD0000000840.txt
BIOMD0000000841,biomodels_all_txt,4,11,data\biomodels\biomodels_all_txt\BIOMD0000000841.txt
BIOMD0000000862,biomodels_all_txt,9,11,data\biomodels\biomodels_all_txt\BIOMD0000000862.txt
BIOMD0000000879,biomodels_all_txt,3,11,data\biomodels\biomodels_all_txt\BIOMD0000000879.txt
BIOMD0000000880,biomodels_all_txt,4,11,data\biomodels\biomodels_all_txt\BIOMD0000000880.txt
BIOMD0000000924,biomodels_all_txt,6,11,data\biomodels\biomodels_all_txt\BIOMD0000000924.txt
BIOMD0000000960,biomodels_all_txt,8,11,data\biomodels\biomodels_all_txt\BIOMD0000000960.txt
BIOMD0000001054,biomodels_all_txt,7,11,data\biomodels\biomodels_all_txt\BIOMD0000001054.txt
BIOMD0000000023,Biomodels_txt_sample,13,11,data\biomodels\biomodels_all_txt\Biomodels_txt_sample\BIOMD0000000023.txt
BIOMD0000000052,Biomodels_txt_sample,11,11,data\biomodels\biomodels_all_txt\Biomodels_txt_sample\BIOMD0000000052.txt
BIOMD0000000058,Biomodels_txt_sample,4,11,data\biomodels\biomodels_all_txt\Biomodels_txt_sample\BIOMD0000000058.txt
BIOMD0000000126,Biomodels_txt_sample,9,11,data\biomodels\biomodels_all_txt\Biomodels_txt_sample\BIOMD0000000126.txt
BIOMD0000000145,Biomodels_txt_sample,6,11,data\biomodels\biomodels_all_txt\Biomodels_txt_sample\BIOMD0000000145.txt
BIOMD0000000206,Biomodels_txt_sample,9,11,data\biomodels\biomodels_all_txt\Biomodels_txt_sample\BIOMD0000000206.txt
BIOMD0000000221,Biomodels_txt_sample,12,11,data\biomodels\biomodels_all_txt\Biomodels_txt_sample\BIOMD0000000221.txt
BIOMD0000000222,Biomodels_txt_sample,12,11,data\biomodels\biomodels_all_txt\Biomodels_txt_sample\BIOMD0000000222.txt
BIOMD0000000257,Biomodels_txt_sample,11,11,data\biomodels\biomodels_all_txt\Biomodels_txt_sample\BIOMD0000000257.txt
BIOMD0000000262,Biomodels_txt_sample,11,11,data\biomodels\biomodels_all_txt\Biomodels_txt_sample\BIOMD0000000262.txt
BIOMD0000000263,Biomodels_txt_sample,11,11,data\biomodels\biomodels_all_txt\Biomodels_txt_sample\BIOMD0000000263.txt
BIOMD0000000327,Biomodels_txt_sample,8,11,data\biomodels\biomodels_all_txt\Biomodels_txt_sample\BIOMD0000000327.txt
BIOMD0000000354,Biomodels_txt_sample,5,11,data\biomodels\biomodels_all_txt\Biomodels_txt_sample\BIOMD0000000354.txt
BIOMD0000000423,Biomodels_txt_sample,9,11,data\biomodels\biomodels_all_txt\Biomodels_txt_sample\BIOMD0000000423.txt
BIOMD0000000539,Biomodels_txt_sample,6,11,data\biomodels\biomodels_all_txt\Biomodels_txt_sample\BIOMD0000000539.txt
BIOMD0000000540,Biomodels_txt_sample,22,11,data\biomodels\biomodels_all_txt\Biomodels_txt_sample\BIOMD0000000540.txt
BIOMD0000000647,Biomodels_txt_sample,11,11,data\biomodels\biomodels_all_txt\Biomodels_txt_sample\BIOMD0000000647.txt
BIOMD0000000708,Biomodels_txt_sample,5,11,data\biomodels\biomodels_all_txt\Biomodels_txt_sample\BIOMD0000000708.txt
BIOMD0000000709,Biomodels_txt_sample,5,11,data\biomodels\biomodels_all_txt\Biomodels_txt_sample\BIOMD0000000709.txt
BIOMD0000000715,Biomodels_txt_sample,4,11,data\biomodels\biomodels_all_txt\Biomodels_txt_sample\BIOMD0000000715.txt
BIOMD0000000746,Biomodels_txt_sample,4,11,data\biomodels\biomodels_all_txt\Biomodels_txt_sample\BIOMD0000000746.txt
BIOMD0000000748,Biomodels_txt_sample,4,11,data\biomodels\biomodels_all_txt\Biomodels_txt_sample\BIOMD0000000748.txt
BIOMD0000000756,Biomodels_txt_sample,4,11,data\biomodels\biomodels_all_txt\Biomodels_txt_sample\BIOMD0000000756.txt
BIOMD0000000766,Biomodels_txt_sample,5,11,data\biomodels\biomodels_all_txt\Biomodels_txt_sample\BIOMD0000000766.txt
BIOMD0000000791,Biomodels_txt_sample,5,11,data\biomodels\biomodels_all_txt\Biomodels_txt_sample\BIOMD0000000791.txt
BIOMD0000000840,Biomodels_txt_sample,5,11,data\biomodels\biomodels_all_txt\Biomodels_txt_sample\BIOMD0000000840.txt
BIOMD0000000841,Biomodels_txt_sample,4,11,data\biomodels\biomodels_all_txt\Biomodels_txt_sample\BIOMD0000000841.txt
BIOMD0000000862,Biomodels_txt_sample,9,11,data\biomodels\biomodels_all_txt\Biomodels_txt_sample\BIOMD0000000862.txt
BIOMD0000000879,Biomodels_txt_sample,3,11,data\biomodels\biomodels_all_txt\Biomodels_txt_sample\BIOMD0000000879.txt
BIOMD0000000880,Biomodels_txt_sample,4,11,data\biomodels\biomodels_all_txt\Biomodels_txt_sample\BIOMD0000000880.txt
BIOMD0000000924,Biomodels_txt_sample,6,11,data\biomodels\biomodels_all_txt\Biomodels_txt_sample\BIOMD0000000924.txt
BIOMD0000000960,Biomodels_txt_sample,8,11,data\biomodels\biomodels_all_txt\Biomodels_txt_sample\BIOMD0000000960.txt
BIOMD0000001054,Biomodels_txt_sample,7,11,data\biomodels\biomodels_all_txt\Biomodels_txt_sample\BIOMD0000001054.txt
BIOMD0000000941,BioMD_cell_cycle,8,12,data\biomodels\BioMD_cell_cycle\BIOMD0000000941.txt
BIOMD0000000012,BioMD_gene_regulation,6,12,data\biomodels\BioMD_gene_regulation\BIOMD0000000012.txt
BIOMD0000000528,BioMD_immune,13,12,data\biomodels\BioMD_immune\BIOMD0000000528.txt
BIOMD0000000529,BioMD_immune,13,12,data\biomodels\BioMD_immune\BIOMD0000000529.txt
BIOMD0000000797,BioMD_immune,4,12,data\biomodels\BioMD_immune\BIOMD0000000797.txt
BIOMD0000000855,BioMD_immune,4,12,data\biomodels\BioMD_immune\BIOMD0000000855.txt
BIOMD0000001042,BioMD_immune,6,12,data\biomodels\BioMD_immune\BIOMD0000001042.txt
BIOMD0000000213,BioMD_metabolic,14,12,data\biomodels\BioMD_metabolic\BIOMD0000000213.txt
BIOMD0000000232,BioMD_metabolic,14,12,data\biomodels\BioMD_metabolic\BIOMD0000000232.txt
BIOMD0000000053,BioMD_other,6,12,data\biomodels\BioMD_other\BIOMD0000000053.txt
BIOMD0000000209,BioMD_other,16,12,data\biomodels\BioMD_other\BIOMD0000000209.txt
BIOMD0000000210,BioMD_other,15,12,data\biomodels\BioMD_other\BIOMD0000000210.txt
BIOMD0000000242,BioMD_other,6,12,data\biomodels\BioMD_other\BIOMD0000000242.txt
BIOMD0000000289,BioMD_other,5,12,data\biomodels\BioMD_other\BIOMD0000000289.txt
BIOMD0000000290,BioMD_other,5,12,data\biomodels\BioMD_other\BIOMD0000000290.txt
BIOMD0000000780,BioMD_other,4,12,data\biomodels\BioMD_other\BIOMD0000000780.txt
BIOMD0000000913,BioMD_other,6,12,data\biomodels\BioMD_other\BIOMD0000000913.txt
BIOMD0000000958,BioMD_other,8,12,data\biomodels\BioMD_other\BIOMD0000000958.txt
BIOMD0000000037,BioMD_signaling,12,12,data\biomodels\BioMD_signaling\BIOMD0000000037.txt
BIOMD0000000314,BioMD_signaling,12,12,data\biomodels\BioMD_signaling\BIOMD0000000314.txt
BIOMD0000000351,BioMD_signaling,6,12,data\biomodels\BioMD_signaling\BIOMD0000000351.txt
BIOMD0000000352,BioMD_signaling,6,12,data\biomodels\BioMD_signaling\BIOMD0000000352.txt
BIOMD0000000395,BioMD_signaling,22,12,data\biomodels\BioMD_signaling\BIOMD0000000395.txt
BIOMD0000000398,BioMD_signaling,27,12,data\biomodels\BioMD_signaling\BIOMD0000000398.txt
BIOMD0000000828,BioMD_signaling,6,12,data\biomodels\BioMD_signaling\BIOMD0000000828.txt
BIOMD0000000012,biomodels_all_txt,6,12,data\biomodels\biomodels_all_txt\BIOMD0000000012.txt
BIOMD0000000037,biomodels_all_txt,12,12,data\biomodels\biomodels_all_txt\BIOMD0000000037.txt
BIOMD0000000053,biomodels_all_txt,6,12,data\biomodels\biomodels_all_txt\BIOMD0000000053.txt
BIOMD0000000209,biomodels_all_txt,16,12,data\biomodels\biomodels_all_txt\BIOMD0000000209.txt
BIOMD0000000210,biomodels_all_txt,15,12,data\biomodels\biomodels_all_txt\BIOMD0000000210.txt
BIOMD0000000213,biomodels_all_txt,14,12,data\biomodels\biomodels_all_txt\BIOMD0000000213.txt
BIOMD0000000232,biomodels_all_txt,14,12,data\biomodels\biomodels_all_txt\BIOMD0000000232.txt
BIOMD0000000242,biomodels_all_txt,6,12,data\biomodels\biomodels_all_txt\BIOMD0000000242.txt
BIOMD0000000289,biomodels_all_txt,5,12,data\biomodels\biomodels_all_txt\BIOMD0000000289.txt
BIOMD0000000290,biomodels_all_txt,5,12,data\biomodels\biomodels_all_txt\BIOMD0000000290.txt
BIOMD0000000314,biomodels_all_txt,12,12,data\biomodels\biomodels_all_txt\BIOMD0000000314.txt
BIOMD0000000351,biomodels_all_txt,6,12,data\biomodels\biomodels_all_txt\BIOMD0000000351.txt
BIOMD0000000352,biomodels_all_txt,6,12,data\biomodels\biomodels_all_txt\BIOMD0000000352.txt
BIOMD0000000395,biomodels_all_txt,22,12,data\biomodels\biomodels_all_txt\BIOMD0000000395.txt
BIOMD0000000398,biomodels_all_txt,27,12,data\biomodels\biomodels_all_txt\BIOMD0000000398.txt
BIOMD0000000528,biomodels_all_txt,13,12,data\biomodels\biomodels_all_txt\BIOMD0000000528.txt
BIOMD0000000529,biomodels_all_txt,13,12,data\biomodels\biomodels_all_txt\BIOMD0000000529.txt
BIOMD0000000780,biomodels_all_txt,4,12,data\biomodels\biomodels_all_txt\BIOMD0000000780.txt
BIOMD0000000797,biomodels_all_txt,4,12,data\biomodels\biomodels_all_txt\BIOMD0000000797.txt
BIOMD0000000828,biomodels_all_txt,6,12,data\biomodels\biomodels_all_txt\BIOMD0000000828.txt
BIOMD0000000855,biomodels_all_txt,4,12,data\biomodels\biomodels_all_txt\BIOMD0000000855.txt
BIOMD0000000913,biomodels_all_txt,6,12,data\biomodels\biomodels_all_txt\BIOMD0000000913.txt
BIOMD0000000941,biomodels_all_txt,8,12,data\biomodels\biomodels_all_txt\BIOMD0000000941.txt
BIOMD0000000958,biomodels_all_txt,8,12,data\biomodels\biomodels_all_txt\BIOMD0000000958.txt
BIOMD0000001042,biomodels_all_txt,6,12,data\biomodels\biomodels_all_txt\BIOMD0000001042.txt
BIOMD0000000012,Biomodels_txt_sample,6,12,data\biomodels\biomodels_all_txt\Biomodels_txt_sample\BIOMD0000000012.txt
BIOMD0000000037,Biomodels_txt_sample,12,12,data\biomodels\biomodels_all_txt\Biomodels_txt_sample\BIOMD0000000037.txt
BIOMD0000000053,Biomodels_txt_sample,6,12,data\biomodels\biomodels_all_txt\Biomodels_txt_sample\BIOMD0000000053.txt
BIOMD0000000209,Biomodels_txt_sample,16,12,data\biomodels\biomodels_all_txt\Biomodels_txt_sample\BIOMD0000000209.txt
BIOMD0000000210,Biomodels_txt_sample,15,12,data\biomodels\biomodels_all_txt\Biomodels_txt_sample\BIOMD0000000210.txt
BIOMD0000000213,Biomodels_txt_sample,14,12,data\biomodels\biomodels_all_txt\Biomodels_txt_sample\BIOMD0000000213.txt
BIOMD0000000232,Biomodels_txt_sample,14,12,data\biomodels\biomodels_all_txt\Biomodels_txt_sample\BIOMD0000000232.txt
BIOMD0000000242,Biomodels_txt_sample,6,12,data\biomodels\biomodels_all_txt\Biomodels_txt_sample\BIOMD0000000242.txt
BIOMD0000000289,Biomodels_txt_sample,5,12,data\biomodels\biomodels_all_txt\Biomodels_txt_sample\BIOMD0000000289.txt
BIOMD0000000290,Biomodels_txt_sample,5,12,data\biomodels\biomodels_all_txt\Biomodels_txt_sample\BIOMD0000000290.txt
BIOMD0000000314,Biomodels_txt_sample,12,12,data\biomodels\biomodels_all_txt\Biomodels_txt_sample\BIOMD0000000314.txt
BIOMD0000000351,Biomodels_txt_sample,6,12,data\biomodels\biomodels_all_txt\Biomodels_txt_sample\BIOMD0000000351.txt
BIOMD0000000352,Biomodels_txt_sample,6,12,data\biomodels\biomodels_all_txt\Biomodels_txt_sample\BIOMD0000000352.txt
BIOMD0000000395,Biomodels_txt_sample,22,12,data\biomodels\biomodels_all_txt\Biomodels_txt_sample\BIOMD0000000395.txt
BIOMD0000000398,Biomodels_txt_sample,27,12,data\biomodels\biomodels_all_txt\Biomodels_txt_sample\BIOMD0000000398.txt
BIOMD0000000528,Biomodels_txt_sample,13,12,data\biomodels\biomodels_all_txt\Biomodels_txt_sample\BIOMD0000000528.txt
BIOMD0000000529,Biomodels_txt_sample,13,12,data\biomodels\biomodels_all_txt\Biomodels_txt_sample\BIOMD0000000529.txt
BIOMD0000000780,Biomodels_txt_sample,4,12,data\biomodels\biomodels_all_txt\Biomodels_txt_sample\BIOMD0000000780.txt
BIOMD0000000797,Biomodels_txt_sample,4,12,data\biomodels\biomodels_all_txt\Biomodels_txt_sample\BIOMD0000000797.txt
BIOMD0000000828,Biomodels_txt_sample,6,12,data\biomodels\biomodels_all_txt\Biomodels_txt_sample\BIOMD0000000828.txt
BIOMD0000000855,Biomodels_txt_sample,4,12,data\biomodels\biomodels_all_txt\Biomodels_txt_sample\BIOMD0000000855.txt
BIOMD0000000913,Biomodels_txt_sample,6,12,data\biomodels\biomodels_all_txt\Biomodels_txt_sample\BIOMD0000000913.txt
BIOMD0000000941,Biomodels_txt_sample,8,12,data\biomodels\biomodels_all_txt\Biomodels_txt_sample\BIOMD0000000941.txt
BIOMD0000000958,Biomodels_txt_sample,8,12,data\biomodels\biomodels_all_txt\Biomodels_txt_sample\BIOMD0000000958.txt
BIOMD0000001042,Biomodels_txt_sample,6,12,data\biomodels\biomodels_all_txt\Biomodels_txt_sample\BIOMD0000001042.txt
BIOMD0000000523,BioMD_apoptosis,16,13,data\biomodels\BioMD_apoptosis\BIOMD0000000523.txt
BIOMD0000000524,BioMD_apoptosis,16,13,data\biomodels\BioMD_apoptosis\BIOMD0000000524.txt
BIOMD0000000008,BioMD_cell_cycle,5,13,data\biomodels\BioMD_cell_cycle\BIOMD0000000008.txt
BIOMD0000000196,BioMD_cell_cycle,11,13,data\biomodels\BioMD_cell_cycle\BIOMD0000000196.txt
BIOMD0000000411,BioMD_circadian,10,13,data\biomodels\BioMD_circadian\BIOMD0000000411.txt
BIOMD0000000921,BioMD_immune,5,13,data\biomodels\BioMD_immune\BIOMD0000000921.txt
BIOMD0000000928,BioMD_immune,4,13,data\biomodels\BioMD_immune\BIOMD0000000928.txt
BIOMD0000000067,BioMD_metabolic,8,13,data\biomodels\BioMD_metabolic\BIOMD0000000067.txt
BIOMD0000000190,BioMD_metabolic,11,13,data\biomodels\BioMD_metabolic\BIOMD0000000190.txt
BIOMD0000000101,BioMD_other,6,13,data\biomodels\BioMD_other\BIOMD0000000101.txt
BIOMD0000000619,BioMD_other,10,13,data\biomodels\BioMD_other\BIOMD0000000619.txt
BIOMD0000000665,BioMD_other,8,13,data\biomodels\BioMD_other\BIOMD0000000665.txt
BIOMD0000000768,BioMD_other,5,13,data\biomodels\BioMD_other\BIOMD0000000768.txt
BIOMD0000000796,BioMD_other,5,13,data\biomodels\BioMD_other\BIOMD0000000796.txt
BIOMD0000000801,BioMD_other,4,13,data\biomodels\BioMD_other\BIOMD0000000801.txt
BIOMD0000000817,BioMD_other,6,13,data\biomodels\BioMD_other\BIOMD0000000817.txt
BIOMD0000000863,BioMD_other,6,13,data\biomodels\BioMD_other\BIOMD0000000863.txt
BIOMD0000000871,BioMD_other,8,13,data\biomodels\BioMD_other\BIOMD0000000871.txt
BIOMD0000000908,BioMD_other,7,13,data\biomodels\BioMD_other\BIOMD0000000908.txt
BIOMD0000000955,BioMD_other,8,13,data\biomodels\BioMD_other\BIOMD0000000955.txt
BIOMD0000000971,BioMD_other,8,13,data\biomodels\BioMD_other\BIOMD0000000971.txt
BIOMD0000000972,BioMD_other,8,13,data\biomodels\BioMD_other\BIOMD0000000972.txt
BIOMD0000001033,BioMD_other,6,13,data\biomodels\BioMD_other\BIOMD0000001033.txt
BIOMD0000000822,BioMD_signaling,8,13,data\biomodels\BioMD_signaling\BIOMD0000000822.txt
BIOMD0000000008,biomodels_all_txt,5,13,data\biomodels\biomodels_all_txt\BIOMD0000000008.txt
BIOMD0000000067,biomodels_all_txt,8,13,data\biomodels\biomodels_all_txt\BIOMD0000000067.txt
BIOMD0000000101,biomodels_all_txt,6,13,data\biomodels\biomodels_all_txt\BIOMD0000000101.txt
BIOMD0000000190,biomodels_all_txt,11,13,data\biomodels\biomodels_all_txt\BIOMD0000000190.txt
BIOMD0000000196,biomodels_all_txt,11,13,data\biomodels\biomodels_all_txt\BIOMD0000000196.txt
BIOMD0000000411,biomodels_all_txt,10,13,data\biomodels\biomodels_all_txt\BIOMD0000000411.txt
BIOMD0000000523,biomodels_all_txt,16,13,data\biomodels\biomodels_all_txt\BIOMD0000000523.txt
BIOMD0000000524,biomodels_all_txt,16,13,data\biomodels\biomodels_all_txt\BIOMD0000000524.txt
BIOMD0000000619,biomodels_all_txt,10,13,data\biomodels\biomodels_all_txt\BIOMD0000000619.txt
BIOMD0000000665,biomodels_all_txt,8,13,data\biomodels\biomodels_all_txt\BIOMD0000000665.txt
BIOMD0000000768,biomodels_all_txt,5,13,data\biomodels\biomodels_all_txt\BIOMD0000000768.txt
BIOMD0000000796,biomodels_all_txt,5,13,data\biomodels\biomodels_all_txt\BIOMD0000000796.txt
BIOMD0000000801,biomodels_all_txt,4,13,data\biomodels\biomodels_all_txt\BIOMD0000000801.txt
BIOMD0000000817,biomodels_all_txt,6,13,data\biomodels\biomodels_all_txt\BIOMD0000000817.txt
BIOMD0000000822,biomodels_all_txt,8,13,data\biomodels\biomodels_all_txt\BIOMD0000000822.txt
BIOMD0000000863,biomodels_all_txt,6,13,data\biomodels\biomodels_all_txt\BIOMD0000000863.txt
BIOMD0000000871,biomodels_all_txt,8,13,data\biomodels\biomodels_all_txt\BIOMD0000000871.txt
BIOMD0000000908,biomodels_all_txt,7,13,data\biomodels\biomodels_all_txt\BIOMD0000000908.txt
BIOMD0000000921,biomodels_all_txt,5,13,data\biomodels\biomodels_all_txt\BIOMD0000000921.txt
BIOMD0000000928,biomodels_all_txt,4,13,data\biomodels\biomodels_all_txt\BIOMD0000000928.txt
BIOMD0000000955,biomodels_all_txt,8,13,data\biomodels\biomodels_all_txt\BIOMD0000000955.txt
BIOMD0000000971,biomodels_all_txt,8,13,data\biomodels\biomodels_all_txt\BIOMD0000000971.txt
BIOMD0000000972,biomodels_all_txt,8,13,data\biomodels\biomodels_all_txt\BIOMD0000000972.txt
BIOMD0000001033,biomodels_all_txt,6,13,data\biomodels\biomodels_all_txt\BIOMD0000001033.txt
BIOMD0000000008,Biomodels_txt_sample,5,13,data\biomodels\biomodels_all_txt\Biomodels_txt_sample\BIOMD0000000008.txt
BIOMD0000000067,Biomodels_txt_sample,8,13,data\biomodels\biomodels_all_txt\Biomodels_txt_sample\BIOMD0000000067.txt
BIOMD0000000101,Biomodels_txt_sample,6,13,data\biomodels\biomodels_all_txt\Biomodels_txt_sample\BIOMD0000000101.txt
BIOMD0000000190,Biomodels_txt_sample,11,13,data\biomodels\biomodels_all_txt\Biomodels_txt_sample\BIOMD0000000190.txt
BIOMD0000000196,Biomodels_txt_sample,11,13,data\biomodels\biomodels_all_txt\Biomodels_txt_sample\BIOMD0000000196.txt
BIOMD0000000411,Biomodels_txt_sample,10,13,data\biomodels\biomodels_all_txt\Biomodels_txt_sample\BIOMD0000000411.txt
BIOMD0000000523,Biomodels_txt_sample,16,13,data\biomodels\biomodels_all_txt\Biomodels_txt_sample\BIOMD0000000523.txt
BIOMD0000000524,Biomodels_txt_sample,16,13,data\biomodels\biomodels_all_txt\Biomodels_txt_sample\BIOMD0000000524.txt
BIOMD0000000619,Biomodels_txt_sample,10,13,data\biomodels\biomodels_all_txt\Biomodels_txt_sample\BIOMD0000000619.txt
BIOMD0000000665,Biomodels_txt_sample,8,13,data\biomodels\biomodels_all_txt\Biomodels_txt_sample\BIOMD0000000665.txt
BIOMD0000000768,Biomodels_txt_sample,5,13,data\biomodels\biomodels_all_txt\Biomodels_txt_sample\BIOMD0000000768.txt
BIOMD0000000796,Biomodels_txt_sample,5,13,data\biomodels\biomodels_all_txt\Biomodels_txt_sample\BIOMD0000000796.txt
BIOMD0000000801,Biomodels_txt_sample,4,13,data\biomodels\biomodels_all_txt\Biomodels_txt_sample\BIOMD0000000801.txt
BIOMD0000000817,Biomodels_txt_sample,6,13,data\biomodels\biomodels_all_txt\Biomodels_txt_sample\BIOMD0000000817.txt
BIOMD0000000822,Biomodels_txt_sample,8,13,data\biomodels\biomodels_all_txt\Biomodels_txt_sample\BIOMD0000000822.txt
BIOMD0000000863,Biomodels_txt_sample,6,13,data\biomodels\biomodels_all_txt\Biomodels_txt_sample\BIOMD0000000863.txt
BIOMD0000000871,Biomodels_txt_sample,8,13,data\biomodels\biomodels_all_txt\Biomodels_txt_sample\BIOMD0000000871.txt
BIOMD0000000908,Biomodels_txt_sample,7,13,data\biomodels\biomodels_all_txt\Biomodels_txt_sample\BIOMD0000000908.txt
BIOMD0000000921,Biomodels_txt_sample,5,13,data\biomodels\biomodels_all_txt\Biomodels_txt_sample\BIOMD0000000921.txt
BIOMD0000000928,Biomodels_txt_sample,4,13,data\biomodels\biomodels_all_txt\Biomodels_txt_sample\BIOMD0000000928.txt
BIOMD0000000955,Biomodels_txt_sample,8,13,data\biomodels\biomodels_all_txt\Biomodels_txt_sample\BIOMD0000000955.txt
BIOMD0000000971,Biomodels_txt_sample,8,13,data\biomodels\biomodels_all_txt\Biomodels_txt_sample\BIOMD0000000971.txt
BIOMD0000000972,Biomodels_txt_sample,8,13,data\biomodels\biomodels_all_txt\Biomodels_txt_sample\BIOMD0000000972.txt
BIOMD0000001033,Biomodels_txt_sample,6,13,data\biomodels\biomodels_all_txt\Biomodels_txt_sample\BIOMD0000001033.txt
BIOMD0000000099,BioMD_circadian,7,14,data\biomodels\BioMD_circadian\BIOMD0000000099.txt
BIOMD0000000229,BioMD_circadian,7,14,data\biomodels\BioMD_circadian\BIOMD0000000229.txt
BIOMD0000000743,BioMD_immune,4,14,data\biomodels\BioMD_immune\BIOMD0000000743.txt
BIOMD0000000790,BioMD_immune,4,14,data\biomodels\BioMD_immune\BIOMD0000000790.txt
BIOMD0000000930,BioMD_immune,4,14,data\biomodels\BioMD_immune\BIOMD0000000930.txt
BIOMD0000001052,BioMD_immune,3,14,data\biomodels\BioMD_immune\BIOMD0000001052.txt
BIOMD0000000017,BioMD_metabolic,19,14,data\biomodels\BioMD_metabolic\BIOMD0000000017.txt
BIOMD0000000071,BioMD_metabolic,26,14,data\biomodels\BioMD_metabolic\BIOMD0000000071.txt
BIOMD0000000218,BioMD_metabolic,13,14,data\biomodels\BioMD_metabolic\BIOMD0000000218.txt
BIOMD0000000189,BioMD_other,16,14,data\biomodels\BioMD_other\BIOMD0000000189.txt
BIOMD0000000215,BioMD_other,7,14,data\biomodels\BioMD_other\BIOMD0000000215.txt
BIOMD0000000240,BioMD_other,6,14,data\biomodels\BioMD_other\BIOMD0000000240.txt
BIOMD0000000320,BioMD_other,9,14,data\biomodels\BioMD_other\BIOMD0000000320.txt
BIOMD0000000547,BioMD_other,12,14,data\biomodels\BioMD_other\BIOMD0000000547.txt
BIOMD0000000584,BioMD_other,14,14,data\biomodels\BioMD_other\BIOMD0000000584.txt
BIOMD0000000630,BioMD_other,6,14,data\biomodels\BioMD_other\BIOMD0000000630.txt
BIOMD0000000632,BioMD_other,9,14,data\biomodels\BioMD_other\BIOMD0000000632.txt
BIOMD0000000744,BioMD_other,5,14,data\biomodels\BioMD_other\BIOMD0000000744.txt
BIOMD0000000761,BioMD_other,6,14,data\biomodels\BioMD_other\BIOMD0000000761.txt
BIOMD0000000770,BioMD_other,4,14,data\biomodels\BioMD_other\BIOMD0000000770.txt
BIOMD0000000792,BioMD_other,6,14,data\biomodels\BioMD_other\BIOMD0000000792.txt
BIOMD0000000964,BioMD_other,6,14,data\biomodels\BioMD_other\BIOMD0000000964.txt
BIOMD0000000017,BIOMD0000000017,19,14,data\biomodels\biomodels_all\BIOMD0000000017\BIOMD0000000017.txt
BIOMD0000000744,BIOMD0000000744,6,14,data\biomodels\biomodels_all\BIOMD0000000744\BIOMD0000000744.txt
BIOMD0000000761,BIOMD0000000761,10,14,data\biomodels\biomodels_all\BIOMD0000000761\BIOMD0000000761.txt
BIOMD0000000017,biomodels_all_txt,19,14,data\biomodels\biomodels_all_txt\BIOMD0000000017.txt
BIOMD0000000071,biomodels_all_txt,26,14,data\biomodels\biomodels_all_txt\BIOMD0000000071.txt
BIOMD0000000099,biomodels_all_txt,7,14,data\biomodels\biomodels_all_txt\BIOMD0000000099.txt
BIOMD0000000189,biomodels_all_txt,16,14,data\biomodels\biomodels_all_txt\BIOMD0000000189.txt
BIOMD0000000215,biomodels_all_txt,7,14,data\biomodels\biomodels_all_txt\BIOMD0000000215.txt
BIOMD0000000218,biomodels_all_txt,13,14,data\biomodels\biomodels_all_txt\BIOMD0000000218.txt
BIOMD0000000229,biomodels_all_txt,7,14,data\biomodels\biomodels_all_txt\BIOMD0000000229.txt
BIOMD0000000240,biomodels_all_txt,6,14,data\biomodels\biomodels_all_txt\BIOMD0000000240.txt
BIOMD0000000320,biomodels_all_txt,9,14,data\biomodels\biomodels_all_txt\BIOMD0000000320.txt
BIOMD0000000547,biomodels_all_txt,12,14,data\biomodels\biomodels_all_txt\BIOMD0000000547.txt
BIOMD0000000584,biomodels_all_txt,14,14,data\biomodels\biomodels_all_txt\BIOMD0000000584.txt
BIOMD0000000630,biomodels_all_txt,6,14,data\biomodels\biomodels_all_txt\BIOMD0000000630.txt
BIOMD0000000632,biomodels_all_txt,9,14,data\biomodels\biomodels_all_txt\BIOMD0000000632.txt
BIOMD0000000743,biomodels_all_txt,4,14,data\biomodels\biomodels_all_txt\BIOMD0000000743.txt
BIOMD0000000744,biomodels_all_txt,5,14,data\biomodels\biomodels_all_txt\BIOMD0000000744.txt
BIOMD0000000761,biomodels_all_txt,6,14,data\biomodels\biomodels_all_txt\BIOMD0000000761.txt
BIOMD0000000770,biomodels_all_txt,4,14,data\biomodels\biomodels_all_txt\BIOMD0000000770.txt
BIOMD0000000790,biomodels_all_txt,4,14,data\biomodels\biomodels_all_txt\BIOMD0000000790.txt
BIOMD0000000792,biomodels_all_txt,6,14,data\biomodels\biomodels_all_txt\BIOMD0000000792.txt
BIOMD0000000930,biomodels_all_txt,4,14,data\biomodels\biomodels_all_txt\BIOMD0000000930.txt
BIOMD0000000964,biomodels_all_txt,6,14,data\biomodels\biomodels_all_txt\BIOMD0000000964.txt
BIOMD0000001052,biomodels_all_txt,3,14,data\biomodels\biomodels_all_txt\BIOMD0000001052.txt
BIOMD0000000017,Biomodels_txt_sample,19,14,data\biomodels\biomodels_all_txt\Biomodels_txt_sample\BIOMD0000000017.txt
BIOMD0000000071,Biomodels_txt_sample,26,14,data\biomodels\biomodels_all_txt\Biomodels_txt_sample\BIOMD0000000071.txt
BIOMD0000000099,Biomodels_txt_sample,7,14,data\biomodels\biomodels_all_txt\Biomodels_txt_sample\BIOMD0000000099.txt
BIOMD0000000189,Biomodels_txt_sample,16,14,data\biomodels\biomodels_all_txt\Biomodels_txt_sample\BIOMD0000000189.txt
BIOMD0000000215,Biomodels_txt_sample,7,14,data\biomodels\biomodels_all_txt\Biomodels_txt_sample\BIOMD0000000215.txt
BIOMD0000000218,Biomodels_txt_sample,13,14,data\biomodels\biomodels_all_txt\Biomodels_txt_sample\BIOMD0000000218.txt
BIOMD0000000229,Biomodels_txt_sample,7,14,data\biomodels\biomodels_all_txt\Biomodels_txt_sample\BIOMD0000000229.txt
BIOMD0000000240,Biomodels_txt_sample,6,14,data\biomodels\biomodels_all_txt\Biomodels_txt_sample\BIOMD0000000240.txt
BIOMD0000000320,Biomodels_txt_sample,9,14,data\biomodels\biomodels_all_txt\Biomodels_txt_sample\BIOMD0000000320.txt
BIOMD0000000547,Biomodels_txt_sample,12,14,data\biomodels\biomodels_all_txt\Biomodels_txt_sample\BIOMD0000000547.txt
BIOMD0000000584,Biomodels_txt_sample,14,14,data\biomodels\biomodels_all_txt\Biomodels_txt_sample\BIOMD0000000584.txt
BIOMD0000000630,Biomodels_txt_sample,6,14,data\biomodels\biomodels_all_txt\Biomodels_txt_sample\BIOMD0000000630.txt
BIOMD0000000632,Biomodels_txt_sample,9,14,data\biomodels\biomodels_all_txt\Biomodels_txt_sample\BIOMD0000000632.txt
BIOMD0000000743,Biomodels_txt_sample,4,14,data\biomodels\biomodels_all_txt\Biomodels_txt_sample\BIOMD0000000743.txt
BIOMD0000000744,Biomodels_txt_sample,5,14,data\biomodels\biomodels_all_txt\Biomodels_txt_sample\BIOMD0000000744.txt
BIOMD0000000761,Biomodels_txt_sample,6,14,data\biomodels\biomodels_all_txt\Biomodels_txt_sample\BIOMD0000000761.txt
BIOMD0000000770,Biomodels_txt_sample,4,14,data\biomodels\biomodels_all_txt\Biomodels_txt_sample\BIOMD0000000770.txt
BIOMD0000000790,Biomodels_txt_sample,4,14,data\biomodels\biomodels_all_txt\Biomodels_txt_sample\BIOMD0000000790.txt
BIOMD0000000792,Biomodels_txt_sample,6,14,data\biomodels\biomodels_all_txt\Biomodels_txt_sample\BIOMD0000000792.txt
BIOMD0000000930,Biomodels_txt_sample,4,14,data\biomodels\biomodels_all_txt\Biomodels_txt_sample\BIOMD0000000930.txt
BIOMD0000000964,Biomodels_txt_sample,6,14,data\biomodels\biomodels_all_txt\Biomodels_txt_sample\BIOMD0000000964.txt
BIOMD0000001052,Biomodels_txt_sample,3,14,data\biomodels\biomodels_all_txt\Biomodels_txt_sample\BIOMD0000001052.txt
BIOMD0000000208,BioMD_cell_cycle,6,15,data\biomodels\BioMD_cell_cycle\BIOMD0000000208.txt
BIOMD0000000942,BioMD_cell_cycle,14,15,data\biomodels\BioMD_cell_cycle\BIOMD0000000942.txt
BIOMD0000000952,BioMD_cell_cycle,13,15,data\biomodels\BioMD_cell_cycle\BIOMD0000000952.txt
BIOMD0000000852,BioMD_immune,6,15,data\biomodels\BioMD_immune\BIOMD0000000852.txt
BIOMD0000001017,BioMD_immune,13,15,data\biomodels\BioMD_immune\BIOMD0000001017.txt
BIOMD0000000046,BioMD_metabolic,16,15,data\biomodels\BioMD_metabolic\BIOMD0000000046.txt
BIOMD0000000081,BioMD_metabolic,23,15,data\biomodels\BioMD_metabolic\BIOMD0000000081.txt
BIOMD0000000219,BioMD_metabolic,13,15,data\biomodels\BioMD_metabolic\BIOMD0000000219.txt
BIOMD0000000202,BioMD_other,9,15,data\biomodels\BioMD_other\BIOMD0000000202.txt
BIOMD0000000301,BioMD_other,8,15,data\biomodels\BioMD_other\BIOMD0000000301.txt
BIOMD0000000722,BioMD_other,5,15,data\biomodels\BioMD_other\BIOMD0000000722.txt
BIOMD0000000807,BioMD_other,3,15,data\biomodels\BioMD_other\BIOMD0000000807.txt
BIOMD0000000808,BioMD_other,6,15,data\biomodels\BioMD_other\BIOMD0000000808.txt
BIOMD0000000843,BioMD_other,10,15,data\biomodels\BioMD_other\BIOMD0000000843.txt
BIOMD0000000896,BioMD_other,9,15,data\biomodels\BioMD_other\BIOMD0000000896.txt
BIOMD0000000977,BioMD_other,6,15,data\biomodels\BioMD_other\BIOMD0000000977.txt
BIOMD0000000981,BioMD_other,10,15,data\biomodels\BioMD_other\BIOMD0000000981.txt
BIOMD0000000264,BioMD_signaling,14,15,data\biomodels\BioMD_signaling\BIOMD0000000264.txt
BIOMD0000000664,BioMD_signaling,8,15,data\biomodels\BioMD_signaling\BIOMD0000000664.txt
BIOMD0000000046,biomodels_all_txt,16,15,data\biomodels\biomodels_all_txt\BIOMD0000000046.txt
BIOMD0000000081,biomodels_all_txt,23,15,data\biomodels\biomodels_all_txt\BIOMD0000000081.txt
BIOMD0000000202,biomodels_all_txt,9,15,data\biomodels\biomodels_all_txt\BIOMD0000000202.txt
BIOMD0000000208,biomodels_all_txt,6,15,data\biomodels\biomodels_all_txt\BIOMD0000000208.txt
BIOMD0000000219,biomodels_all_txt,13,15,data\biomodels\biomodels_all_txt\BIOMD0000000219.txt
BIOMD0000000264,biomodels_all_txt,14,15,data\biomodels\biomodels_all_txt\BIOMD0000000264.txt
BIOMD0000000301,biomodels_all_txt,8,15,data\biomodels\biomodels_all_txt\BIOMD0000000301.txt
BIOMD0000000664,biomodels_all_txt,8,15,data\biomodels\biomodels_all_txt\BIOMD0000000664.txt
BIOMD0000000722,biomodels_all_txt,5,15,data\biomodels\biomodels_all_txt\BIOMD0000000722.txt
BIOMD0000000807,biomodels_all_txt,3,15,data\biomodels\biomodels_all_txt\BIOMD0000000807.txt
BIOMD0000000808,biomodels_all_txt,6,15,data\biomodels\biomodels_all_txt\BIOMD0000000808.txt
BIOMD0000000843,biomodels_all_txt,10,15,data\biomodels\biomodels_all_txt\BIOMD0000000843.txt
BIOMD0000000852,biomodels_all_txt,6,15,data\biomodels\biomodels_all_txt\BIOMD0000000852.txt
BIOMD0000000896,biomodels_all_txt,9,15,data\biomodels\biomodels_all_txt\BIOMD0000000896.txt
BIOMD0000000942,biomodels_all_txt,14,15,data\biomodels\biomodels_all_txt\BIOMD0000000942.txt
BIOMD0000000952,biomodels_all_txt,13,15,data\biomodels\biomodels_all_txt\BIOMD0000000952.txt
BIOMD0000000977,biomodels_all_txt,6,15,data\biomodels\biomodels_all_txt\BIOMD0000000977.txt
BIOMD0000000981,biomodels_all_txt,10,15,data\biomodels\biomodels_all_txt\BIOMD0000000981.txt
BIOMD0000001017,biomodels_all_txt,13,15,data\biomodels\biomodels_all_txt\BIOMD0000001017.txt
BIOMD0000000046,Biomodels_txt_sample,16,15,data\biomodels\biomodels_all_txt\Biomodels_txt_sample\BIOMD0000000046.txt
BIOMD0000000081,Biomodels_txt_sample,23,15,data\biomodels\biomodels_all_txt\Biomodels_txt_sample\BIOMD0000000081.txt
BIOMD0000000202,Biomodels_txt_sample,9,15,data\biomodels\biomodels_all_txt\Biomodels_txt_sample\BIOMD0000000202.txt
BIOMD0000000208,Biomodels_txt_sample,6,15,data\biomodels\biomodels_all_txt\Biomodels_txt_sample\BIOMD0000000208.txt
BIOMD0000000219,Biomodels_txt_sample,13,15,data\biomodels\biomodels_all_txt\Biomodels_txt_sample\BIOMD0000000219.txt
BIOMD0000000264,Biomodels_txt_sample,14,15,data\biomodels\biomodels_all_txt\Biomodels_txt_sample\BIOMD0000000264.txt
BIOMD0000000301,Biomodels_txt_sample,8,15,data\biomodels\biomodels_all_txt\Biomodels_txt_sample\BIOMD0000000301.txt
BIOMD0000000664,Biomodels_txt_sample,8,15,data\biomodels\biomodels_all_txt\Biomodels_txt_sample\BIOMD0000000664.txt
BIOMD0000000722,Biomodels_txt_sample,5,15,data\biomodels\biomodels_all_txt\Biomodels_txt_sample\BIOMD0000000722.txt
BIOMD0000000807,Biomodels_txt_sample,3,15,data\biomodels\biomodels_all_txt\Biomodels_txt_sample\BIOMD0000000807.txt
BIOMD0000000808,Biomodels_txt_sample,6,15,data\biomodels\biomodels_all_txt\Biomodels_txt_sample\BIOMD0000000808.txt
BIOMD0000000843,Biomodels_txt_sample,10,15,data\biomodels\biomodels_all_txt\Biomodels_txt_sample\BIOMD0000000843.txt
BIOMD0000000852,Biomodels_txt_sample,6,15,data\biomodels\biomodels_all_txt\Biomodels_txt_sample\BIOMD0000000852.txt
BIOMD0000000896,Biomodels_txt_sample,9,15,data\biomodels\biomodels_all_txt\Biomodels_txt_sample\BIOMD0000000896.txt
BIOMD0000000942,Biomodels_txt_sample,14,15,data\biomodels\biomodels_all_txt\Biomodels_txt_sample\BIOMD0000000942.txt
BIOMD0000000952,Biomodels_txt_sample,13,15,data\biomodels\biomodels_all_txt\Biomodels_txt_sample\BIOMD0000000952.txt
BIOMD0000000977,Biomodels_txt_sample,6,15,data\biomodels\biomodels_all_txt\Biomodels_txt_sample\BIOMD0000000977.txt
BIOMD0000000981,Biomodels_txt_sample,10,15,data\biomodels\biomodels_all_txt\Biomodels_txt_sample\BIOMD0000000981.txt
BIOMD0000001017,Biomodels_txt_sample,13,15,data\biomodels\biomodels_all_txt\Biomodels_txt_sample\BIOMD0000001017.txt
BIOMD0000000035,BioMD_circadian,10,16,data\biomodels\BioMD_circadian\BIOMD0000000035.txt
BIOMD0000000065,BioMD_gene_regulation,9,16,data\biomodels\BioMD_gene_regulation\BIOMD0000000065.txt
BIOMD0000000710,BioMD_immune,7,16,data\biomodels\BioMD_immune\BIOMD0000000710.txt
BIOMD0000000050,BioMD_metabolic,14,16,data\biomodels\BioMD_metabolic\BIOMD0000000050.txt
BIOMD0000000217,BioMD_other,20,16,data\biomodels\BioMD_other\BIOMD0000000217.txt
BIOMD0000000364,BioMD_other,13,16,data\biomodels\BioMD_other\BIOMD0000000364.txt
BIOMD0000000429,BioMD_other,15,16,data\biomodels\BioMD_other\BIOMD0000000429.txt
BIOMD0000000816,BioMD_other,7,16,data\biomodels\BioMD_other\BIOMD0000000816.txt
BIOMD0000000925,BioMD_other,16,16,data\biomodels\BioMD_other\BIOMD0000000925.txt
BIOMD0000000313,BioMD_signaling,16,16,data\biomodels\BioMD_signaling\BIOMD0000000313.txt
BIOMD0000000396,BioMD_signaling,36,16,data\biomodels\BioMD_signaling\BIOMD0000000396.txt
BIOMD0000000035,biomodels_all_txt,10,16,data\biomodels\biomodels_all_txt\BIOMD0000000035.txt
BIOMD0000000050,biomodels_all_txt,14,16,data\biomodels\biomodels_all_txt\BIOMD0000000050.txt
BIOMD0000000065,biomodels_all_txt,9,16,data\biomodels\biomodels_all_txt\BIOMD0000000065.txt
BIOMD0000000217,biomodels_all_txt,20,16,data\biomodels\biomodels_all_txt\BIOMD0000000217.txt
BIOMD0000000313,biomodels_all_txt,16,16,data\biomodels\biomodels_all_txt\BIOMD0000000313.txt
BIOMD0000000364,biomodels_all_txt,13,16,data\biomodels\biomodels_all_txt\BIOMD0000000364.txt
BIOMD0000000396,biomodels_all_txt,36,16,data\biomodels\biomodels_all_txt\BIOMD0000000396.txt
BIOMD0000000429,biomodels_all_txt,15,16,data\biomodels\biomodels_all_txt\BIOMD0000000429.txt
BIOMD0000000710,biomodels_all_txt,7,16,data\biomodels\biomodels_all_txt\BIOMD0000000710.txt
BIOMD0000000816,biomodels_all_txt,7,16,data\biomodels\biomodels_all_txt\BIOMD0000000816.txt
BIOMD0000000925,biomodels_all_txt,16,16,data\biomodels\biomodels_all_txt\BIOMD0000000925.txt
BIOMD0000000035,Biomodels_txt_sample,10,16,data\biomodels\biomodels_all_txt\Biomodels_txt_sample\BIOMD0000000035.txt
BIOMD0000000050,Biomodels_txt_sample,14,16,data\biomodels\biomodels_all_txt\Biomodels_txt_sample\BIOMD0000000050.txt
BIOMD0000000065,Biomodels_txt_sample,9,16,data\biomodels\biomodels_all_txt\Biomodels_txt_sample\BIOMD0000000065.txt
BIOMD0000000217,Biomodels_txt_sample,20,16,data\biomodels\biomodels_all_txt\Biomodels_txt_sample\BIOMD0000000217.txt
BIOMD0000000313,Biomodels_txt_sample,16,16,data\biomodels\biomodels_all_txt\Biomodels_txt_sample\BIOMD0000000313.txt
BIOMD0000000364,Biomodels_txt_sample,13,16,data\biomodels\biomodels_all_txt\Biomodels_txt_sample\BIOMD0000000364.txt
BIOMD0000000396,Biomodels_txt_sample,36,16,data\biomodels\biomodels_all_txt\Biomodels_txt_sample\BIOMD0000000396.txt
BIOMD0000000429,Biomodels_txt_sample,15,16,data\biomodels\biomodels_all_txt\Biomodels_txt_sample\BIOMD0000000429.txt
BIOMD0000000710,Biomodels_txt_sample,7,16,data\biomodels\biomodels_all_txt\Biomodels_txt_sample\BIOMD0000000710.txt
BIOMD0000000816,Biomodels_txt_sample,7,16,data\biomodels\biomodels_all_txt\Biomodels_txt_sample\BIOMD0000000816.txt
BIOMD0000000925,Biomodels_txt_sample,16,16,data\biomodels\biomodels_all_txt\Biomodels_txt_sample\BIOMD0000000925.txt
BIOMD0000000122,BioMD_circadian,14,17,data\biomodels\BioMD_circadian\BIOMD0000000122.txt
BIOMD0000000170,BioMD_circadian,7,17,data\biomodels\BioMD_circadian\BIOMD0000000170.txt
BIOMD0000000216,BioMD_circadian,5,17,data\biomodels\BioMD_circadian\BIOMD0000000216.txt
BIOMD0000000530,BioMD_gene_regulation,10,17,data\biomodels\BioMD_gene_regulation\BIOMD0000000530.txt
BIOMD0000000064,BioMD_metabolic,25,17,data\biomodels\BioMD_metabolic\BIOMD0000000064.txt
BIOMD0000000085,BioMD_other,17,17,data\biomodels\BioMD_other\BIOMD0000000085.txt
BIOMD0000000108,BioMD_other,8,17,data\biomodels\BioMD_other\BIOMD0000000108.txt
BIOMD0000000123,BioMD_other,14,17,data\biomodels\BioMD_other\BIOMD0000000123.txt
BIOMD0000000179,BioMD_other,7,17,data\biomodels\BioMD_other\BIOMD0000000179.txt
BIOMD0000000318,BioMD_other,7,17,data\biomodels\BioMD_other\BIOMD0000000318.txt
BIOMD0000000495,BioMD_other,11,17,data\biomodels\BioMD_other\BIOMD0000000495.txt
BIOMD0000000615,BioMD_other,4,17,data\biomodels\BioMD_other\BIOMD0000000615.txt
BIOMD0000000622,BioMD_other,11,17,data\biomodels\BioMD_other\BIOMD0000000622.txt
BIOMD0000000661,BioMD_other,7,17,data\biomodels\BioMD_other\BIOMD0000000661.txt
BIOMD0000000676,BioMD_other,20,17,data\biomodels\BioMD_other\BIOMD0000000676.txt
BIOMD0000000837,BioMD_other,8,17,data\biomodels\BioMD_other\BIOMD0000000837.txt
BIOMD0000000949,BioMD_other,7,17,data\biomodels\BioMD_other\BIOMD0000000949.txt
BIOMD0000000001,BioMD_signaling,12,17,data\biomodels\BioMD_signaling\BIOMD0000000001.txt
BIOMD0000000002,BioMD_signaling,13,17,data\biomodels\BioMD_signaling\BIOMD0000000002.txt
BIOMD0000000028,BioMD_signaling,16,17,data\biomodels\BioMD_signaling\BIOMD0000000028.txt
BIOMD0000000355,BioMD_signaling,8,17,data\biomodels\BioMD_signaling\BIOMD0000000355.txt
BIOMD0000000658,BioMD_signaling,16,17,data\biomodels\BioMD_signaling\BIOMD0000000658.txt
BIOMD0000000001,biomodels_all_txt,12,17,data\biomodels\biomodels_all_txt\BIOMD0000000001.txt
BIOMD0000000002,biomodels_all_txt,13,17,data\biomodels\biomodels_all_txt\BIOMD0000000002.txt
BIOMD0000000028,biomodels_all_txt,16,17,data\biomodels\biomodels_all_txt\BIOMD0000000028.txt
BIOMD0000000064,biomodels_all_txt,25,17,data\biomodels\biomodels_all_txt\BIOMD0000000064.txt
BIOMD0000000085,biomodels_all_txt,17,17,data\biomodels\biomodels_all_txt\BIOMD0000000085.txt
BIOMD0000000108,biomodels_all_txt,8,17,data\biomodels\biomodels_all_txt\BIOMD0000000108.txt
BIOMD0000000122,biomodels_all_txt,14,17,data\biomodels\biomodels_all_txt\BIOMD0000000122.txt
BIOMD0000000123,biomodels_all_txt,14,17,data\biomodels\biomodels_all_txt\BIOMD0000000123.txt
BIOMD0000000170,biomodels_all_txt,7,17,data\biomodels\biomodels_all_txt\BIOMD0000000170.txt
BIOMD0000000179,biomodels_all_txt,7,17,data\biomodels\biomodels_all_txt\BIOMD0000000179.txt
BIOMD0000000216,biomodels_all_txt,5,17,data\biomodels\biomodels_all_txt\BIOMD0000000216.txt
BIOMD0000000318,biomodels_all_txt,7,17,data\biomodels\biomodels_all_txt\BIOMD0000000318.txt
BIOMD0000000355,biomodels_all_txt,8,17,data\biomodels\biomodels_all_txt\BIOMD0000000355.txt
BIOMD0000000495,biomodels_all_txt,11,17,data\biomodels\biomodels_all_txt\BIOMD0000000495.txt
BIOMD0000000530,biomodels_all_txt,10,17,data\biomodels\biomodels_all_txt\BIOMD0000000530.txt
BIOMD0000000615,biomodels_all_txt,4,17,data\biomodels\biomodels_all_txt\BIOMD0000000615.txt
BIOMD0000000622,biomodels_all_txt,11,17,data\biomodels\biomodels_all_txt\BIOMD0000000622.txt
BIOMD0000000658,biomodels_all_txt,16,17,data\biomodels\biomodels_all_txt\BIOMD0000000658.txt
BIOMD0000000661,biomodels_all_txt,7,17,data\biomodels\biomodels_all_txt\BIOMD0000000661.txt
BIOMD0000000676,biomodels_all_txt,20,17,data\biomodels\biomodels_all_txt\BIOMD0000000676.txt
BIOMD0000000837,biomodels_all_txt,8,17,data\biomodels\biomodels_all_txt\BIOMD0000000837.txt
BIOMD0000000949,biomodels_all_txt,7,17,data\biomodels\biomodels_all_txt\BIOMD0000000949.txt
BIOMD0000000001,Biomodels_txt_sample,12,17,data\biomodels\biomodels_all_txt\Biomodels_txt_sample\BIOMD0000000001.txt
BIOMD0000000002,Biomodels_txt_sample,13,17,data\biomodels\biomodels_all_txt\Biomodels_txt_sample\BIOMD0000000002.txt
BIOMD0000000028,Biomodels_txt_sample,16,17,data\biomodels\biomodels_all_txt\Biomodels_txt_sample\BIOMD0000000028.txt
BIOMD0000000064,Biomodels_txt_sample,25,17,data\biomodels\biomodels_all_txt\Biomodels_txt_sample\BIOMD0000000064.txt
BIOMD0000000085,Biomodels_txt_sample,17,17,data\biomodels\biomodels_all_txt\Biomodels_txt_sample\BIOMD0000000085.txt
BIOMD0000000108,Biomodels_txt_sample,8,17,data\biomodels\biomodels_all_txt\Biomodels_txt_sample\BIOMD0000000108.txt
BIOMD0000000122,Biomodels_txt_sample,14,17,data\biomodels\biomodels_all_txt\Biomodels_txt_sample\BIOMD0000000122.txt
BIOMD0000000123,Biomodels_txt_sample,14,17,data\biomodels\biomodels_all_txt\Biomodels_txt_sample\BIOMD0000000123.txt
BIOMD0000000170,Biomodels_txt_sample,7,17,data\biomodels\biomodels_all_txt\Biomodels_txt_sample\BIOMD0000000170.txt
BIOMD0000000179,Biomodels_txt_sample,7,17,data\biomodels\biomodels_all_txt\Biomodels_txt_sample\BIOMD0000000179.txt
BIOMD0000000216,Biomodels_txt_sample,5,17,data\biomodels\biomodels_all_txt\Biomodels_txt_sample\BIOMD0000000216.txt
BIOMD0000000318,Biomodels_txt_sample,7,17,data\biomodels\biomodels_all_txt\Biomodels_txt_sample\BIOMD0000000318.txt
BIOMD0000000355,Biomodels_txt_sample,8,17,data\biomodels\biomodels_all_txt\Biomodels_txt_sample\BIOMD0000000355.txt
BIOMD0000000495,Biomodels_txt_sample,11,17,data\biomodels\biomodels_all_txt\Biomodels_txt_sample\BIOMD0000000495.txt
BIOMD0000000530,Biomodels_txt_sample,10,17,data\biomodels\biomodels_all_txt\Biomodels_txt_sample\BIOMD0000000530.txt
BIOMD0000000615,Biomodels_txt_sample,4,17,data\biomodels\biomodels_all_txt\Biomodels_txt_sample\BIOMD0000000615.txt
BIOMD0000000622,Biomodels_txt_sample,11,17,data\biomodels\biomodels_all_txt\Biomodels_txt_sample\BIOMD0000000622.txt
BIOMD0000000658,Biomodels_txt_sample,16,17,data\biomodels\biomodels_all_txt\Biomodels_txt_sample\BIOMD0000000658.txt
BIOMD0000000661,Biomodels_txt_sample,7,17,data\biomodels\biomodels_all_txt\Biomodels_txt_sample\BIOMD0000000661.txt
BIOMD0000000676,Biomodels_txt_sample,20,17,data\biomodels\biomodels_all_txt\Biomodels_txt_sample\BIOMD0000000676.txt
BIOMD0000000837,Biomodels_txt_sample,8,17,data\biomodels\biomodels_all_txt\Biomodels_txt_sample\BIOMD0000000837.txt
BIOMD0000000949,Biomodels_txt_sample,7,17,data\biomodels\biomodels_all_txt\Biomodels_txt_sample\BIOMD0000000949.txt
BIOMD0000000181,BioMD_cell_cycle,6,18,data\biomodels\BioMD_cell_cycle\BIOMD0000000181.txt
BIOMD0000001004,BioMD_immune,10,18,data\biomodels\BioMD_immune\BIOMD0000001004.txt
BIOMD0000000212,BioMD_metabolic,31,18,data\biomodels\BioMD_metabolic\BIOMD0000000212.txt
BIOMD0000000389,BioMD_metabolic,22,18,data\biomodels\BioMD_metabolic\BIOMD0000000389.txt
BIOMD0000000691,BioMD_metabolic,17,18,data\biomodels\BioMD_metabolic\BIOMD0000000691.txt
BIOMD0000000757,BioMD_other,7,18,data\biomodels\BioMD_other\BIOMD0000000757.txt
BIOMD0000000872,BioMD_other,7,18,data\biomodels\BioMD_other\BIOMD0000000872.txt
BIOMD0000000988,BioMD_other,13,18,data\biomodels\BioMD_other\BIOMD0000000988.txt
BIOMD0000000059,BioMD_signaling,6,18,data\biomodels\BioMD_signaling\BIOMD0000000059.txt
BIOMD0000000823,BioMD_signaling,15,18,data\biomodels\BioMD_signaling\BIOMD0000000823.txt
BIOMD0000000059,biomodels_all_txt,6,18,data\biomodels\biomodels_all_txt\BIOMD0000000059.txt
BIOMD0000000181,biomodels_all_txt,6,18,data\biomodels\biomodels_all_txt\BIOMD0000000181.txt
BIOMD0000000212,biomodels_all_txt,31,18,data\biomodels\biomodels_all_txt\BIOMD0000000212.txt
BIOMD0000000389,biomodels_all_txt,22,18,data\biomodels\biomodels_all_txt\BIOMD0000000389.txt
BIOMD0000000691,biomodels_all_txt,17,18,data\biomodels\biomodels_all_txt\BIOMD0000000691.txt
BIOMD0000000757,biomodels_all_txt,7,18,data\biomodels\biomodels_all_txt\BIOMD0000000757.txt
BIOMD0000000823,biomodels_all_txt,15,18,data\biomodels\biomodels_all_txt\BIOMD0000000823.txt
BIOMD0000000872,biomodels_all_txt,7,18,data\biomodels\biomodels_all_txt\BIOMD0000000872.txt
BIOMD0000000988,biomodels_all_txt,13,18,data\biomodels\biomodels_all_txt\BIOMD0000000988.txt
BIOMD0000001004,biomodels_all_txt,10,18,data\biomodels\biomodels_all_txt\BIOMD0000001004.txt
BIOMD0000000059,Biomodels_txt_sample,6,18,data\biomodels\biomodels_all_txt\Biomodels_txt_sample\BIOMD0000000059.txt
BIOMD0000000181,Biomodels_txt_sample,6,18,data\biomodels\biomodels_all_txt\Biomodels_txt_sample\BIOMD0000000181.txt
BIOMD0000000212,Biomodels_txt_sample,31,18,data\biomodels\biomodels_all_txt\Biomodels_txt_sample\BIOMD0000000212.txt
BIOMD0000000389,Biomodels_txt_sample,22,18,data\biomodels\biomodels_all_txt\Biomodels_txt_sample\BIOMD0000000389.txt
BIOMD0000000691,Biomodels_txt_sample,17,18,data\biomodels\biomodels_all_txt\Biomodels_txt_sample\BIOMD0000000691.txt
BIOMD0000000757,Biomodels_txt_sample,7,18,data\biomodels\biomodels_all_txt\Biomodels_txt_sample\BIOMD0000000757.txt
BIOMD0000000823,Biomodels_txt_sample,15,18,data\biomodels\biomodels_all_txt\Biomodels_txt_sample\BIOMD0000000823.txt
BIOMD0000000872,Biomodels_txt_sample,7,18,data\biomodels\biomodels_all_txt\Biomodels_txt_sample\BIOMD0000000872.txt
BIOMD0000000988,Biomodels_txt_sample,13,18,data\biomodels\biomodels_all_txt\Biomodels_txt_sample\BIOMD0000000988.txt
BIOMD0000001004,Biomodels_txt_sample,10,18,data\biomodels\biomodels_all_txt\Biomodels_txt_sample\BIOMD0000001004.txt
BIOMD0000000525,BioMD_apoptosis,16,19,data\biomodels\BioMD_apoptosis\BIOMD0000000525.txt
BIOMD0000000526,BioMD_apoptosis,16,19,data\biomodels\BioMD_apoptosis\BIOMD0000000526.txt
BIOMD0000000111,BioMD_cell_cycle,10,19,data\biomodels\BioMD_cell_cycle\BIOMD0000000111.txt
BIOMD0000000934,BioMD_cell_cycle,13,19,data\biomodels\BioMD_cell_cycle\BIOMD0000000934.txt
BIOMD0000000172,BioMD_metabolic,25,19,data\biomodels\BioMD_metabolic\BIOMD0000000172.txt
BIOMD0000000176,BioMD_metabolic,25,19,data\biomodels\BioMD_metabolic\BIOMD0000000176.txt
BIOMD0000000759,BioMD_other,6,19,data\biomodels\BioMD_other\BIOMD0000000759.txt
BIOMD0000000111,biomodels_all_txt,10,19,data\biomodels\biomodels_all_txt\BIOMD0000000111.txt
BIOMD0000000172,biomodels_all_txt,25,19,data\biomodels\biomodels_all_txt\BIOMD0000000172.txt
BIOMD0000000176,biomodels_all_txt,25,19,data\biomodels\biomodels_all_txt\BIOMD0000000176.txt
BIOMD0000000525,biomodels_all_txt,16,19,data\biomodels\biomodels_all_txt\BIOMD0000000525.txt
BIOMD0000000526,biomodels_all_txt,16,19,data\biomodels\biomodels_all_txt\BIOMD0000000526.txt
BIOMD0000000759,biomodels_all_txt,6,19,data\biomodels\biomodels_all_txt\BIOMD0000000759.txt
BIOMD0000000934,biomodels_all_txt,13,19,data\biomodels\biomodels_all_txt\BIOMD0000000934.txt
BIOMD0000000111,Biomodels_txt_sample,10,19,data\biomodels\biomodels_all_txt\Biomodels_txt_sample\BIOMD0000000111.txt
BIOMD0000000172,Biomodels_txt_sample,25,19,data\biomodels\biomodels_all_txt\Biomodels_txt_sample\BIOMD0000000172.txt
BIOMD0000000176,Biomodels_txt_sample,25,19,data\biomodels\biomodels_all_txt\Biomodels_txt_sample\BIOMD0000000176.txt
BIOMD0000000525,Biomodels_txt_sample,16,19,data\biomodels\biomodels_all_txt\Biomodels_txt_sample\BIOMD0000000525.txt
BIOMD0000000526,Biomodels_txt_sample,16,19,data\biomodels\biomodels_all_txt\Biomodels_txt_sample\BIOMD0000000526.txt
BIOMD0000000759,Biomodels_txt_sample,6,19,data\biomodels\biomodels_all_txt\Biomodels_txt_sample\BIOMD0000000759.txt
BIOMD0000000934,Biomodels_txt_sample,13,19,data\biomodels\biomodels_all_txt\Biomodels_txt_sample\BIOMD0000000934.txt
BIOMD0000000195,BioMD_cell_cycle,10,20,data\biomodels\BioMD_cell_cycle\BIOMD0000000195.txt
BIOMD0000000185,BioMD_circadian,8,20,data\biomodels\BioMD_circadian\BIOMD0000000185.txt
BIOMD0000000839,BioMD_circadian,8,20,data\biomodels\BioMD_circadian\BIOMD0000000839.txt
BIOMD0000000889,BioMD_immune,12,20,data\biomodels\BioMD_immune\BIOMD0000000889.txt
BIOMD0000000143,BioMD_metabolic,20,20,data\biomodels\BioMD_metabolic\BIOMD0000000143.txt
BIOMD0000000245,BioMD_metabolic,11,20,data\biomodels\BioMD_metabolic\BIOMD0000000245.txt
BIOMD0000000857,BioMD_metabolic,10,20,data\biomodels\BioMD_metabolic\BIOMD0000000857.txt
BIOMD0000000858,BioMD_metabolic,10,20,data\biomodels\BioMD_metabolic\BIOMD0000000858.txt
BIOMD0000000180,BioMD_other,8,20,data\biomodels\BioMD_other\BIOMD0000000180.txt
BIOMD0000000188,BioMD_other,18,20,data\biomodels\BioMD_other\BIOMD0000000188.txt
BIOMD0000000249,BioMD_other,9,20,data\biomodels\BioMD_other\BIOMD0000000249.txt
BIOMD0000000336,BioMD_other,18,20,data\biomodels\BioMD_other\BIOMD0000000336.txt
BIOMD0000000590,BioMD_other,9,20,data\biomodels\BioMD_other\BIOMD0000000590.txt
BIOMD0000000620,BioMD_other,9,20,data\biomodels\BioMD_other\BIOMD0000000620.txt
BIOMD0000000621,BioMD_other,9,20,data\biomodels\BioMD_other\BIOMD0000000621.txt
BIOMD0000000009,BioMD_signaling,22,20,data\biomodels\BioMD_signaling\BIOMD0000000009.txt
BIOMD0000000030,BioMD_signaling,18,20,data\biomodels\BioMD_signaling\BIOMD0000000030.txt
BIOMD0000000137,BioMD_signaling,21,20,data\biomodels\BioMD_signaling\BIOMD0000000137.txt
BIOMD0000000009,biomodels_all_txt,22,20,data\biomodels\biomodels_all_txt\BIOMD0000000009.txt
BIOMD0000000030,biomodels_all_txt,18,20,data\biomodels\biomodels_all_txt\BIOMD0000000030.txt
BIOMD0000000137,biomodels_all_txt,21,20,data\biomodels\biomodels_all_txt\BIOMD0000000137.txt
BIOMD0000000143,biomodels_all_txt,20,20,data\biomodels\biomodels_all_txt\BIOMD0000000143.txt
BIOMD0000000180,biomodels_all_txt,8,20,data\biomodels\biomodels_all_txt\BIOMD0000000180.txt
BIOMD0000000185,biomodels_all_txt,8,20,data\biomodels\biomodels_all_txt\BIOMD0000000185.txt
BIOMD0000000188,biomodels_all_txt,18,20,data\biomodels\biomodels_all_txt\BIOMD0000000188.txt
BIOMD0000000195,biomodels_all_txt,10,20,data\biomodels\biomodels_all_txt\BIOMD0000000195.txt
BIOMD0000000245,biomodels_all_txt,11,20,data\biomodels\biomodels_all_txt\BIOMD0000000245.txt
BIOMD0000000249,biomodels_all_txt,9,20,data\biomodels\biomodels_all_txt\BIOMD0000000249.txt
BIOMD0000000336,biomodels_all_txt,18,20,data\biomodels\biomodels_all_txt\BIOMD0000000336.txt
BIOMD0000000590,biomodels_all_txt,9,20,data\biomodels\biomodels_all_txt\BIOMD0000000590.txt
BIOMD0000000620,biomodels_all_txt,9,20,data\biomodels\biomodels_all_txt\BIOMD0000000620.txt
BIOMD0000000621,biomodels_all_txt,9,20,data\biomodels\biomodels_all_txt\BIOMD0000000621.txt
BIOMD0000000839,biomodels_all_txt,8,20,data\biomodels\biomodels_all_txt\BIOMD0000000839.txt
BIOMD0000000857,biomodels_all_txt,10,20,data\biomodels\biomodels_all_txt\BIOMD0000000857.txt
BIOMD0000000858,biomodels_all_txt,10,20,data\biomodels\biomodels_all_txt\BIOMD0000000858.txt
BIOMD0000000889,biomodels_all_txt,12,20,data\biomodels\biomodels_all_txt\BIOMD0000000889.txt
BIOMD0000000009,Biomodels_txt_sample,22,20,data\biomodels\biomodels_all_txt\Biomodels_txt_sample\BIOMD0000000009.txt
BIOMD0000000030,Biomodels_txt_sample,18,20,data\biomodels\biomodels_all_txt\Biomodels_txt_sample\BIOMD0000000030.txt
BIOMD0000000137,Biomodels_txt_sample,21,20,data\biomodels\biomodels_all_txt\Biomodels_txt_sample\BIOMD0000000137.txt
BIOMD0000000143,Biomodels_txt_sample,20,20,data\biomodels\biomodels_all_txt\Biomodels_txt_sample\BIOMD0000000143.txt
BIOMD0000000180,Biomodels_txt_sample,8,20,data\biomodels\biomodels_all_txt\Biomodels_txt_sample\BIOMD0000000180.txt
BIOMD0000000185,Biomodels_txt_sample,8,20,data\biomodels\biomodels_all_txt\Biomodels_txt_sample\BIOMD0000000185.txt
BIOMD0000000188,Biomodels_txt_sample,18,20,data\biomodels\biomodels_all_txt\Biomodels_txt_sample\BIOMD0000000188.txt
BIOMD0000000195,Biomodels_txt_sample,10,20,data\biomodels\biomodels_all_txt\Biomodels_txt_sample\BIOMD0000000195.txt
BIOMD0000000245,Biomodels_txt_sample,11,20,data\biomodels\biomodels_all_txt\Biomodels_txt_sample\BIOMD0000000245.txt
BIOMD0000000249,Biomodels_txt_sample,9,20,data\biomodels\biomodels_all_txt\Biomodels_txt_sample\BIOMD0000000249.txt
BIOMD0000000336,Biomodels_txt_sample,18,20,data\biomodels\biomodels_all_txt\Biomodels_txt_sample\BIOMD0000000336.txt
BIOMD0000000590,Biomodels_txt_sample,9,20,data\biomodels\biomodels_all_txt\Biomodels_txt_sample\BIOMD0000000590.txt
BIOMD0000000620,Biomodels_txt_sample,9,20,data\biomodels\biomodels_all_txt\Biomodels_txt_sample\BIOMD0000000620.txt
BIOMD0000000621,Biomodels_txt_sample,9,20,data\biomodels\biomodels_all_txt\Biomodels_txt_sample\BIOMD0000000621.txt
BIOMD0000000839,Biomodels_txt_sample,8,20,data\biomodels\biomodels_all_txt\Biomodels_txt_sample\BIOMD0000000839.txt
BIOMD0000000857,Biomodels_txt_sample,10,20,data\biomodels\biomodels_all_txt\Biomodels_txt_sample\BIOMD0000000857.txt
BIOMD0000000858,Biomodels_txt_sample,10,20,data\biomodels\biomodels_all_txt\Biomodels_txt_sample\BIOMD0000000858.txt
BIOMD0000000889,Biomodels_txt_sample,12,20,data\biomodels\biomodels_all_txt\Biomodels_txt_sample\BIOMD0000000889.txt
BIOMD0000000185_url,biomodels_interesting,8,20,data\biomodels\biomodels_interesting\BIOMD0000000185_url.txt
BIOMD0000000090,BioMD_circadian,26,21,data\biomodels\BioMD_circadian\BIOMD0000000090.txt
BIOMD0000001006,BioMD_circadian,9,21,data\biomodels\BioMD_circadian\BIOMD0000001006.txt
BIOMD0000000848,BioMD_immune,9,21,data\biomodels\BioMD_immune\BIOMD0000000848.txt
BIOMD0000000013,BioMD_metabolic,27,21,data\biomodels\BioMD_metabolic\BIOMD0000000013.txt
BIOMD0000000177,BioMD_metabolic,28,21,data\biomodels\BioMD_metabolic\BIOMD0000000177.txt
BIOMD0000000211,BioMD_metabolic,27,21,data\biomodels\BioMD_metabolic\BIOMD0000000211.txt
BIOMD0000000391,BioMD_metabolic,22,21,data\biomodels\BioMD_metabolic\BIOMD0000000391.txt
BIOMD0000000853,BioMD_other,9,21,data\biomodels\BioMD_other\BIOMD0000000853.txt
BIOMD0000000013,biomodels_all_txt,27,21,data\biomodels\biomodels_all_txt\BIOMD0000000013.txt
BIOMD0000000090,biomodels_all_txt,26,21,data\biomodels\biomodels_all_txt\BIOMD0000000090.txt
BIOMD0000000177,biomodels_all_txt,28,21,data\biomodels\biomodels_all_txt\BIOMD0000000177.txt
BIOMD0000000211,biomodels_all_txt,27,21,data\biomodels\biomodels_all_txt\BIOMD0000000211.txt
BIOMD0000000391,biomodels_all_txt,22,21,data\biomodels\biomodels_all_txt\BIOMD0000000391.txt
BIOMD0000000848,biomodels_all_txt,9,21,data\biomodels\biomodels_all_txt\BIOMD0000000848.txt
BIOMD0000000853,biomodels_all_txt,9,21,data\biomodels\biomodels_all_txt\BIOMD0000000853.txt
BIOMD0000001006,biomodels_all_txt,9,21,data\biomodels\biomodels_all_txt\BIOMD0000001006.txt
BIOMD0000000013,Biomodels_txt_sample,27,21,data\biomodels\biomodels_all_txt\Biomodels_txt_sample\BIOMD0000000013.txt
BIOMD0000000090,Biomodels_txt_sample,26,21,data\biomodels\biomodels_all_txt\Biomodels_txt_sample\BIOMD0000000090.txt
BIOMD0000000177,Biomodels_txt_sample,28,21,data\biomodels\biomodels_all_txt\Biomodels_txt_sample\BIOMD0000000177.txt
BIOMD0000000211,Biomodels_txt_sample,27,21,data\biomodels\biomodels_all_txt\Biomodels_txt_sample\BIOMD0000000211.txt
BIOMD0000000391,Biomodels_txt_sample,22,21,data\biomodels\biomodels_all_txt\Biomodels_txt_sample\BIOMD0000000391.txt
BIOMD0000000848,Biomodels_txt_sample,9,21,data\biomodels\biomodels_all_txt\Biomodels_txt_sample\BIOMD0000000848.txt
BIOMD0000000853,Biomodels_txt_sample,9,21,data\biomodels\biomodels_all_txt\Biomodels_txt_sample\BIOMD0000000853.txt
BIOMD0000001006,Biomodels_txt_sample,9,21,data\biomodels\biomodels_all_txt\Biomodels_txt_sample\BIOMD0000001006.txt
BIOMD0000000110,BioMD_cell_cycle,13,22,data\biomodels\BioMD_cell_cycle\BIOMD0000000110.txt
BIOMD0000000034,BioMD_circadian,9,22,data\biomodels\BioMD_circadian\BIOMD0000000034.txt
BIOMD0000000281,BioMD_metabolic,32,22,data\biomodels\BioMD_metabolic\BIOMD0000000281.txt
BIOMD0000000436,BioMD_metabolic,13,22,data\biomodels\BioMD_metabolic\BIOMD0000000436.txt
BIOMD0000000228,BioMD_other,9,22,data\biomodels\BioMD_other\BIOMD0000000228.txt
BIOMD0000000269,BioMD_other,15,22,data\biomodels\BioMD_other\BIOMD0000000269.txt
BIOMD0000000637,BioMD_other,12,22,data\biomodels\BioMD_other\BIOMD0000000637.txt
BIOMD0000000703,BioMD_other,9,22,data\biomodels\BioMD_other\BIOMD0000000703.txt
BIOMD0000000736,BioMD_other,12,22,data\biomodels\BioMD_other\BIOMD0000000736.txt
BIOMD0000000737,BioMD_other,12,22,data\biomodels\BioMD_other\BIOMD0000000737.txt
BIOMD0000000738,BioMD_other,12,22,data\biomodels\BioMD_other\BIOMD0000000738.txt
BIOMD0000000788,BioMD_other,8,22,data\biomodels\BioMD_other\BIOMD0000000788.txt
BIOMD0000000034,biomodels_all_txt,9,22,data\biomodels\biomodels_all_txt\BIOMD0000000034.txt
BIOMD0000000110,biomodels_all_txt,13,22,data\biomodels\biomodels_all_txt\BIOMD0000000110.txt
BIOMD0000000228,biomodels_all_txt,9,22,data\biomodels\biomodels_all_txt\BIOMD0000000228.txt
BIOMD0000000269,biomodels_all_txt,15,22,data\biomodels\biomodels_all_txt\BIOMD0000000269.txt
BIOMD0000000281,biomodels_all_txt,32,22,data\biomodels\biomodels_all_txt\BIOMD0000000281.txt
BIOMD0000000436,biomodels_all_txt,13,22,data\biomodels\biomodels_all_txt\BIOMD0000000436.txt
BIOMD0000000637,biomodels_all_txt,12,22,data\biomodels\biomodels_all_txt\BIOMD0000000637.txt
BIOMD0000000703,biomodels_all_txt,9,22,data\biomodels\biomodels_all_txt\BIOMD0000000703.txt
BIOMD0000000736,biomodels_all_txt,12,22,data\biomodels\biomodels_all_txt\BIOMD0000000736.txt
BIOMD0000000737,biomodels_all_txt,12,22,data\biomodels\biomodels_all_txt\BIOMD0000000737.txt
BIOMD0000000738,biomodels_all_txt,12,22,data\biomodels\biomodels_all_txt\BIOMD0000000738.txt
BIOMD0000000788,biomodels_all_txt,8,22,data\biomodels\biomodels_all_txt\BIOMD0000000788.txt
BIOMD0000000110-checkpoint,.ipynb_checkpoints,13,22,data\biomodels\biomodels_all_txt\.ipynb_checkpoints\BIOMD0000000110-checkpoint.txt
BIOMD0000000034,Biomodels_txt_sample,9,22,data\biomodels\biomodels_all_txt\Biomodels_txt_sample\BIOMD0000000034.txt
BIOMD0000000110,Biomodels_txt_sample,13,22,data\biomodels\biomodels_all_txt\Biomodels_txt_sample\BIOMD0000000110.txt
BIOMD0000000228,Biomodels_txt_sample,9,22,data\biomodels\biomodels_all_txt\Biomodels_txt_sample\BIOMD0000000228.txt
BIOMD0000000269,Biomodels_txt_sample,15,22,data\biomodels\biomodels_all_txt\Biomodels_txt_sample\BIOMD0000000269.txt
BIOMD0000000281,Biomodels_txt_sample,32,22,data\biomodels\biomodels_all_txt\Biomodels_txt_sample\BIOMD0000000281.txt
BIOMD0000000436,Biomodels_txt_sample,13,22,data\biomodels\biomodels_all_txt\Biomodels_txt_sample\BIOMD0000000436.txt
BIOMD0000000637,Biomodels_txt_sample,12,22,data\biomodels\biomodels_all_txt\Biomodels_txt_sample\BIOMD0000000637.txt
BIOMD0000000703,Biomodels_txt_sample,9,22,data\biomodels\biomodels_all_txt\Biomodels_txt_sample\BIOMD0000000703.txt
BIOMD0000000736,Biomodels_txt_sample,12,22,data\biomodels\biomodels_all_txt\Biomodels_txt_sample\BIOMD0000000736.txt
BIOMD0000000737,Biomodels_txt_sample,12,22,data\biomodels\biomodels_all_txt\Biomodels_txt_sample\BIOMD0000000737.txt
BIOMD0000000738,Biomodels_txt_sample,12,22,data\biomodels\biomodels_all_txt\Biomodels_txt_sample\BIOMD0000000738.txt
BIOMD0000000788,Biomodels_txt_sample,8,22,data\biomodels\biomodels_all_txt\Biomodels_txt_sample\BIOMD0000000788.txt
BIOMD0000000110-checkpoint,.ipynb_checkpoints,13,22,data\biomodels\biomodels_all_txt\Biomodels_txt_sample\.ipynb_checkpoints\BIOMD0000000110-checkpoint.txt
BIOMD0000000107,BioMD_cell_cycle,14,23,data\biomodels\BioMD_cell_cycle\BIOMD0000000107.txt
BIOMD0000000586,BioMD_gene_regulation,10,23,data\biomodels\BioMD_gene_regulation\BIOMD0000000586.txt
BIOMD0000000587,BioMD_gene_regulation,9,23,data\biomodels\BioMD_gene_regulation\BIOMD0000000587.txt
BIOMD0000000091,BioMD_other,16,23,data\biomodels\BioMD_other\BIOMD0000000091.txt
BIOMD0000000696,BioMD_other,9,23,data\biomodels\BioMD_other\BIOMD0000000696.txt
BIOMD0000000726,BioMD_other,8,23,data\biomodels\BioMD_other\BIOMD0000000726.txt
BIOMD0000000739,BioMD_other,24,23,data\biomodels\BioMD_other\BIOMD0000000739.txt
BIOMD0000000849,BioMD_other,21,23,data\biomodels\BioMD_other\BIOMD0000000849.txt
BIOMD0000000243,BioMD_signaling,23,23,data\biomodels\BioMD_signaling\BIOMD0000000243.txt
BIOMD0000000091,biomodels_all_txt,16,23,data\biomodels\biomodels_all_txt\BIOMD0000000091.txt
BIOMD0000000107,biomodels_all_txt,14,23,data\biomodels\biomodels_all_txt\BIOMD0000000107.txt
BIOMD0000000243,biomodels_all_txt,23,23,data\biomodels\biomodels_all_txt\BIOMD0000000243.txt
BIOMD0000000586,biomodels_all_txt,10,23,data\biomodels\biomodels_all_txt\BIOMD0000000586.txt
BIOMD0000000587,biomodels_all_txt,9,23,data\biomodels\biomodels_all_txt\BIOMD0000000587.txt
BIOMD0000000696,biomodels_all_txt,9,23,data\biomodels\biomodels_all_txt\BIOMD0000000696.txt
BIOMD0000000726,biomodels_all_txt,8,23,data\biomodels\biomodels_all_txt\BIOMD0000000726.txt
BIOMD0000000739,biomodels_all_txt,24,23,data\biomodels\biomodels_all_txt\BIOMD0000000739.txt
BIOMD0000000849,biomodels_all_txt,21,23,data\biomodels\biomodels_all_txt\BIOMD0000000849.txt
BIOMD0000000091,Biomodels_txt_sample,16,23,data\biomodels\biomodels_all_txt\Biomodels_txt_sample\BIOMD0000000091.txt
BIOMD0000000107,Biomodels_txt_sample,14,23,data\biomodels\biomodels_all_txt\Biomodels_txt_sample\BIOMD0000000107.txt
BIOMD0000000243,Biomodels_txt_sample,23,23,data\biomodels\biomodels_all_txt\Biomodels_txt_sample\BIOMD0000000243.txt
BIOMD0000000586,Biomodels_txt_sample,10,23,data\biomodels\biomodels_all_txt\Biomodels_txt_sample\BIOMD0000000586.txt
BIOMD0000000587,Biomodels_txt_sample,9,23,data\biomodels\biomodels_all_txt\Biomodels_txt_sample\BIOMD0000000587.txt
BIOMD0000000696,Biomodels_txt_sample,9,23,data\biomodels\biomodels_all_txt\Biomodels_txt_sample\BIOMD0000000696.txt
BIOMD0000000726,Biomodels_txt_sample,8,23,data\biomodels\biomodels_all_txt\Biomodels_txt_sample\BIOMD0000000726.txt
BIOMD0000000739,Biomodels_txt_sample,24,23,data\biomodels\biomodels_all_txt\Biomodels_txt_sample\BIOMD0000000739.txt
BIOMD0000000849,Biomodels_txt_sample,21,23,data\biomodels\biomodels_all_txt\Biomodels_txt_sample\BIOMD0000000849.txt
BIOMD0000000021,BioMD_circadian,10,24,data\biomodels\BioMD_circadian\BIOMD0000000021.txt
BIOMD0000000214,BioMD_circadian,12,24,data\biomodels\BioMD_circadian\BIOMD0000000214.txt
BIOMD0000000061,BioMD_metabolic,25,24,data\biomodels\BioMD_metabolic\BIOMD0000000061.txt
BIOMD0000000086,BioMD_other,17,24,data\biomodels\BioMD_other\BIOMD0000000086.txt
BIOMD0000000646,BioMD_other,11,24,data\biomodels\BioMD_other\BIOMD0000000646.txt
BIOMD0000000769,BioMD_other,5,24,data\biomodels\BioMD_other\BIOMD0000000769.txt
BIOMD0000000929,BioMD_other,5,24,data\biomodels\BioMD_other\BIOMD0000000929.txt
BIOMD0000000226,BioMD_signaling,24,24,data\biomodels\BioMD_signaling\BIOMD0000000226.txt
BIOMD0000000086_url,biomodels_all,17,24,data\biomodels\biomodels_all\BIOMD0000000086_url.txt
BIOMD0000000021,biomodels_all_txt,10,24,data\biomodels\biomodels_all_txt\BIOMD0000000021.txt
BIOMD0000000061,biomodels_all_txt,25,24,data\biomodels\biomodels_all_txt\BIOMD0000000061.txt
BIOMD0000000086,biomodels_all_txt,17,24,data\biomodels\biomodels_all_txt\BIOMD0000000086.txt
BIOMD0000000214,biomodels_all_txt,12,24,data\biomodels\biomodels_all_txt\BIOMD0000000214.txt
BIOMD0000000226,biomodels_all_txt,24,24,data\biomodels\biomodels_all_txt\BIOMD0000000226.txt
BIOMD0000000646,biomodels_all_txt,11,24,data\biomodels\biomodels_all_txt\BIOMD0000000646.txt
BIOMD0000000769,biomodels_all_txt,5,24,data\biomodels\biomodels_all_txt\BIOMD0000000769.txt
BIOMD0000000929,biomodels_all_txt,5,24,data\biomodels\biomodels_all_txt\BIOMD0000000929.txt
BIOMD0000000021,Biomodels_txt_sample,10,24,data\biomodels\biomodels_all_txt\Biomodels_txt_sample\BIOMD0000000021.txt
BIOMD0000000061,Biomodels_txt_sample,25,24,data\biomodels\biomodels_all_txt\Biomodels_txt_sample\BIOMD0000000061.txt
BIOMD0000000086,Biomodels_txt_sample,17,24,data\biomodels\biomodels_all_txt\Biomodels_txt_sample\BIOMD0000000086.txt
BIOMD0000000214,Biomodels_txt_sample,12,24,data\biomodels\biomodels_all_txt\Biomodels_txt_sample\BIOMD0000000214.txt
BIOMD0000000226,Biomodels_txt_sample,24,24,data\biomodels\biomodels_all_txt\Biomodels_txt_sample\BIOMD0000000226.txt
BIOMD0000000646,Biomodels_txt_sample,11,24,data\biomodels\biomodels_all_txt\Biomodels_txt_sample\BIOMD0000000646.txt
BIOMD0000000769,Biomodels_txt_sample,5,24,data\biomodels\biomodels_all_txt\Biomodels_txt_sample\BIOMD0000000769.txt
BIOMD0000000929,Biomodels_txt_sample,5,24,data\biomodels\biomodels_all_txt\Biomodels_txt_sample\BIOMD0000000929.txt
BIOMD0000000007,BioMD_cell_cycle,19,25,data\biomodels\BioMD_cell_cycle\BIOMD0000000007.txt
BIOMD0000000720,BioMD_cell_cycle,9,25,data\biomodels\BioMD_cell_cycle\BIOMD0000000720.txt
BIOMD0000000731,BioMD_immune,18,25,data\biomodels\BioMD_immune\BIOMD0000000731.txt
BIOMD0000001018,BioMD_immune,18,25,data\biomodels\BioMD_immune\BIOMD0000001018.txt
BIOMD0000000042,BioMD_metabolic,15,25,data\biomodels\BioMD_metabolic\BIOMD0000000042.txt
BIOMD0000000247,BioMD_metabolic,31,25,data\biomodels\BioMD_metabolic\BIOMD0000000247.txt
BIOMD0000000859,BioMD_metabolic,13,25,data\biomodels\BioMD_metabolic\BIOMD0000000859.txt
BIOMD0000000687,BioMD_other,15,25,data\biomodels\BioMD_other\BIOMD0000000687.txt
BIOMD0000000750,BioMD_other,8,25,data\biomodels\BioMD_other\BIOMD0000000750.txt
BIOMD0000000779,BioMD_other,6,25,data\biomodels\BioMD_other\BIOMD0000000779.txt
BIOMD0000000806,BioMD_other,6,25,data\biomodels\BioMD_other\BIOMD0000000806.txt
BIOMD0000000048,BioMD_signaling,23,25,data\biomodels\BioMD_signaling\BIOMD0000000048.txt
BIOMD0000000826,BioMD_signaling,13,25,data\biomodels\BioMD_signaling\BIOMD0000000826.txt
BIOMD0000000007,biomodels_all_txt,19,25,data\biomodels\biomodels_all_txt\BIOMD0000000007.txt
BIOMD0000000042,biomodels_all_txt,15,25,data\biomodels\biomodels_all_txt\BIOMD0000000042.txt
BIOMD0000000048,biomodels_all_txt,23,25,data\biomodels\biomodels_all_txt\BIOMD0000000048.txt
BIOMD0000000247,biomodels_all_txt,31,25,data\biomodels\biomodels_all_txt\BIOMD0000000247.txt
BIOMD0000000687,biomodels_all_txt,15,25,data\biomodels\biomodels_all_txt\BIOMD0000000687.txt
BIOMD0000000720,biomodels_all_txt,9,25,data\biomodels\biomodels_all_txt\BIOMD0000000720.txt
BIOMD0000000731,biomodels_all_txt,18,25,data\biomodels\biomodels_all_txt\BIOMD0000000731.txt
BIOMD0000000750,biomodels_all_txt,8,25,data\biomodels\biomodels_all_txt\BIOMD0000000750.txt
BIOMD0000000779,biomodels_all_txt,6,25,data\biomodels\biomodels_all_txt\BIOMD0000000779.txt
BIOMD0000000806,biomodels_all_txt,6,25,data\biomodels\biomodels_all_txt\BIOMD0000000806.txt
BIOMD0000000826,biomodels_all_txt,13,25,data\biomodels\biomodels_all_txt\BIOMD0000000826.txt
BIOMD0000000859,biomodels_all_txt,13,25,data\biomodels\biomodels_all_txt\BIOMD0000000859.txt
BIOMD0000001018,biomodels_all_txt,18,25,data\biomodels\biomodels_all_txt\BIOMD0000001018.txt
BIOMD0000000007,Biomodels_txt_sample,19,25,data\biomodels\biomodels_all_txt\Biomodels_txt_sample\BIOMD0000000007.txt
BIOMD0000000042,Biomodels_txt_sample,15,25,data\biomodels\biomodels_all_txt\Biomodels_txt_sample\BIOMD0000000042.txt
BIOMD0000000048,Biomodels_txt_sample,23,25,data\biomodels\biomodels_all_txt\Biomodels_txt_sample\BIOMD0000000048.txt
BIOMD0000000247,Biomodels_txt_sample,31,25,data\biomodels\biomodels_all_txt\Biomodels_txt_sample\BIOMD0000000247.txt
BIOMD0000000687,Biomodels_txt_sample,15,25,data\biomodels\biomodels_all_txt\Biomodels_txt_sample\BIOMD0000000687.txt
BIOMD0000000720,Biomodels_txt_sample,9,25,data\biomodels\biomodels_all_txt\Biomodels_txt_sample\BIOMD0000000720.txt
BIOMD0000000731,Biomodels_txt_sample,18,25,data\biomodels\biomodels_all_txt\Biomodels_txt_sample\BIOMD0000000731.txt
BIOMD0000000750,Biomodels_txt_sample,8,25,data\biomodels\biomodels_all_txt\Biomodels_txt_sample\BIOMD0000000750.txt
BIOMD0000000779,Biomodels_txt_sample,6,25,data\biomodels\biomodels_all_txt\Biomodels_txt_sample\BIOMD0000000779.txt
BIOMD0000000806,Biomodels_txt_sample,6,25,data\biomodels\biomodels_all_txt\Biomodels_txt_sample\BIOMD0000000806.txt
BIOMD0000000826,Biomodels_txt_sample,13,25,data\biomodels\biomodels_all_txt\Biomodels_txt_sample\BIOMD0000000826.txt
BIOMD0000000859,Biomodels_txt_sample,13,25,data\biomodels\biomodels_all_txt\Biomodels_txt_sample\BIOMD0000000859.txt
BIOMD0000001018,Biomodels_txt_sample,18,25,data\biomodels\biomodels_all_txt\Biomodels_txt_sample\BIOMD0000001018.txt
BIOMD0000000171,BioMD_circadian,10,26,data\biomodels\BioMD_circadian\BIOMD0000000171.txt
BIOMD0000000711,BioMD_immune,11,26,data\biomodels\BioMD_immune\BIOMD0000000711.txt
BIOMD0000000926,BioMD_immune,8,26,data\biomodels\BioMD_immune\BIOMD0000000926.txt
BIOMD0000000173,BioMD_other,26,26,data\biomodels\BioMD_other\BIOMD0000000173.txt
BIOMD0000000294,BioMD_other,11,26,data\biomodels\BioMD_other\BIOMD0000000294.txt
BIOMD0000000856,BioMD_other,22,26,data\biomodels\BioMD_other\BIOMD0000000856.txt
BIOMD0000000163,BioMD_signaling,16,26,data\biomodels\BioMD_signaling\BIOMD0000000163.txt
BIOMD0000000832,BioMD_signaling,20,26,data\biomodels\BioMD_signaling\BIOMD0000000832.txt
BIOMD0000000163,biomodels_all_txt,16,26,data\biomodels\biomodels_all_txt\BIOMD0000000163.txt
BIOMD0000000171,biomodels_all_txt,10,26,data\biomodels\biomodels_all_txt\BIOMD0000000171.txt
BIOMD0000000173,biomodels_all_txt,26,26,data\biomodels\biomodels_all_txt\BIOMD0000000173.txt
BIOMD0000000294,biomodels_all_txt,11,26,data\biomodels\biomodels_all_txt\BIOMD0000000294.txt
BIOMD0000000711,biomodels_all_txt,11,26,data\biomodels\biomodels_all_txt\BIOMD0000000711.txt
BIOMD0000000832,biomodels_all_txt,20,26,data\biomodels\biomodels_all_txt\BIOMD0000000832.txt
BIOMD0000000856,biomodels_all_txt,22,26,data\biomodels\biomodels_all_txt\BIOMD0000000856.txt
BIOMD0000000926,biomodels_all_txt,8,26,data\biomodels\biomodels_all_txt\BIOMD0000000926.txt
BIOMD0000000163,Biomodels_txt_sample,16,26,data\biomodels\biomodels_all_txt\Biomodels_txt_sample\BIOMD0000000163.txt
BIOMD0000000171,Biomodels_txt_sample,10,26,data\biomodels\biomodels_all_txt\Biomodels_txt_sample\BIOMD0000000171.txt
BIOMD0000000173,Biomodels_txt_sample,26,26,data\biomodels\biomodels_all_txt\Biomodels_txt_sample\BIOMD0000000173.txt
BIOMD0000000294,Biomodels_txt_sample,11,26,data\biomodels\biomodels_all_txt\Biomodels_txt_sample\BIOMD0000000294.txt
BIOMD0000000711,Biomodels_txt_sample,11,26,data\biomodels\biomodels_all_txt\Biomodels_txt_sample\BIOMD0000000711.txt
BIOMD0000000832,Biomodels_txt_sample,20,26,data\biomodels\biomodels_all_txt\Biomodels_txt_sample\BIOMD0000000832.txt
BIOMD0000000856,Biomodels_txt_sample,22,26,data\biomodels\biomodels_all_txt\Biomodels_txt_sample\BIOMD0000000856.txt
BIOMD0000000926,Biomodels_txt_sample,8,26,data\biomodels\biomodels_all_txt\Biomodels_txt_sample\BIOMD0000000926.txt
BIOMD0000000169,BioMD_cell_cycle,11,27,data\biomodels\BioMD_cell_cycle\BIOMD0000000169.txt
BIOMD0000000392,BioMD_metabolic,47,27,data\biomodels\BioMD_metabolic\BIOMD0000000392.txt
BIOMD0000000315,BioMD_other,20,27,data\biomodels\BioMD_other\BIOMD0000000315.txt
BIOMD0000000169,biomodels_all_txt,11,27,data\biomodels\biomodels_all_txt\BIOMD0000000169.txt
BIOMD0000000315,biomodels_all_txt,20,27,data\biomodels\biomodels_all_txt\BIOMD0000000315.txt
BIOMD0000000392,biomodels_all_txt,47,27,data\biomodels\biomodels_all_txt\BIOMD0000000392.txt
BIOMD0000000169,Biomodels_txt_sample,11,27,data\biomodels\biomodels_all_txt\Biomodels_txt_sample\BIOMD0000000169.txt
BIOMD0000000315,Biomodels_txt_sample,20,27,data\biomodels\biomodels_all_txt\Biomodels_txt_sample\BIOMD0000000315.txt
BIOMD0000000392,Biomodels_txt_sample,47,27,data\biomodels\biomodels_all_txt\Biomodels_txt_sample\BIOMD0000000392.txt
BIOMD0000000102,BioMD_apoptosis,13,28,data\biomodels\BioMD_apoptosis\BIOMD0000000102.txt
BIOMD0000000747,BioMD_other,33,28,data\biomodels\BioMD_other\BIOMD0000000747.txt
BIOMD0000000724,BioMD_signaling,31,28,data\biomodels\BioMD_signaling\BIOMD0000000724.txt
BIOMD0000000829,BioMD_signaling,13,28,data\biomodels\BioMD_signaling\BIOMD0000000829.txt
BIOMD0000000102,biomodels_all_txt,13,28,data\biomodels\biomodels_all_txt\BIOMD0000000102.txt
BIOMD0000000724,biomodels_all_txt,31,28,data\biomodels\biomodels_all_txt\BIOMD0000000724.txt
BIOMD0000000747,biomodels_all_txt,33,28,data\biomodels\biomodels_all_txt\BIOMD0000000747.txt
BIOMD0000000829,biomodels_all_txt,13,28,data\biomodels\biomodels_all_txt\BIOMD0000000829.txt
BIOMD0000000102,Biomodels_txt_sample,13,28,data\biomodels\biomodels_all_txt\Biomodels_txt_sample\BIOMD0000000102.txt
BIOMD0000000724,Biomodels_txt_sample,31,28,data\biomodels\biomodels_all_txt\Biomodels_txt_sample\BIOMD0000000724.txt
BIOMD0000000747,Biomodels_txt_sample,33,28,data\biomodels\biomodels_all_txt\Biomodels_txt_sample\BIOMD0000000747.txt
BIOMD0000000829,Biomodels_txt_sample,13,28,data\biomodels\biomodels_all_txt\Biomodels_txt_sample\BIOMD0000000829.txt
BIOMD0000000718,BioMD_cell_cycle,16,29,data\biomodels\BioMD_cell_cycle\BIOMD0000000718.txt
BIOMD0000000895,BioMD_immune,9,29,data\biomodels\BioMD_immune\BIOMD0000000895.txt
BIOMD0000000259,BioMD_metabolic,17,29,data\biomodels\BioMD_metabolic\BIOMD0000000259.txt
BIOMD0000000260,BioMD_metabolic,17,29,data\biomodels\BioMD_metabolic\BIOMD0000000260.txt
BIOMD0000000261,BioMD_metabolic,17,29,data\biomodels\BioMD_metabolic\BIOMD0000000261.txt
BIOMD0000000328,BioMD_metabolic,18,29,data\biomodels\BioMD_metabolic\BIOMD0000000328.txt
BIOMD0000000164,BioMD_other,26,29,data\biomodels\BioMD_other\BIOMD0000000164.txt
BIOMD0000000342,BioMD_other,21,29,data\biomodels\BioMD_other\BIOMD0000000342.txt
BIOMD0000000811,BioMD_other,6,29,data\biomodels\BioMD_other\BIOMD0000000811.txt
BIOMD0000000953,BioMD_other,22,29,data\biomodels\BioMD_other\BIOMD0000000953.txt
BIOMD0000000600,BioMD_signaling,18,29,data\biomodels\BioMD_signaling\BIOMD0000000600.txt
BIOMD0000000164,biomodels_all_txt,26,29,data\biomodels\biomodels_all_txt\BIOMD0000000164.txt
BIOMD0000000259,biomodels_all_txt,17,29,data\biomodels\biomodels_all_txt\BIOMD0000000259.txt
BIOMD0000000260,biomodels_all_txt,17,29,data\biomodels\biomodels_all_txt\BIOMD0000000260.txt
BIOMD0000000261,biomodels_all_txt,17,29,data\biomodels\biomodels_all_txt\BIOMD0000000261.txt
BIOMD0000000328,biomodels_all_txt,18,29,data\biomodels\biomodels_all_txt\BIOMD0000000328.txt
BIOMD0000000342,biomodels_all_txt,21,29,data\biomodels\biomodels_all_txt\BIOMD0000000342.txt
BIOMD0000000600,biomodels_all_txt,18,29,data\biomodels\biomodels_all_txt\BIOMD0000000600.txt
BIOMD0000000718,biomodels_all_txt,16,29,data\biomodels\biomodels_all_txt\BIOMD0000000718.txt
BIOMD0000000811,biomodels_all_txt,6,29,data\biomodels\biomodels_all_txt\BIOMD0000000811.txt
BIOMD0000000895,biomodels_all_txt,9,29,data\biomodels\biomodels_all_txt\BIOMD0000000895.txt
BIOMD0000000953,biomodels_all_txt,22,29,data\biomodels\biomodels_all_txt\BIOMD0000000953.txt
BIOMD0000000164,Biomodels_txt_sample,26,29,data\biomodels\biomodels_all_txt\Biomodels_txt_sample\BIOMD0000000164.txt
BIOMD0000000259,Biomodels_txt_sample,17,29,data\biomodels\biomodels_all_txt\Biomodels_txt_sample\BIOMD0000000259.txt
BIOMD0000000260,Biomodels_txt_sample,17,29,data\biomodels\biomodels_all_txt\Biomodels_txt_sample\BIOMD0000000260.txt
BIOMD0000000261,Biomodels_txt_sample,17,29,data\biomodels\biomodels_all_txt\Biomodels_txt_sample\BIOMD0000000261.txt
BIOMD0000000328,Biomodels_txt_sample,18,29,data\biomodels\biomodels_all_txt\Biomodels_txt_sample\BIOMD0000000328.txt
BIOMD0000000342,Biomodels_txt_sample,21,29,data\biomodels\biomodels_all_txt\Biomodels_txt_sample\BIOMD0000000342.txt
BIOMD0000000600,Biomodels_txt_sample,18,29,data\biomodels\biomodels_all_txt\Biomodels_txt_sample\BIOMD0000000600.txt
BIOMD0000000718,Biomodels_txt_sample,16,29,data\biomodels\biomodels_all_txt\Biomodels_txt_sample\BIOMD0000000718.txt
BIOMD0000000811,Biomodels_txt_sample,6,29,data\biomodels\biomodels_all_txt\Biomodels_txt_sample\BIOMD0000000811.txt
BIOMD0000000895,Biomodels_txt_sample,9,29,data\biomodels\biomodels_all_txt\Biomodels_txt_sample\BIOMD0000000895.txt
BIOMD0000000953,Biomodels_txt_sample,22,29,data\biomodels\biomodels_all_txt\Biomodels_txt_sample\BIOMD0000000953.txt
BIOMD0000000697,BioMD_cell_cycle,14,30,data\biomodels\BioMD_cell_cycle\BIOMD0000000697.txt
BIOMD0000000350,BioMD_circadian,14,30,data\biomodels\BioMD_circadian\BIOMD0000000350.txt
BIOMD0000001055,BioMD_metabolic,19,30,data\biomodels\BioMD_metabolic\BIOMD0000001055.txt
BIOMD0000000688,BioMD_other,16,30,data\biomodels\BioMD_other\BIOMD0000000688.txt
BIOMD0000000819,BioMD_other,10,30,data\biomodels\BioMD_other\BIOMD0000000819.txt
BIOMD0000000011,BioMD_signaling,22,30,data\biomodels\BioMD_signaling\BIOMD0000000011.txt
BIOMD0000000165,BioMD_signaling,37,30,data\biomodels\BioMD_signaling\BIOMD0000000165.txt
BIOMD0000000011,BIOMD0000000011,22,30,data\biomodels\biomodels_all\BIOMD0000000011\BIOMD0000000011.txt
BIOMD0000000011,biomodels_all_txt,22,30,data\biomodels\biomodels_all_txt\BIOMD0000000011.txt
BIOMD0000000165,biomodels_all_txt,37,30,data\biomodels\biomodels_all_txt\BIOMD0000000165.txt
BIOMD0000000350,biomodels_all_txt,14,30,data\biomodels\biomodels_all_txt\BIOMD0000000350.txt
BIOMD0000000688,biomodels_all_txt,16,30,data\biomodels\biomodels_all_txt\BIOMD0000000688.txt
BIOMD0000000697,biomodels_all_txt,14,30,data\biomodels\biomodels_all_txt\BIOMD0000000697.txt
BIOMD0000000819,biomodels_all_txt,10,30,data\biomodels\biomodels_all_txt\BIOMD0000000819.txt
BIOMD0000001055,biomodels_all_txt,19,30,data\biomodels\biomodels_all_txt\BIOMD0000001055.txt
BIOMD0000000011,Biomodels_txt_sample,22,30,data\biomodels\biomodels_all_txt\Biomodels_txt_sample\BIOMD0000000011.txt
BIOMD0000000165,Biomodels_txt_sample,37,30,data\biomodels\biomodels_all_txt\Biomodels_txt_sample\BIOMD0000000165.txt
BIOMD0000000350,Biomodels_txt_sample,14,30,data\biomodels\biomodels_all_txt\Biomodels_txt_sample\BIOMD0000000350.txt
BIOMD0000000688,Biomodels_txt_sample,16,30,data\biomodels\biomodels_all_txt\Biomodels_txt_sample\BIOMD0000000688.txt
BIOMD0000000697,Biomodels_txt_sample,14,30,data\biomodels\biomodels_all_txt\Biomodels_txt_sample\BIOMD0000000697.txt
BIOMD0000000819,Biomodels_txt_sample,10,30,data\biomodels\biomodels_all_txt\Biomodels_txt_sample\BIOMD0000000819.txt
BIOMD0000001055,Biomodels_txt_sample,19,30,data\biomodels\biomodels_all_txt\Biomodels_txt_sample\BIOMD0000001055.txt
BIOMD0000000409,BioMD_cell_cycle,24,31,data\biomodels\BioMD_cell_cycle\BIOMD0000000409.txt
BIOMD0000000725,BioMD_metabolic,51,31,data\biomodels\BioMD_metabolic\BIOMD0000000725.txt
BIOMD0000000237,BioMD_other,26,31,data\biomodels\BioMD_other\BIOMD0000000237.txt
BIOMD0000000237_manyOrgs,BioMD_other,26,31,data\biomodels\BioMD_other\BIOMD0000000237_manyOrgs.txt
BIOMD0000000335,BioMD_other,34,31,data\biomodels\BioMD_other\BIOMD0000000335.txt
BIOMD0000000867,BioMD_signaling,10,31,data\biomodels\BioMD_signaling\BIOMD0000000867.txt
BIOMD0000000237,biomodels_all_txt,26,31,data\biomodels\biomodels_all_txt\BIOMD0000000237.txt
BIOMD0000000237_manyOrgs,biomodels_all_txt,26,31,data\biomodels\biomodels_all_txt\BIOMD0000000237_manyOrgs.txt
BIOMD0000000335,biomodels_all_txt,34,31,data\biomodels\biomodels_all_txt\BIOMD0000000335.txt
BIOMD0000000409,biomodels_all_txt,24,31,data\biomodels\biomodels_all_txt\BIOMD0000000409.txt
BIOMD0000000725,biomodels_all_txt,51,31,data\biomodels\biomodels_all_txt\BIOMD0000000725.txt
BIOMD0000000867,biomodels_all_txt,10,31,data\biomodels\biomodels_all_txt\BIOMD0000000867.txt
BIOMD0000000237,Biomodels_txt_sample,26,31,data\biomodels\biomodels_all_txt\Biomodels_txt_sample\BIOMD0000000237.txt
BIOMD0000000335,Biomodels_txt_sample,34,31,data\biomodels\biomodels_all_txt\Biomodels_txt_sample\BIOMD0000000335.txt
BIOMD0000000409,Biomodels_txt_sample,24,31,data\biomodels\biomodels_all_txt\Biomodels_txt_sample\BIOMD0000000409.txt
BIOMD0000000725,Biomodels_txt_sample,51,31,data\biomodels\biomodels_all_txt\Biomodels_txt_sample\BIOMD0000000725.txt
BIOMD0000000867,Biomodels_txt_sample,10,31,data\biomodels\biomodels_all_txt\Biomodels_txt_sample\BIOMD0000000867.txt
BIOMD0000000237_manyOrgs,biomodels_interesting,26,31,data\biomodels\biomodels_interesting\BIOMD0000000237_manyOrgs.txt
BIOMD0000000022,BioMD_circadian,13,32,data\biomodels\BioMD_circadian\BIOMD0000000022.txt
BIOMD0000000055,BioMD_circadian,13,32,data\biomodels\BioMD_circadian\BIOMD0000000055.txt
BIOMD0000000106,BioMD_other,24,32,data\biomodels\BioMD_other\BIOMD0000000106.txt
BIOMD0000000447,BioMD_other,13,32,data\biomodels\BioMD_other\BIOMD0000000447.txt
BIOMD0000000969,BioMD_other,28,32,data\biomodels\BioMD_other\BIOMD0000000969.txt
BIOMD0000000786,BioMD_signaling,16,32,data\biomodels\BioMD_signaling\BIOMD0000000786.txt
BIOMD0000000794,BioMD_signaling,17,32,data\biomodels\BioMD_signaling\BIOMD0000000794.txt
BIOMD0000000106,BIOMD0000000106,28,32,data\biomodels\biomodels_all\BIOMD0000000106\BIOMD0000000106.txt
BIOMD0000000022,biomodels_all_txt,13,32,data\biomodels\biomodels_all_txt\BIOMD0000000022.txt
BIOMD0000000055,biomodels_all_txt,13,32,data\biomodels\biomodels_all_txt\BIOMD0000000055.txt
BIOMD0000000106,biomodels_all_txt,24,32,data\biomodels\biomodels_all_txt\BIOMD0000000106.txt
BIOMD0000000447,biomodels_all_txt,13,32,data\biomodels\biomodels_all_txt\BIOMD0000000447.txt
BIOMD0000000786,biomodels_all_txt,16,32,data\biomodels\biomodels_all_txt\BIOMD0000000786.txt
BIOMD0000000794,biomodels_all_txt,17,32,data\biomodels\biomodels_all_txt\BIOMD0000000794.txt
BIOMD0000000969,biomodels_all_txt,28,32,data\biomodels\biomodels_all_txt\BIOMD0000000969.txt
BIOMD0000000022,Biomodels_txt_sample,13,32,data\biomodels\biomodels_all_txt\Biomodels_txt_sample\BIOMD0000000022.txt
BIOMD0000000055,Biomodels_txt_sample,13,32,data\biomodels\biomodels_all_txt\Biomodels_txt_sample\BIOMD0000000055.txt
BIOMD0000000106,Biomodels_txt_sample,24,32,data\biomodels\biomodels_all_txt\Biomodels_txt_sample\BIOMD0000000106.txt
BIOMD0000000447,Biomodels_txt_sample,13,32,data\biomodels\biomodels_all_txt\Biomodels_txt_sample\BIOMD0000000447.txt
BIOMD0000000786,Biomodels_txt_sample,16,32,data\biomodels\biomodels_all_txt\Biomodels_txt_sample\BIOMD0000000786.txt
BIOMD0000000794,Biomodels_txt_sample,17,32,data\biomodels\biomodels_all_txt\Biomodels_txt_sample\BIOMD0000000794.txt
BIOMD0000000969,Biomodels_txt_sample,28,32,data\biomodels\biomodels_all_txt\Biomodels_txt_sample\BIOMD0000000969.txt
BIOMD0000000631,BioMD_circadian,12,33,data\biomodels\BioMD_circadian\BIOMD0000000631.txt
BIOMD0000000362,BioMD_other,34,33,data\biomodels\BioMD_other\BIOMD0000000362.txt
BIOMD0000000365,BioMD_other,30,33,data\biomodels\BioMD_other\BIOMD0000000365.txt
BIOMD0000000704,BioMD_other,16,33,data\biomodels\BioMD_other\BIOMD0000000704.txt
BIOMD0000000951,BioMD_other,34,33,data\biomodels\BioMD_other\BIOMD0000000951.txt
BIOMD0000001027,BioMD_other,20,33,data\biomodels\BioMD_other\BIOMD0000001027.txt
BIOMD0000001039,BioMD_other,20,33,data\biomodels\BioMD_other\BIOMD0000001039.txt
BIOMD0000000201,BioMD_signaling,25,33,data\biomodels\BioMD_signaling\BIOMD0000000201.txt
BIOMD0000000201,biomodels_all_txt,25,33,data\biomodels\biomodels_all_txt\BIOMD0000000201.txt
BIOMD0000000362,biomodels_all_txt,34,33,data\biomodels\biomodels_all_txt\BIOMD0000000362.txt
BIOMD0000000365,biomodels_all_txt,30,33,data\biomodels\biomodels_all_txt\BIOMD0000000365.txt
BIOMD0000000631,biomodels_all_txt,12,33,data\biomodels\biomodels_all_txt\BIOMD0000000631.txt
BIOMD0000000704,biomodels_all_txt,16,33,data\biomodels\biomodels_all_txt\BIOMD0000000704.txt
BIOMD0000000951,biomodels_all_txt,34,33,data\biomodels\biomodels_all_txt\BIOMD0000000951.txt
BIOMD0000001027,biomodels_all_txt,20,33,data\biomodels\biomodels_all_txt\BIOMD0000001027.txt
BIOMD0000001039,biomodels_all_txt,20,33,data\biomodels\biomodels_all_txt\BIOMD0000001039.txt
BIOMD0000000201,Biomodels_txt_sample,25,33,data\biomodels\biomodels_all_txt\Biomodels_txt_sample\BIOMD0000000201.txt
BIOMD0000000362,Biomodels_txt_sample,34,33,data\biomodels\biomodels_all_txt\Biomodels_txt_sample\BIOMD0000000362.txt
BIOMD0000000365,Biomodels_txt_sample,30,33,data\biomodels\biomodels_all_txt\Biomodels_txt_sample\BIOMD0000000365.txt
BIOMD0000000631,Biomodels_txt_sample,12,33,data\biomodels\biomodels_all_txt\Biomodels_txt_sample\BIOMD0000000631.txt
BIOMD0000000704,Biomodels_txt_sample,16,33,data\biomodels\biomodels_all_txt\Biomodels_txt_sample\BIOMD0000000704.txt
BIOMD0000000951,Biomodels_txt_sample,34,33,data\biomodels\biomodels_all_txt\Biomodels_txt_sample\BIOMD0000000951.txt
BIOMD0000001027,Biomodels_txt_sample,20,33,data\biomodels\biomodels_all_txt\Biomodels_txt_sample\BIOMD0000001027.txt
BIOMD0000001039,Biomodels_txt_sample,20,33,data\biomodels\biomodels_all_txt\Biomodels_txt_sample\BIOMD0000001039.txt
BIOMD0000000146,BioMD_signaling,36,34,data\biomodels\BioMD_signaling\BIOMD0000000146.txt
BIOMD0000000200,BioMD_signaling,21,34,data\biomodels\BioMD_signaling\BIOMD0000000200.txt
BIOMD0000000146,biomodels_all_txt,36,34,data\biomodels\biomodels_all_txt\BIOMD0000000146.txt
BIOMD0000000200,biomodels_all_txt,21,34,data\biomodels\biomodels_all_txt\BIOMD0000000200.txt
BIOMD0000000146,Biomodels_txt_sample,36,34,data\biomodels\biomodels_all_txt\Biomodels_txt_sample\BIOMD0000000146.txt
BIOMD0000000200,Biomodels_txt_sample,21,34,data\biomodels\biomodels_all_txt\Biomodels_txt_sample\BIOMD0000000200.txt
BIOMD0000000633,BioMD_metabolic,30,35,data\biomodels\BioMD_metabolic\BIOMD0000000633.txt
BIOMD0000000404,BioMD_other,28,35,data\biomodels\BioMD_other\BIOMD0000000404.txt
BIOMD0000000660,BioMD_other,17,35,data\biomodels\BioMD_other\BIOMD0000000660.txt
BIOMD0000000695,BioMD_other,11,35,data\biomodels\BioMD_other\BIOMD0000000695.txt
BIOMD0000001028,BioMD_other,21,35,data\biomodels\BioMD_other\BIOMD0000001028.txt
BIOMD0000001029,BioMD_other,21,35,data\biomodels\BioMD_other\BIOMD0000001029.txt
BIOMD0000000404,biomodels_all_txt,28,35,data\biomodels\biomodels_all_txt\BIOMD0000000404.txt
BIOMD0000000633,biomodels_all_txt,30,35,data\biomodels\biomodels_all_txt\BIOMD0000000633.txt
BIOMD0000000660,biomodels_all_txt,17,35,data\biomodels\biomodels_all_txt\BIOMD0000000660.txt
BIOMD0000000695,biomodels_all_txt,11,35,data\biomodels\biomodels_all_txt\BIOMD0000000695.txt
BIOMD0000001028,biomodels_all_txt,21,35,data\biomodels\biomodels_all_txt\BIOMD0000001028.txt
BIOMD0000001029,biomodels_all_txt,21,35,data\biomodels\biomodels_all_txt\BIOMD0000001029.txt
BIOMD0000000404,Biomodels_txt_sample,28,35,data\biomodels\biomodels_all_txt\Biomodels_txt_sample\BIOMD0000000404.txt
BIOMD0000000633,Biomodels_txt_sample,30,35,data\biomodels\biomodels_all_txt\Biomodels_txt_sample\BIOMD0000000633.txt
BIOMD0000000660,Biomodels_txt_sample,17,35,data\biomodels\biomodels_all_txt\Biomodels_txt_sample\BIOMD0000000660.txt
BIOMD0000000695,Biomodels_txt_sample,11,35,data\biomodels\biomodels_all_txt\Biomodels_txt_sample\BIOMD0000000695.txt
BIOMD0000001028,Biomodels_txt_sample,21,35,data\biomodels\biomodels_all_txt\Biomodels_txt_sample\BIOMD0000001028.txt
BIOMD0000001029,Biomodels_txt_sample,21,35,data\biomodels\biomodels_all_txt\Biomodels_txt_sample\BIOMD0000001029.txt
BIOMD0000000954,BioMD_cell_cycle,24,36,data\biomodels\BioMD_cell_cycle\BIOMD0000000954.txt
BIOMD0000000089,BioMD_circadian,16,36,data\biomodels\BioMD_circadian\BIOMD0000000089.txt
BIOMD0000000393,BioMD_metabolic,53,36,data\biomodels\BioMD_metabolic\BIOMD0000000393.txt
BIOMD0000000347,BioMD_other,26,36,data\biomodels\BioMD_other\BIOMD0000000347.txt
BIOMD0000000861,BioMD_signaling,26,36,data\biomodels\BioMD_signaling\BIOMD0000000861.txt
BIOMD0000000089,biomodels_all_txt,16,36,data\biomodels\biomodels_all_txt\BIOMD0000000089.txt
BIOMD0000000347,biomodels_all_txt,26,36,data\biomodels\biomodels_all_txt\BIOMD0000000347.txt
BIOMD0000000393,biomodels_all_txt,53,36,data\biomodels\biomodels_all_txt\BIOMD0000000393.txt
BIOMD0000000861,biomodels_all_txt,26,36,data\biomodels\biomodels_all_txt\BIOMD0000000861.txt
BIOMD0000000954,biomodels_all_txt,24,36,data\biomodels\biomodels_all_txt\BIOMD0000000954.txt
BIOMD0000000089,Biomodels_txt_sample,16,36,data\biomodels\biomodels_all_txt\Biomodels_txt_sample\BIOMD0000000089.txt
BIOMD0000000347,Biomodels_txt_sample,26,36,data\biomodels\biomodels_all_txt\Biomodels_txt_sample\BIOMD0000000347.txt
BIOMD0000000393,Biomodels_txt_sample,53,36,data\biomodels\biomodels_all_txt\Biomodels_txt_sample\BIOMD0000000393.txt
BIOMD0000000861,Biomodels_txt_sample,26,36,data\biomodels\biomodels_all_txt\Biomodels_txt_sample\BIOMD0000000861.txt
BIOMD0000000954,Biomodels_txt_sample,24,36,data\biomodels\biomodels_all_txt\Biomodels_txt_sample\BIOMD0000000954.txt
BIOMD0000000015,BioMD_metabolic,18,37,data\biomodels\BioMD_metabolic\BIOMD0000000015.txt
BIOMD0000000287,BioMD_other,22,37,data\biomodels\BioMD_other\BIOMD0000000287.txt
BIOMD0000000015,biomodels_all_txt,18,37,data\biomodels\biomodels_all_txt\BIOMD0000000015.txt
BIOMD0000000287,biomodels_all_txt,22,37,data\biomodels\biomodels_all_txt\BIOMD0000000287.txt
BIOMD0000000015,Biomodels_txt_sample,18,37,data\biomodels\biomodels_all_txt\Biomodels_txt_sample\BIOMD0000000015.txt
BIOMD0000000287,Biomodels_txt_sample,22,37,data\biomodels\biomodels_all_txt\Biomodels_txt_sample\BIOMD0000000287.txt
BIOMD0000000273,BioMD_circadian,19,38,data\biomodels\BioMD_circadian\BIOMD0000000273.txt
BIOMD0000000070,BioMD_metabolic,45,38,data\biomodels\BioMD_metabolic\BIOMD0000000070.txt
BIOMD0000000625,BioMD_other,19,38,data\biomodels\BioMD_other\BIOMD0000000625.txt
BIOMD0000000873,BioMD_other,42,38,data\biomodels\BioMD_other\BIOMD0000000873.txt
BIOMD0000000070,biomodels_all_txt,45,38,data\biomodels\biomodels_all_txt\BIOMD0000000070.txt
BIOMD0000000273,biomodels_all_txt,19,38,data\biomodels\biomodels_all_txt\BIOMD0000000273.txt
BIOMD0000000625,biomodels_all_txt,19,38,data\biomodels\biomodels_all_txt\BIOMD0000000625.txt
BIOMD0000000873,biomodels_all_txt,42,38,data\biomodels\biomodels_all_txt\BIOMD0000000873.txt
BIOMD0000000070,Biomodels_txt_sample,45,38,data\biomodels\biomodels_all_txt\Biomodels_txt_sample\BIOMD0000000070.txt
BIOMD0000000273,Biomodels_txt_sample,19,38,data\biomodels\biomodels_all_txt\Biomodels_txt_sample\BIOMD0000000273.txt
BIOMD0000000625,Biomodels_txt_sample,19,38,data\biomodels\biomodels_all_txt\Biomodels_txt_sample\BIOMD0000000625.txt
BIOMD0000000873,Biomodels_txt_sample,42,38,data\biomodels\biomodels_all_txt\Biomodels_txt_sample\BIOMD0000000873.txt
BIOMD0000001044,BioMD_cell_cycle,16,39,data\biomodels\BioMD_cell_cycle\BIOMD0000001044.txt
BIOMD0000001044,biomodels_all_txt,16,39,data\biomodels\biomodels_all_txt\BIOMD0000001044.txt
BIOMD0000001044,Biomodels_txt_sample,16,39,data\biomodels\biomodels_all_txt\Biomodels_txt_sample\BIOMD0000001044.txt
BIOMD0000000961,BioMD_metabolic,48,40,data\biomodels\BioMD_metabolic\BIOMD0000000961.txt
BIOMD0000000961,biomodels_all_txt,48,40,data\biomodels\biomodels_all_txt\BIOMD0000000961.txt
BIOMD0000000961,Biomodels_txt_sample,48,40,data\biomodels\biomodels_all_txt\Biomodels_txt_sample\BIOMD0000000961.txt
BIOMD0000000160,BioMD_circadian,25,41,data\biomodels\BioMD_circadian\BIOMD0000000160.txt
BIOMD0000000246,BioMD_circadian,20,41,data\biomodels\BioMD_circadian\BIOMD0000000246.txt
BIOMD0000000160,biomodels_all_txt,25,41,data\biomodels\biomodels_all_txt\BIOMD0000000160.txt
BIOMD0000000246,biomodels_all_txt,20,41,data\biomodels\biomodels_all_txt\BIOMD0000000246.txt
BIOMD0000000160,Biomodels_txt_sample,25,41,data\biomodels\biomodels_all_txt\Biomodels_txt_sample\BIOMD0000000160.txt
BIOMD0000000246,Biomodels_txt_sample,20,41,data\biomodels\biomodels_all_txt\Biomodels_txt_sample\BIOMD0000000246.txt
BIOMD0000000103,BioMD_apoptosis,17,42,data\biomodels\BioMD_apoptosis\BIOMD0000000103.txt
BIOMD0000000602,BioMD_metabolic,56,42,data\biomodels\BioMD_metabolic\BIOMD0000000602.txt
BIOMD0000000270,BioMD_signaling,33,42,data\biomodels\BioMD_signaling\BIOMD0000000270.txt
BIOMD0000000103,biomodels_all_txt,17,42,data\biomodels\biomodels_all_txt\BIOMD0000000103.txt
BIOMD0000000270,biomodels_all_txt,33,42,data\biomodels\biomodels_all_txt\BIOMD0000000270.txt
BIOMD0000000602,biomodels_all_txt,56,42,data\biomodels\biomodels_all_txt\BIOMD0000000602.txt
BIOMD0000000103,Biomodels_txt_sample,17,42,data\biomodels\biomodels_all_txt\Biomodels_txt_sample\BIOMD0000000103.txt
BIOMD0000000270,Biomodels_txt_sample,33,42,data\biomodels\biomodels_all_txt\Biomodels_txt_sample\BIOMD0000000270.txt
BIOMD0000000602,Biomodels_txt_sample,56,42,data\biomodels\biomodels_all_txt\Biomodels_txt_sample\BIOMD0000000602.txt
BIOMD0000000498,BioMD_metabolic,21,44,data\biomodels\BioMD_metabolic\BIOMD0000000498.txt
BIOMD0000000498,biomodels_all_txt,21,44,data\biomodels\biomodels_all_txt\BIOMD0000000498.txt
BIOMD0000000498,Biomodels_txt_sample,21,44,data\biomodels\biomodels_all_txt\Biomodels_txt_sample\BIOMD0000000498.txt
BIOMD0000000094,BioMD_signaling,34,45,data\biomodels\BioMD_signaling\BIOMD0000000094.txt
BIOMD0000000139,BioMD_signaling,24,45,data\biomodels\BioMD_signaling\BIOMD0000000139.txt
BIOMD0000000140,BioMD_signaling,24,45,data\biomodels\BioMD_signaling\BIOMD0000000140.txt
BIOMD0000000162,BioMD_signaling,32,45,data\biomodels\BioMD_signaling\BIOMD0000000162.txt
BIOMD0000000094,biomodels_all_txt,34,45,data\biomodels\biomodels_all_txt\BIOMD0000000094.txt
BIOMD0000000139,biomodels_all_txt,24,45,data\biomodels\biomodels_all_txt\BIOMD0000000139.txt
BIOMD0000000140,biomodels_all_txt,24,45,data\biomodels\biomodels_all_txt\BIOMD0000000140.txt
BIOMD0000000162,biomodels_all_txt,32,45,data\biomodels\biomodels_all_txt\BIOMD0000000162.txt
BIOMD0000000094,Biomodels_txt_sample,34,45,data\biomodels\biomodels_all_txt\Biomodels_txt_sample\BIOMD0000000094.txt
BIOMD0000000139,Biomodels_txt_sample,24,45,data\biomodels\biomodels_all_txt\Biomodels_txt_sample\BIOMD0000000139.txt
BIOMD0000000140,Biomodels_txt_sample,24,45,data\biomodels\biomodels_all_txt\Biomodels_txt_sample\BIOMD0000000140.txt
BIOMD0000000162,Biomodels_txt_sample,32,45,data\biomodels\biomodels_all_txt\Biomodels_txt_sample\BIOMD0000000162.txt
BIOMD0000000095,BioMD_circadian,19,46,data\biomodels\BioMD_circadian\BIOMD0000000095.txt
BIOMD0000000096,BioMD_circadian,19,46,data\biomodels\BioMD_circadian\BIOMD0000000096.txt
BIOMD0000000097,BioMD_circadian,19,46,data\biomodels\BioMD_circadian\BIOMD0000000097.txt
BIOMD0000000093,BioMD_signaling,34,46,data\biomodels\BioMD_signaling\BIOMD0000000093.txt
BIOMD0000000093,biomodels_all_txt,34,46,data\biomodels\biomodels_all_txt\BIOMD0000000093.txt
BIOMD0000000095,biomodels_all_txt,19,46,data\biomodels\biomodels_all_txt\BIOMD0000000095.txt
BIOMD0000000096,biomodels_all_txt,19,46,data\biomodels\biomodels_all_txt\BIOMD0000000096.txt
BIOMD0000000097,biomodels_all_txt,19,46,data\biomodels\biomodels_all_txt\BIOMD0000000097.txt
BIOMD0000000093,Biomodels_txt_sample,34,46,data\biomodels\biomodels_all_txt\Biomodels_txt_sample\BIOMD0000000093.txt
BIOMD0000000095,Biomodels_txt_sample,19,46,data\biomodels\biomodels_all_txt\Biomodels_txt_sample\BIOMD0000000095.txt
BIOMD0000000096,Biomodels_txt_sample,19,46,data\biomodels\biomodels_all_txt\Biomodels_txt_sample\BIOMD0000000096.txt
BIOMD0000000097,Biomodels_txt_sample,19,46,data\biomodels\biomodels_all_txt\Biomodels_txt_sample\BIOMD0000000097.txt
BIOMD0000000018,BioMD_metabolic,32,47,data\biomodels\BioMD_metabolic\BIOMD0000000018.txt
BIOMD0000000734,BioMD_other,23,47,data\biomodels\BioMD_other\BIOMD0000000734.txt
BIOMD0000000735,BioMD_other,23,47,data\biomodels\BioMD_other\BIOMD0000000735.txt
BIOMD0000000032,BioMD_signaling,37,47,data\biomodels\BioMD_signaling\BIOMD0000000032.txt
BIOMD0000000018,BIOMD0000000018,33,47,data\biomodels\biomodels_all\BIOMD0000000018\BIOMD0000000018.txt
BIOMD0000000018,biomodels_all_txt,32,47,data\biomodels\biomodels_all_txt\BIOMD0000000018.txt
BIOMD0000000032,biomodels_all_txt,37,47,data\biomodels\biomodels_all_txt\BIOMD0000000032.txt
BIOMD0000000734,biomodels_all_txt,23,47,data\biomodels\biomodels_all_txt\BIOMD0000000734.txt
BIOMD0000000735,biomodels_all_txt,23,47,data\biomodels\biomodels_all_txt\BIOMD0000000735.txt
BIOMD0000000018,Biomodels_txt_sample,32,47,data\biomodels\biomodels_all_txt\Biomodels_txt_sample\BIOMD0000000018.txt
BIOMD0000000032,Biomodels_txt_sample,37,47,data\biomodels\biomodels_all_txt\Biomodels_txt_sample\BIOMD0000000032.txt
BIOMD0000000734,Biomodels_txt_sample,23,47,data\biomodels\biomodels_all_txt\Biomodels_txt_sample\BIOMD0000000734.txt
BIOMD0000000735,Biomodels_txt_sample,23,47,data\biomodels\biomodels_all_txt\Biomodels_txt_sample\BIOMD0000000735.txt
BIOMD0000000699,BioMD_cell_cycle,24,48,data\biomodels\BioMD_cell_cycle\BIOMD0000000699.txt
BIOMD0000000701,BioMD_cell_cycle,24,48,data\biomodels\BioMD_cell_cycle\BIOMD0000000701.txt
BIOMD0000000702,BioMD_cell_cycle,24,48,data\biomodels\BioMD_cell_cycle\BIOMD0000000702.txt
BIOMD0000000073,BioMD_circadian,16,48,data\biomodels\BioMD_circadian\BIOMD0000000073.txt
BIOMD0000000078,BioMD_circadian,16,48,data\biomodels\BioMD_circadian\BIOMD0000000078.txt
BIOMD0000000975,BioMD_circadian,16,48,data\biomodels\BioMD_circadian\BIOMD0000000975.txt
BIOMD0000000051,BioMD_metabolic,18,48,data\biomodels\BioMD_metabolic\BIOMD0000000051.txt
BIOMD0000000638,BioMD_other,21,48,data\biomodels\BioMD_other\BIOMD0000000638.txt
BIOMD0000000051,biomodels_all_txt,18,48,data\biomodels\biomodels_all_txt\BIOMD0000000051.txt
BIOMD0000000073,biomodels_all_txt,16,48,data\biomodels\biomodels_all_txt\BIOMD0000000073.txt
BIOMD0000000078,biomodels_all_txt,16,48,data\biomodels\biomodels_all_txt\BIOMD0000000078.txt
BIOMD0000000638,biomodels_all_txt,21,48,data\biomodels\biomodels_all_txt\BIOMD0000000638.txt
BIOMD0000000699,biomodels_all_txt,24,48,data\biomodels\biomodels_all_txt\BIOMD0000000699.txt
BIOMD0000000701,biomodels_all_txt,24,48,data\biomodels\biomodels_all_txt\BIOMD0000000701.txt
BIOMD0000000702,biomodels_all_txt,24,48,data\biomodels\biomodels_all_txt\BIOMD0000000702.txt
BIOMD0000000975,biomodels_all_txt,16,48,data\biomodels\biomodels_all_txt\BIOMD0000000975.txt
BIOMD0000000051,Biomodels_txt_sample,18,48,data\biomodels\biomodels_all_txt\Biomodels_txt_sample\BIOMD0000000051.txt
BIOMD0000000073,Biomodels_txt_sample,16,48,data\biomodels\biomodels_all_txt\Biomodels_txt_sample\BIOMD0000000073.txt
BIOMD0000000078,Biomodels_txt_sample,16,48,data\biomodels\biomodels_all_txt\Biomodels_txt_sample\BIOMD0000000078.txt
BIOMD0000000638,Biomodels_txt_sample,21,48,data\biomodels\biomodels_all_txt\Biomodels_txt_sample\BIOMD0000000638.txt
BIOMD0000000699,Biomodels_txt_sample,24,48,data\biomodels\biomodels_all_txt\Biomodels_txt_sample\BIOMD0000000699.txt
BIOMD0000000701,Biomodels_txt_sample,24,48,data\biomodels\biomodels_all_txt\Biomodels_txt_sample\BIOMD0000000701.txt
BIOMD0000000702,Biomodels_txt_sample,24,48,data\biomodels\biomodels_all_txt\Biomodels_txt_sample\BIOMD0000000702.txt
BIOMD0000000975,Biomodels_txt_sample,16,48,data\biomodels\biomodels_all_txt\Biomodels_txt_sample\BIOMD0000000975.txt
BIOMD0000000700,BioMD_cell_cycle,23,49,data\biomodels\BioMD_cell_cycle\BIOMD0000000700.txt
BIOMD0000000700,biomodels_all_txt,23,49,data\biomodels\biomodels_all_txt\BIOMD0000000700.txt
BIOMD0000000700,Biomodels_txt_sample,23,49,data\biomodels\biomodels_all_txt\Biomodels_txt_sample\BIOMD0000000700.txt
BIOMD0000000406,BioMD_cell_cycle,49,51,data\biomodels\BioMD_cell_cycle\BIOMD0000000406.txt
BIOMD0000000147,BioMD_other,24,51,data\biomodels\BioMD_other\BIOMD0000000147.txt
BIOMD0000000297,BioMD_other,19,51,data\biomodels\BioMD_other\BIOMD0000000297.txt
BIOMD0000000147,biomodels_all_txt,24,51,data\biomodels\biomodels_all_txt\BIOMD0000000147.txt
BIOMD0000000297,biomodels_all_txt,19,51,data\biomodels\biomodels_all_txt\BIOMD0000000297.txt
BIOMD0000000406,biomodels_all_txt,49,51,data\biomodels\biomodels_all_txt\BIOMD0000000406.txt
BIOMD0000000147,Biomodels_txt_sample,24,51,data\biomodels\biomodels_all_txt\Biomodels_txt_sample\BIOMD0000000147.txt
BIOMD0000000297,Biomodels_txt_sample,19,51,data\biomodels\biomodels_all_txt\Biomodels_txt_sample\BIOMD0000000297.txt
BIOMD0000000406,Biomodels_txt_sample,49,51,data\biomodels\biomodels_all_txt\Biomodels_txt_sample\BIOMD0000000406.txt
BIOMD0000000265,BioMD_cell_cycle,23,52,data\biomodels\BioMD_cell_cycle\BIOMD0000000265.txt
BIOMD0000000265,biomodels_all_txt,23,52,data\biomodels\biomodels_all_txt\BIOMD0000000265.txt
BIOMD0000000265,Biomodels_txt_sample,23,52,data\biomodels\biomodels_all_txt\Biomodels_txt_sample\BIOMD0000000265.txt
BIOMD0000000810,BioMD_other,13,53,data\biomodels\BioMD_other\BIOMD0000000810.txt
BIOMD0000000810,biomodels_all_txt,13,53,data\biomodels\biomodels_all_txt\BIOMD0000000810.txt
BIOMD0000000810,Biomodels_txt_sample,13,53,data\biomodels\biomodels_all_txt\Biomodels_txt_sample\BIOMD0000000810.txt
BIOMD0000000144,BioMD_cell_cycle,18,54,data\biomodels\BioMD_cell_cycle\BIOMD0000000144.txt
BIOMD0000000604,BioMD_other,29,54,data\biomodels\BioMD_other\BIOMD0000000604.txt
BIOMD0000000606,BioMD_other,29,54,data\biomodels\BioMD_other\BIOMD0000000606.txt
BIOMD0000000144,biomodels_all_txt,18,54,data\biomodels\biomodels_all_txt\BIOMD0000000144.txt
BIOMD0000000604,biomodels_all_txt,29,54,data\biomodels\biomodels_all_txt\BIOMD0000000604.txt
BIOMD0000000606,biomodels_all_txt,29,54,data\biomodels\biomodels_all_txt\BIOMD0000000606.txt
BIOMD0000000144,Biomodels_txt_sample,18,54,data\biomodels\biomodels_all_txt\Biomodels_txt_sample\BIOMD0000000144.txt
BIOMD0000000604,Biomodels_txt_sample,29,54,data\biomodels\biomodels_all_txt\Biomodels_txt_sample\BIOMD0000000604.txt
BIOMD0000000606,Biomodels_txt_sample,29,54,data\biomodels\biomodels_all_txt\Biomodels_txt_sample\BIOMD0000000606.txt
BIOMD0000000256,BioMD_apoptosis,27,56,data\biomodels\BioMD_apoptosis\BIOMD0000000256.txt
BIOMD0000000256,biomodels_all_txt,27,56,data\biomodels\biomodels_all_txt\BIOMD0000000256.txt
BIOMD0000000256,Biomodels_txt_sample,27,56,data\biomodels\biomodels_all_txt\Biomodels_txt_sample\BIOMD0000000256.txt
BIOMD0000000074,BioMD_circadian,19,57,data\biomodels\BioMD_circadian\BIOMD0000000074.txt
BIOMD0000000083,BioMD_circadian,19,57,data\biomodels\BioMD_circadian\BIOMD0000000083.txt
BIOMD0000000074,biomodels_all_txt,19,57,data\biomodels\biomodels_all_txt\BIOMD0000000074.txt
BIOMD0000000083,biomodels_all_txt,19,57,data\biomodels\biomodels_all_txt\BIOMD0000000083.txt
BIOMD0000000074,Biomodels_txt_sample,19,57,data\biomodels\biomodels_all_txt\Biomodels_txt_sample\BIOMD0000000074.txt
BIOMD0000000083,Biomodels_txt_sample,19,57,data\biomodels\biomodels_all_txt\Biomodels_txt_sample\BIOMD0000000083.txt
BIOMD0000000603,BioMD_other,29,58,data\biomodels\BioMD_other\BIOMD0000000603.txt
BIOMD0000000605,BioMD_other,29,58,data\biomodels\BioMD_other\BIOMD0000000605.txt
BIOMD0000000607,BioMD_other,29,58,data\biomodels\BioMD_other\BIOMD0000000607.txt
BIOMD0000000610,BioMD_other,29,58,data\biomodels\BioMD_other\BIOMD0000000610.txt
BIOMD0000000613,BioMD_signaling,30,58,data\biomodels\BioMD_signaling\BIOMD0000000613.txt
BIOMD0000000603,biomodels_all_txt,29,58,data\biomodels\biomodels_all_txt\BIOMD0000000603.txt
BIOMD0000000605,biomodels_all_txt,29,58,data\biomodels\biomodels_all_txt\BIOMD0000000605.txt
BIOMD0000000607,biomodels_all_txt,29,58,data\biomodels\biomodels_all_txt\BIOMD0000000607.txt
BIOMD0000000610,biomodels_all_txt,29,58,data\biomodels\biomodels_all_txt\BIOMD0000000610.txt
BIOMD0000000613,biomodels_all_txt,30,58,data\biomodels\biomodels_all_txt\BIOMD0000000613.txt
BIOMD0000000603,Biomodels_txt_sample,29,58,data\biomodels\biomodels_all_txt\Biomodels_txt_sample\BIOMD0000000603.txt
BIOMD0000000605,Biomodels_txt_sample,29,58,data\biomodels\biomodels_all_txt\Biomodels_txt_sample\BIOMD0000000605.txt
BIOMD0000000607,Biomodels_txt_sample,29,58,data\biomodels\biomodels_all_txt\Biomodels_txt_sample\BIOMD0000000607.txt
BIOMD0000000610,Biomodels_txt_sample,29,58,data\biomodels\biomodels_all_txt\Biomodels_txt_sample\BIOMD0000000610.txt
BIOMD0000000613,Biomodels_txt_sample,30,58,data\biomodels\biomodels_all_txt\Biomodels_txt_sample\BIOMD0000000613.txt
BIOMD0000000940,BioMD_signaling,20,60,data\biomodels\BioMD_signaling\BIOMD0000000940.txt
BIOMD0000000940,biomodels_all_txt,20,60,data\biomodels\biomodels_all_txt\BIOMD0000000940.txt
BIOMD0000000940,Biomodels_txt_sample,20,60,data\biomodels\biomodels_all_txt\Biomodels_txt_sample\BIOMD0000000940.txt
BIOMD0000000268,BioMD_metabolic,43,61,data\biomodels\BioMD_metabolic\BIOMD0000000268.txt
BIOMD0000000268,biomodels_all_txt,43,61,data\biomodels\biomodels_all_txt\BIOMD0000000268.txt
BIOMD0000000268,Biomodels_txt_sample,43,61,data\biomodels\biomodels_all_txt\Biomodels_txt_sample\BIOMD0000000268.txt
BIOMD0000000446,BioMD_other,27,62,data\biomodels\BioMD_other\BIOMD0000000446.txt
BIOMD0000000569,BioMD_signaling,21,62,data\biomodels\BioMD_signaling\BIOMD0000000569.txt
BIOMD0000000446,biomodels_all_txt,27,62,data\biomodels\biomodels_all_txt\BIOMD0000000446.txt
BIOMD0000000569,biomodels_all_txt,21,62,data\biomodels\biomodels_all_txt\BIOMD0000000569.txt
BIOMD0000000446,Biomodels_txt_sample,27,62,data\biomodels\biomodels_all_txt\Biomodels_txt_sample\BIOMD0000000446.txt
BIOMD0000000569,Biomodels_txt_sample,21,62,data\biomodels\biomodels_all_txt\Biomodels_txt_sample\BIOMD0000000569.txt
BIOMD0000000627,BioMD_metabolic,65,64,data\biomodels\BioMD_metabolic\BIOMD0000000627.txt
BIOMD0000000356,BioMD_other,32,64,data\biomodels\BioMD_other\BIOMD0000000356.txt
BIOMD0000000230,BioMD_signaling,26,64,data\biomodels\BioMD_signaling\BIOMD0000000230.txt
BIOMD0000000230,biomodels_all_txt,26,64,data\biomodels\biomodels_all_txt\BIOMD0000000230.txt
BIOMD0000000356,biomodels_all_txt,32,64,data\biomodels\biomodels_all_txt\BIOMD0000000356.txt
BIOMD0000000627,biomodels_all_txt,65,64,data\biomodels\biomodels_all_txt\BIOMD0000000627.txt
BIOMD0000000230,Biomodels_txt_sample,26,64,data\biomodels\biomodels_all_txt\Biomodels_txt_sample\BIOMD0000000230.txt
BIOMD0000000356,Biomodels_txt_sample,32,64,data\biomodels\biomodels_all_txt\Biomodels_txt_sample\BIOMD0000000356.txt
BIOMD0000000627,Biomodels_txt_sample,65,64,data\biomodels\biomodels_all_txt\Biomodels_txt_sample\BIOMD0000000627.txt
BIOMD0000000989,BioMD_signaling,23,65,data\biomodels\BioMD_signaling\BIOMD0000000989.txt
BIOMD0000000990,BioMD_signaling,23,65,data\biomodels\BioMD_signaling\BIOMD0000000990.txt
BIOMD0000000997,BioMD_signaling,23,65,data\biomodels\BioMD_signaling\BIOMD0000000997.txt
BIOMD0000000989,biomodels_all_txt,23,65,data\biomodels\biomodels_all_txt\BIOMD0000000989.txt
BIOMD0000000990,biomodels_all_txt,23,65,data\biomodels\biomodels_all_txt\BIOMD0000000990.txt
BIOMD0000000997,biomodels_all_txt,23,65,data\biomodels\biomodels_all_txt\BIOMD0000000997.txt
BIOMD0000000989,Biomodels_txt_sample,23,65,data\biomodels\biomodels_all_txt\Biomodels_txt_sample\BIOMD0000000989.txt
BIOMD0000000990,Biomodels_txt_sample,23,65,data\biomodels\biomodels_all_txt\Biomodels_txt_sample\BIOMD0000000990.txt
BIOMD0000000997,Biomodels_txt_sample,23,65,data\biomodels\biomodels_all_txt\Biomodels_txt_sample\BIOMD0000000997.txt
BIOMD0000000994,BioMD_signaling,23,66,data\biomodels\BioMD_signaling\BIOMD0000000994.txt
BIOMD0000000995,BioMD_signaling,23,66,data\biomodels\BioMD_signaling\BIOMD0000000995.txt
BIOMD0000000996,BioMD_signaling,23,66,data\biomodels\BioMD_signaling\BIOMD0000000996.txt
BIOMD0000000998,BioMD_signaling,23,66,data\biomodels\BioMD_signaling\BIOMD0000000998.txt
BIOMD0000000999,BioMD_signaling,23,66,data\biomodels\BioMD_signaling\BIOMD0000000999.txt
BIOMD0000001000,BioMD_signaling,23,66,data\biomodels\BioMD_signaling\BIOMD0000001000.txt
BIOMD0000001001,BioMD_signaling,23,66,data\biomodels\BioMD_signaling\BIOMD0000001001.txt
BIOMD0000001002,BioMD_signaling,23,66,data\biomodels\BioMD_signaling\BIOMD0000001002.txt
BIOMD0000001003,BioMD_signaling,23,66,data\biomodels\BioMD_signaling\BIOMD0000001003.txt
BIOMD0000000994,biomodels_all_txt,23,66,data\biomodels\biomodels_all_txt\BIOMD0000000994.txt
BIOMD0000000995,biomodels_all_txt,23,66,data\biomodels\biomodels_all_txt\BIOMD0000000995.txt
BIOMD0000000996,biomodels_all_txt,23,66,data\biomodels\biomodels_all_txt\BIOMD0000000996.txt
BIOMD0000000998,biomodels_all_txt,23,66,data\biomodels\biomodels_all_txt\BIOMD0000000998.txt
BIOMD0000000999,biomodels_all_txt,23,66,data\biomodels\biomodels_all_txt\BIOMD0000000999.txt
BIOMD0000001000,biomodels_all_txt,23,66,data\biomodels\biomodels_all_txt\BIOMD0000001000.txt
BIOMD0000001001,biomodels_all_txt,23,66,data\biomodels\biomodels_all_txt\BIOMD0000001001.txt
BIOMD0000001002,biomodels_all_txt,23,66,data\biomodels\biomodels_all_txt\BIOMD0000001002.txt
BIOMD0000001003,biomodels_all_txt,23,66,data\biomodels\biomodels_all_txt\BIOMD0000001003.txt
BIOMD0000000994,Biomodels_txt_sample,23,66,data\biomodels\biomodels_all_txt\Biomodels_txt_sample\BIOMD0000000994.txt
BIOMD0000000995,Biomodels_txt_sample,23,66,data\biomodels\biomodels_all_txt\Biomodels_txt_sample\BIOMD0000000995.txt
BIOMD0000000996,Biomodels_txt_sample,23,66,data\biomodels\biomodels_all_txt\Biomodels_txt_sample\BIOMD0000000996.txt
BIOMD0000000998,Biomodels_txt_sample,23,66,data\biomodels\biomodels_all_txt\Biomodels_txt_sample\BIOMD0000000998.txt
BIOMD0000000999,Biomodels_txt_sample,23,66,data\biomodels\biomodels_all_txt\Biomodels_txt_sample\BIOMD0000000999.txt
BIOMD0000001000,Biomodels_txt_sample,23,66,data\biomodels\biomodels_all_txt\Biomodels_txt_sample\BIOMD0000001000.txt
BIOMD0000001001,Biomodels_txt_sample,23,66,data\biomodels\biomodels_all_txt\Biomodels_txt_sample\BIOMD0000001001.txt
BIOMD0000001002,Biomodels_txt_sample,23,66,data\biomodels\biomodels_all_txt\Biomodels_txt_sample\BIOMD0000001002.txt
BIOMD0000001003,Biomodels_txt_sample,23,66,data\biomodels\biomodels_all_txt\Biomodels_txt_sample\BIOMD0000001003.txt
BIOMD0000000285,BioMD_other,27,72,data\biomodels\BioMD_other\BIOMD0000000285.txt
BIOMD0000000285,biomodels_all_txt,27,72,data\biomodels\biomodels_all_txt\BIOMD0000000285.txt
BIOMD0000000285,Biomodels_txt_sample,27,72,data\biomodels\biomodels_all_txt\Biomodels_txt_sample\BIOMD0000000285.txt
BIOMD0000000723,BioMD_cell_cycle,25,73,data\biomodels\BioMD_cell_cycle\BIOMD0000000723.txt
BIOMD0000000723,biomodels_all_txt,25,73,data\biomodels\biomodels_all_txt\BIOMD0000000723.txt
BIOMD0000000723,Biomodels_txt_sample,25,73,data\biomodels\biomodels_all_txt\Biomodels_txt_sample\BIOMD0000000723.txt
BIOMD0000000959,BioMD_signaling,41,75,data\biomodels\BioMD_signaling\BIOMD0000000959.txt
BIOMD0000000959,biomodels_all_txt,41,75,data\biomodels\biomodels_all_txt\BIOMD0000000959.txt
BIOMD0000000959,Biomodels_txt_sample,41,75,data\biomodels\biomodels_all_txt\Biomodels_txt_sample\BIOMD0000000959.txt
BIOMD0000000943,BioMD_cell_cycle,43,83,data\biomodels\BioMD_cell_cycle\BIOMD0000000943.txt
BIOMD0000000943,biomodels_all_txt,43,83,data\biomodels\biomodels_all_txt\BIOMD0000000943.txt
BIOMD0000000943,Biomodels_txt_sample,43,83,data\biomodels\biomodels_all_txt\Biomodels_txt_sample\BIOMD0000000943.txt
BIOMD0000000407,BioMD_apoptosis,47,88,data\biomodels\BioMD_apoptosis\BIOMD0000000407.txt
BIOMD0000000407,biomodels_all_txt,47,88,data\biomodels\biomodels_all_txt\BIOMD0000000407.txt
BIOMD0000000407,Biomodels_txt_sample,47,88,data\biomodels\biomodels_all_txt\Biomodels_txt_sample\BIOMD0000000407.txt
BIOMD0000000326,BioMD_other,71,91,data\biomodels\BioMD_other\BIOMD0000000326.txt
BIOMD0000000410,BioMD_signaling,53,91,data\biomodels\BioMD_signaling\BIOMD0000000410.txt
BIOMD0000000326,biomodels_all_txt,71,91,data\biomodels\biomodels_all_txt\BIOMD0000000326.txt
BIOMD0000000410,biomodels_all_txt,53,91,data\biomodels\biomodels_all_txt\BIOMD0000000410.txt
BIOMD0000000326,Biomodels_txt_sample,71,91,data\biomodels\biomodels_all_txt\Biomodels_txt_sample\BIOMD0000000326.txt
BIOMD0000000410,Biomodels_txt_sample,53,91,data\biomodels\biomodels_all_txt\Biomodels_txt_sample\BIOMD0000000410.txt
BIOMD0000000056,BioMD_cell_cycle,46,94,data\biomodels\BioMD_cell_cycle\BIOMD0000000056.txt
BIOMD0000000105,BioMD_gene_regulation,39,94,data\biomodels\BioMD_gene_regulation\BIOMD0000000105.txt
BIOMD0000000056,biomodels_all_txt,46,94,data\biomodels\biomodels_all_txt\BIOMD0000000056.txt
BIOMD0000000105,biomodels_all_txt,39,94,data\biomodels\biomodels_all_txt\BIOMD0000000105.txt
BIOMD0000000056,Biomodels_txt_sample,46,94,data\biomodels\biomodels_all_txt\Biomodels_txt_sample\BIOMD0000000056.txt
BIOMD0000000105,Biomodels_txt_sample,39,94,data\biomodels\biomodels_all_txt\Biomodels_txt_sample\BIOMD0000000105.txt
BIOMD0000000578,BioMD_other,76,96,data\biomodels\BioMD_other\BIOMD0000000578.txt
BIOMD0000000578,biomodels_all_txt,76,96,data\biomodels\biomodels_all_txt\BIOMD0000000578.txt
BIOMD0000000578,Biomodels_txt_sample,76,96,data\biomodels\biomodels_all_txt\Biomodels_txt_sample\BIOMD0000000578.txt
BIOMD0000000338,BioMD_other,52,115,data\biomodels\BioMD_other\BIOMD0000000338.txt
BIOMD0000000339,BioMD_other,52,115,data\biomodels\BioMD_other\BIOMD0000000339.txt
BIOMD0000000338,biomodels_all_txt,52,115,data\biomodels\biomodels_all_txt\BIOMD0000000338.txt
BIOMD0000000339,biomodels_all_txt,52,115,data\biomodels\biomodels_all_txt\BIOMD0000000339.txt
BIOMD0000000338,Biomodels_txt_sample,52,115,data\biomodels\biomodels_all_txt\Biomodels_txt_sample\BIOMD0000000338.txt
BIOMD0000000339,Biomodels_txt_sample,52,115,data\biomodels\biomodels_all_txt\Biomodels_txt_sample\BIOMD0000000339.txt
BIOMD0000000340,BioMD_other,52,116,data\biomodels\BioMD_other\BIOMD0000000340.txt
BIOMD0000000340,biomodels_all_txt,52,116,data\biomodels\biomodels_all_txt\BIOMD0000000340.txt
BIOMD0000000340,Biomodels_txt_sample,52,116,data\biomodels\biomodels_all_txt\Biomodels_txt_sample\BIOMD0000000340.txt
BIOMD0000000594,BioMD_signaling,29,120,data\biomodels\BioMD_signaling\BIOMD0000000594.txt
BIOMD0000000594,biomodels_all_txt,29,120,data\biomodels\biomodels_all_txt\BIOMD0000000594.txt
BIOMD0000000594,Biomodels_txt_sample,29,120,data\biomodels\biomodels_all_txt\Biomodels_txt_sample\BIOMD0000000594.txt
BIOMD0000000939,BioMD_cell_cycle,56,126,data\biomodels\BioMD_cell_cycle\BIOMD0000000939.txt
BIOMD0000000652_manyOrgs,BioMD_signaling,95,126,data\biomodels\BioMD_signaling\BIOMD0000000652_manyOrgs.txt
BIOMD0000000652_manyOrgs,biomodels_all_txt,95,126,data\biomodels\biomodels_all_txt\BIOMD0000000652_manyOrgs.txt
BIOMD0000000939,biomodels_all_txt,56,126,data\biomodels\biomodels_all_txt\BIOMD0000000939.txt
BIOMD0000000939,Biomodels_txt_sample,56,126,data\biomodels\biomodels_all_txt\Biomodels_txt_sample\BIOMD0000000939.txt
BIOMD0000000652_manyOrgs,biomodels_interesting,95,126,data\biomodels\biomodels_interesting\BIOMD0000000652_manyOrgs.txt
BIOMD0000000109,BioMD_cell_cycle,49,138,data\biomodels\BioMD_cell_cycle\BIOMD0000000109.txt
BIOMD0000000109,biomodels_all_txt,49,138,data\biomodels\biomodels_all_txt\BIOMD0000000109.txt
BIOMD0000000109,Biomodels_txt_sample,49,138,data\biomodels\biomodels_all_txt\Biomodels_txt_sample\BIOMD0000000109.txt
BIOMD0000000608,BioMD_immune,52,140,data\biomodels\BioMD_immune\BIOMD0000000608.txt
BIOMD0000000608,biomodels_all_txt,52,140,data\biomodels\biomodels_all_txt\BIOMD0000000608.txt
BIOMD0000000608,Biomodels_txt_sample,52,140,data\biomodels\biomodels_all_txt\Biomodels_txt_sample\BIOMD0000000608.txt
e_coli_core,BiGG,72,141,data\biomodels\BiGG\bigg_e_coli_core.txt
e_coli_core,biomodels_all_txt,72,141,data\biomodels\biomodels_all_txt\bigg_e_coli_core.txt
central_ecoli,biomodels_all_txt,92,168,data\biomodels\biomodels_all_txt\central_ecoli.txt
central_ecoli,biomodels_interesting,92,168,data\biomodels\biomodels_interesting\central_ecoli.txt
central_ecoli,Other,92,168,data\biomodels\Other\central_ecoli.txt
BIOMD0000000183,biomodels_interesting,67,352,data\biomodels\biomodels_interesting\BIOMD0000000183.txt
iAB_RBC_283,BiGG,342,645,data\biomodels\BiGG\bigg_iAB_RBC_283.txt
iAB_RBC_283,biomodels_all_txt,342,645,data\biomodels\biomodels_all_txt\bigg_iAB_RBC_283.txt
iAF692,BiGG,702,688,data\biomodels\BiGG\bigg_iAF692.txt
iAF692,biomodels_all,702,688,data\biomodels\biomodels_all\bigg_iAF692.txt
iAF692,biomodels_all_txt,702,688,data\biomodels\biomodels_all_txt\bigg_iAF692.txt
iAF692,biomodels_interesting,702,688,data\biomodels\biomodels_interesting\bigg_iAF692.txt
iIT341,BiGG,494,737,data\biomodels\BiGG\bigg_iIT341.txt
iIT341,biomodels_all_txt,494,737,data\biomodels\biomodels_all_txt\bigg_iIT341.txt
iIS312_Amastigote,BiGG,606,784,data\biomodels\BiGG\bigg_iIS312_Amastigote.txt
iIS312_Amastigote,biomodels_all_txt,606,784,data\biomodels\biomodels_all_txt\bigg_iIS312_Amastigote.txt
iIS312_Trypomastigote,BiGG,606,791,data\biomodels\BiGG\bigg_iIS312_Trypomastigote.txt
iIS312_Trypomastigote,biomodels_all_txt,606,791,data\biomodels\biomodels_all_txt\bigg_iIS312_Trypomastigote.txt
iIS312_Epimastigote,BiGG,606,804,data\biomodels\BiGG\bigg_iIS312_Epimastigote.txt
iIS312_Epimastigote,biomodels_all_txt,606,804,data\biomodels\biomodels_all_txt\bigg_iIS312_Epimastigote.txt
iIS312,BiGG,606,806,data\biomodels\BiGG\bigg_iIS312.txt
iIS312,biomodels_all_txt,606,806,data\biomodels\biomodels_all_txt\bigg_iIS312.txt
iLJ478,BiGG,575,852,data\biomodels\BiGG\bigg_iLJ478.txt
iLJ478,biomodels_all_txt,575,852,data\biomodels\biomodels_all_txt\bigg_iLJ478.txt
iSB619,BiGG,655,959,data\biomodels\BiGG\bigg_iSB619.txt
iSB619,biomodels_all_txt,655,959,data\biomodels\biomodels_all_txt\bigg_iSB619.txt
iHN637,BiGG,704,1000,data\biomodels\BiGG\bigg_iHN637.txt
iHN637,biomodels_all_txt,704,1000,data\biomodels\biomodels_all_txt\bigg_iHN637.txt
iNF517,BiGG,655,1003,data\biomodels\BiGG\bigg_iNF517.txt
iNF517,biomodels_all_txt,655,1003,data\biomodels\biomodels_all_txt\bigg_iNF517.txt
iJB785,BiGG,767,1070,data\biomodels\BiGG\bigg_iJB785.txt
iJB785,biomodels_all_txt,767,1070,data\biomodels\biomodels_all_txt\bigg_iJB785.txt
iJN678,BiGG,806,1087,data\biomodels\BiGG\bigg_iJN678.txt
iJN678,biomodels_all_txt,806,1087,data\biomodels\biomodels_all_txt\bigg_iJN678.txt
BMID000000141754_url_half,biomodels_interesting,929,1089,data\biomodels\biomodels_interesting\BMID000000141754_url_half.txt
iNJ661,BiGG,825,1296,data\biomodels\BiGG\bigg_iNJ661.txt
iNJ661,biomodels_all_txt,825,1296,data\biomodels\biomodels_all_txt\bigg_iNJ661.txt
iJR904,BiGG,767,1329,data\biomodels\BiGG\bigg_iJR904.txt
iJR904,biomodels_all_txt,767,1329,data\biomodels\biomodels_all_txt\bigg_iJR904.txt
iSynCJ816,BiGG,936,1332,data\biomodels\BiGG\bigg_iSynCJ816.txt
iSynCJ816,biomodels_all_txt,936,1332,data\biomodels\biomodels_all_txt\bigg_iSynCJ816.txt
iJN746,BiGG,912,1415,data\biomodels\BiGG\bigg_iJN746.txt
iJN746,biomodels_all_txt,912,1415,data\biomodels\biomodels_all_txt\bigg_iJN746.txt
iCN718,BiGG,884,1438,data\biomodels\BiGG\bigg_iCN718.txt
iCN718,biomodels_all_txt,884,1438,data\biomodels\biomodels_all_txt\bigg_iCN718.txt
iAT_PLT_636,BiGG,738,1455,data\biomodels\BiGG\bigg_iAT_PLT_636.txt
iAT_PLT_636,biomodels_all_txt,738,1455,data\biomodels\biomodels_all_txt\bigg_iAT_PLT_636.txt
iCN900,BiGG,884,1462,data\biomodels\BiGG\bigg_iCN900.txt
iCN900,biomodels_all_txt,884,1462,data\biomodels\biomodels_all_txt\bigg_iCN900.txt
iEK1008,BiGG,972,1502,data\biomodels\BiGG\bigg_iEK1008.txt
iEK1008,biomodels_all_txt,972,1502,data\biomodels\biomodels_all_txt\bigg_iEK1008.txt
iAM_Pb448,BiGG,907,1554,data\biomodels\BiGG\bigg_iAM_Pb448.txt
iAM_Pb448,biomodels_all_txt,907,1554,data\biomodels\biomodels_all_txt\bigg_iAM_Pb448.txt
iAM_Pc455,BiGG,911,1563,data\biomodels\BiGG\bigg_iAM_Pc455.txt
iAM_Pc455,biomodels_all_txt,911,1563,data\biomodels\biomodels_all_txt\bigg_iAM_Pc455.txt
iAM_Pv461,BiGG,913,1570,data\biomodels\BiGG\bigg_iAM_Pv461.txt
iAM_Pv461,biomodels_all_txt,913,1570,data\biomodels\biomodels_all_txt\bigg_iAM_Pv461.txt
iAM_Pk459,BiGG,913,1571,data\biomodels\BiGG\bigg_iAM_Pk459.txt
iAM_Pk459,biomodels_all_txt,913,1571,data\biomodels\biomodels_all_txt\bigg_iAM_Pk459.txt
iAM_Pf480,BiGG,913,1576,data\biomodels\BiGG\bigg_iAM_Pf480.txt
iAM_Pf480,biomodels_all_txt,913,1576,data\biomodels\biomodels_all_txt\bigg_iAM_Pf480.txt
iYO844,BiGG,998,1589,data\biomodels\BiGG\bigg_iYO844.txt
iYO844,biomodels_all_txt,998,1589,data\biomodels\biomodels_all_txt\bigg_iYO844.txt
iAF987,BiGG,1117,1646,data\biomodels\BiGG\bigg_iAF987.txt
iAF987,biomodels_all_txt,1117,1646,data\biomodels\biomodels_all_txt\bigg_iAF987.txt
iND750,BiGG,1065,1702,data\biomodels\BiGG\bigg_iND750.txt
iND750,biomodels_all_txt,1065,1702,data\biomodels\biomodels_all_txt\bigg_iND750.txt
iYS854,BiGG,1210,1874,data\biomodels\BiGG\bigg_iYS854.txt
iYS854,biomodels_all_txt,1210,1874,data\biomodels\biomodels_all_txt\bigg_iYS854.txt
iMM904,BiGG,1232,2072,data\biomodels\BiGG\bigg_iMM904.txt
iMM904,biomodels_all_txt,1232,2072,data\biomodels\biomodels_all_txt\bigg_iMM904.txt
BMID000000141754_url,biomodels_interesting,1904,2103,data\biomodels\biomodels_interesting\BMID000000141754_url.txt
iPC815,BiGG,1557,2508,data\biomodels\BiGG\bigg_iPC815.txt
iPC815,biomodels_all_txt,1557,2508,data\biomodels\biomodels_all_txt\bigg_iPC815.txt
iYL1228,BiGG,1658,2808,data\biomodels\BiGG\bigg_iYL1228.txt
iYL1228,biomodels_all_txt,1658,2808,data\biomodels\biomodels_all_txt\bigg_iYL1228.txt
iRC1080,BiGG,1735,2853,data\biomodels\BiGG\bigg_iRC1080.txt
iRC1080,biomodels_all_txt,1735,2853,data\biomodels\biomodels_all_txt\bigg_iRC1080.txt
iAF1260,BiGG,1669,2957,data\biomodels\BiGG\bigg_iAF1260.txt
iAF1260,biomodels_all_txt,1669,2957,data\biomodels\biomodels_all_txt\bigg_iAF1260.txt
iAF1260b,BiGG,1669,2966,data\biomodels\BiGG\bigg_iAF1260b.txt
iAF1260b,biomodels_all_txt,1669,2966,data\biomodels\biomodels_all_txt\bigg_iAF1260b.txt
STM_v1_0,BiGG,1811,3150,data\biomodels\BiGG\bigg_STM_v1_0.txt
STM_v1_0,biomodels_all_txt,1811,3150,data\biomodels\biomodels_all_txt\bigg_STM_v1_0.txt
iSDY_1059,BiGG,1898,3182,data\biomodels\BiGG\bigg_iSDY_1059.txt
iSDY_1059,biomodels_all_txt,1898,3182,data\biomodels\biomodels_all_txt\bigg_iSDY_1059.txt
iJO1366,BiGG,1816,3219,data\biomodels\BiGG\bigg_iJO1366.txt
iJO1366,biomodels_all_txt,1816,3219,data\biomodels\biomodels_all_txt\bigg_iJO1366.txt
iSBO_1134,BiGG,1919,3240,data\biomodels\BiGG\bigg_iSBO_1134.txt
iSBO_1134,biomodels_all_txt,1919,3240,data\biomodels\biomodels_all_txt\bigg_iSBO_1134.txt
iSbBS512_1146,BiGG,1920,3242,data\biomodels\BiGG\bigg_iSbBS512_1146.txt
iSbBS512_1146,biomodels_all_txt,1920,3242,data\biomodels\biomodels_all_txt\bigg_iSbBS512_1146.txt
iS_1188,BiGG,1924,3274,data\biomodels\BiGG\bigg_iS_1188.txt
iS_1188,biomodels_all_txt,1924,3274,data\biomodels\biomodels_all_txt\bigg_iS_1188.txt
iSFV_1184,BiGG,1927,3279,data\biomodels\BiGG\bigg_iSFV_1184.txt
iSFV_1184,biomodels_all_txt,1927,3279,data\biomodels\biomodels_all_txt\bigg_iSFV_1184.txt
iSF_1195,BiGG,1927,3291,data\biomodels\BiGG\bigg_iSF_1195.txt
iSF_1195,biomodels_all_txt,1927,3291,data\biomodels\biomodels_all_txt\bigg_iSF_1195.txt
iSFxv_1172,BiGG,1928,3294,data\biomodels\BiGG\bigg_iSFxv_1172.txt
iSFxv_1172,biomodels_all_txt,1928,3294,data\biomodels\biomodels_all_txt\bigg_iSFxv_1172.txt
iSSON_1240,BiGG,1947,3355,data\biomodels\BiGG\bigg_iSSON_1240.txt
iSSON_1240,biomodels_all_txt,1947,3355,data\biomodels\biomodels_all_txt\bigg_iSSON_1240.txt
iECH74115_1262,BiGG,1929,3359,data\biomodels\BiGG\bigg_iECH74115_1262.txt
iECH74115_1262,biomodels_all_txt,1929,3359,data\biomodels\biomodels_all_txt\bigg_iECH74115_1262.txt
iG2583_1286,BiGG,1930,3371,data\biomodels\BiGG\bigg_iG2583_1286.txt
iG2583_1286,biomodels_all_txt,1930,3371,data\biomodels\biomodels_all_txt\bigg_iG2583_1286.txt
iE2348C_1286,BiGG,1930,3372,data\biomodels\BiGG\bigg_iE2348C_1286.txt
iE2348C_1286,biomodels_all_txt,1930,3372,data\biomodels\biomodels_all_txt\bigg_iE2348C_1286.txt
iECED1_1282,BiGG,1940,3373,data\biomodels\BiGG\bigg_iECED1_1282.txt
iECED1_1282,biomodels_all_txt,1940,3373,data\biomodels\biomodels_all_txt\bigg_iECED1_1282.txt
iEC1344_C,BiGG,1945,3374,data\biomodels\BiGG\bigg_iEC1344_C.txt
iEC1344_C,biomodels_all_txt,1945,3374,data\biomodels\biomodels_all_txt\bigg_iEC1344_C.txt
iML1515,BiGG,1888,3375,data\biomodels\BiGG\bigg_iML1515.txt
iML1515,biomodels_all_txt,1888,3375,data\biomodels\biomodels_all_txt\bigg_iML1515.txt
iECSP_1301,BiGG,1931,3377,data\biomodels\BiGG\bigg_iECSP_1301.txt
iECSP_1301,biomodels_all_txt,1931,3377,data\biomodels\biomodels_all_txt\bigg_iECSP_1301.txt
iEC042_1314,BiGG,1937,3381,data\biomodels\BiGG\bigg_iEC042_1314.txt
iEC042_1314,biomodels_all_txt,1937,3381,data\biomodels\biomodels_all_txt\bigg_iEC042_1314.txt
iECs_1301,BiGG,1934,3385,data\biomodels\BiGG\bigg_iECs_1301.txt
iECs_1301,biomodels_all_txt,1934,3385,data\biomodels\biomodels_all_txt\bigg_iECs_1301.txt
iEC1356_Bl21DE3,BiGG,1929,3386,data\biomodels\BiGG\bigg_iEC1356_Bl21DE3.txt
iZ_1308,BiGG,1934,3386,data\biomodels\BiGG\bigg_iZ_1308.txt
iEC1356_Bl21DE3,biomodels_all_txt,1929,3386,data\biomodels\biomodels_all_txt\bigg_iEC1356_Bl21DE3.txt
iZ_1308,biomodels_all_txt,1934,3386,data\biomodels\biomodels_all_txt\bigg_iZ_1308.txt
iECNA114_1301,BiGG,1938,3388,data\biomodels\BiGG\bigg_iECNA114_1301.txt
iECNA114_1301,biomodels_all_txt,1938,3388,data\biomodels\biomodels_all_txt\bigg_iECNA114_1301.txt
iECIAI39_1322,BiGG,1964,3393,data\biomodels\BiGG\bigg_iECIAI39_1322.txt
iECIAI39_1322,biomodels_all_txt,1964,3393,data\biomodels\biomodels_all_txt\bigg_iECIAI39_1322.txt
iUTI89_1310,BiGG,1951,3395,data\biomodels\BiGG\bigg_iUTI89_1310.txt
iUTI89_1310,biomodels_all_txt,1951,3395,data\biomodels\biomodels_all_txt\bigg_iUTI89_1310.txt
iECS88_1305,BiGG,1953,3397,data\biomodels\BiGG\bigg_iECS88_1305.txt
iECS88_1305,biomodels_all_txt,1953,3397,data\biomodels\biomodels_all_txt\bigg_iECS88_1305.txt
ic_1306,BiGG,1947,3398,data\biomodels\BiGG\bigg_ic_1306.txt
ic_1306,biomodels_all_txt,1947,3398,data\biomodels\biomodels_all_txt\bigg_ic_1306.txt
iECOK1_1307,BiGG,1952,3399,data\biomodels\BiGG\bigg_iECOK1_1307.txt
iECOK1_1307,biomodels_all_txt,1952,3399,data\biomodels\biomodels_all_txt\bigg_iECOK1_1307.txt
iLF82_1304,BiGG,1949,3400,data\biomodels\BiGG\bigg_iLF82_1304.txt
iLF82_1304,biomodels_all_txt,1949,3400,data\biomodels\biomodels_all_txt\bigg_iLF82_1304.txt
iEC1349_Crooks,BiGG,1957,3401,data\biomodels\BiGG\bigg_iEC1349_Crooks.txt
iEC1349_Crooks,biomodels_all_txt,1957,3401,data\biomodels\biomodels_all_txt\bigg_iEC1349_Crooks.txt
iECABU_c1320,BiGG,1953,3403,data\biomodels\BiGG\bigg_iECABU_c1320.txt
iECABU_c1320,biomodels_all_txt,1953,3403,data\biomodels\biomodels_all_txt\bigg_iECABU_c1320.txt
iAPECO1_1312,BiGG,1953,3405,data\biomodels\BiGG\bigg_iAPECO1_1312.txt
iUMN146_1321,BiGG,1953,3405,data\biomodels\BiGG\bigg_iUMN146_1321.txt
iAPECO1_1312,biomodels_all_txt,1953,3405,data\biomodels\biomodels_all_txt\bigg_iAPECO1_1312.txt
iUMN146_1321,biomodels_all_txt,1953,3405,data\biomodels\biomodels_all_txt\bigg_iUMN146_1321.txt
iEC1364_W,BiGG,1938,3409,data\biomodels\BiGG\bigg_iEC1364_W.txt
iNRG857_1313,BiGG,1954,3409,data\biomodels\BiGG\bigg_iNRG857_1313.txt
iEC1364_W,biomodels_all_txt,1938,3409,data\biomodels\biomodels_all_txt\bigg_iEC1364_W.txt
iNRG857_1313,biomodels_all_txt,1954,3409,data\biomodels\biomodels_all_txt\bigg_iNRG857_1313.txt
iECP_1309,BiGG,1952,3410,data\biomodels\BiGG\bigg_iECP_1309.txt
iECP_1309,biomodels_all_txt,1952,3410,data\biomodels\biomodels_all_txt\bigg_iECP_1309.txt
iB21_1397,BiGG,1954,3411,data\biomodels\BiGG\bigg_iB21_1397.txt
iEC1372_W3110,BiGG,1929,3411,data\biomodels\BiGG\bigg_iEC1372_W3110.txt
iECD_1391,BiGG,1954,3411,data\biomodels\BiGG\bigg_iECD_1391.txt
iB21_1397,biomodels_all_txt,1954,3411,data\biomodels\biomodels_all_txt\bigg_iB21_1397.txt
iEC1372_W3110,biomodels_all_txt,1929,3411,data\biomodels\biomodels_all_txt\bigg_iEC1372_W3110.txt
iECD_1391,biomodels_all_txt,1954,3411,data\biomodels\biomodels_all_txt\bigg_iECD_1391.txt
iECUMN_1333,BiGG,1946,3413,data\biomodels\BiGG\bigg_iECUMN_1333.txt
iECUMN_1333,biomodels_all_txt,1946,3413,data\biomodels\biomodels_all_txt\bigg_iECUMN_1333.txt
iECSF_1327,BiGG,1962,3414,data\biomodels\BiGG\bigg_iECSF_1327.txt
iECSF_1327,biomodels_all_txt,1962,3414,data\biomodels\biomodels_all_txt\bigg_iECSF_1327.txt
iECDH10B_1368,BiGG,1958,3415,data\biomodels\BiGG\bigg_iECDH10B_1368.txt
iECDH10B_1368,biomodels_all_txt,1958,3415,data\biomodels\biomodels_all_txt\bigg_iECDH10B_1368.txt
iBWG_1329,BiGG,1960,3416,data\biomodels\BiGG\bigg_iBWG_1329.txt
iEcSMS35_1347,BiGG,1958,3416,data\biomodels\BiGG\bigg_iEcSMS35_1347.txt
iBWG_1329,biomodels_all_txt,1960,3416,data\biomodels\biomodels_all_txt\bigg_iBWG_1329.txt
iEcSMS35_1347,biomodels_all_txt,1958,3416,data\biomodels\biomodels_all_txt\bigg_iEcSMS35_1347.txt
iECBD_1354,BiGG,1963,3418,data\biomodels\BiGG\bigg_iECBD_1354.txt
iECB_1328,BiGG,1962,3418,data\biomodels\BiGG\bigg_iECB_1328.txt
iECBD_1354,biomodels_all_txt,1963,3418,data\biomodels\biomodels_all_txt\bigg_iECBD_1354.txt
iECB_1328,biomodels_all_txt,1962,3418,data\biomodels\biomodels_all_txt\bigg_iECB_1328.txt
iEcDH1_1363,BiGG,1960,3422,data\biomodels\BiGG\bigg_iEcDH1_1363.txt
iEcDH1_1363,biomodels_all_txt,1960,3422,data\biomodels\biomodels_all_txt\bigg_iEcDH1_1363.txt
iEcHS_1320,BiGG,1974,3425,data\biomodels\BiGG\bigg_iEcHS_1320.txt
iEcHS_1320,biomodels_all_txt,1974,3425,data\biomodels\biomodels_all_txt\bigg_iEcHS_1320.txt
iECDH1ME8569_1439,BiGG,1961,3431,data\biomodels\BiGG\bigg_iECDH1ME8569_1439.txt
iECDH1ME8569_1439,biomodels_all_txt,1961,3431,data\biomodels\biomodels_all_txt\bigg_iECDH1ME8569_1439.txt
iETEC_1333,BiGG,1973,3432,data\biomodels\BiGG\bigg_iETEC_1333.txt
iETEC_1333,biomodels_all_txt,1973,3432,data\biomodels\biomodels_all_txt\bigg_iETEC_1333.txt
iEC55989_1330,BiGG,1964,3433,data\biomodels\BiGG\bigg_iEC55989_1330.txt
iECIAI1_1343,BiGG,1979,3433,data\biomodels\BiGG\bigg_iECIAI1_1343.txt
iEC55989_1330,biomodels_all_txt,1964,3433,data\biomodels\biomodels_all_txt\bigg_iEC55989_1330.txt
iECIAI1_1343,biomodels_all_txt,1979,3433,data\biomodels\biomodels_all_txt\bigg_iECIAI1_1343.txt
iECO111_1330,BiGG,1970,3434,data\biomodels\BiGG\bigg_iECO111_1330.txt
iECO111_1330,biomodels_all_txt,1970,3434,data\biomodels\biomodels_all_txt\bigg_iECO111_1330.txt
iECO103_1326,BiGG,1969,3435,data\biomodels\BiGG\bigg_iECO103_1326.txt
iY75_1357,BiGG,1964,3435,data\biomodels\BiGG\bigg_iY75_1357.txt
iECO103_1326,biomodels_all_txt,1969,3435,data\biomodels\biomodels_all_txt\bigg_iECO103_1326.txt
iY75_1357,biomodels_all_txt,1964,3435,data\biomodels\biomodels_all_txt\bigg_iY75_1357.txt
iEcE24377_1341,BiGG,1983,3437,data\biomodels\BiGG\bigg_iEcE24377_1341.txt
iEcE24377_1341,biomodels_all_txt,1983,3437,data\biomodels\biomodels_all_txt\bigg_iEcE24377_1341.txt
iEC1368_DH5a,BiGG,1962,3438,data\biomodels\BiGG\bigg_iEC1368_DH5a.txt
iEC1368_DH5a,biomodels_all_txt,1962,3438,data\biomodels\biomodels_all_txt\bigg_iEC1368_DH5a.txt
iEcolC_1368,BiGG,1980,3440,data\biomodels\BiGG\bigg_iEcolC_1368.txt
iEcolC_1368,biomodels_all_txt,1980,3440,data\biomodels\biomodels_all_txt\bigg_iEcolC_1368.txt
iECSE_1348,BiGG,1968,3445,data\biomodels\BiGG\bigg_iECSE_1348.txt
iECSE_1348,biomodels_all_txt,1968,3445,data\biomodels\biomodels_all_txt\bigg_iECSE_1348.txt
iUMNK88_1353,BiGG,1980,3452,data\biomodels\BiGG\bigg_iUMNK88_1353.txt
iUMNK88_1353,biomodels_all_txt,1980,3452,data\biomodels\biomodels_all_txt\bigg_iUMNK88_1353.txt
iEKO11_1354,BiGG,1983,3454,data\biomodels\BiGG\bigg_iEKO11_1354.txt
iEKO11_1354,biomodels_all_txt,1983,3454,data\biomodels\biomodels_all_txt\bigg_iEKO11_1354.txt
iECO26_1355,BiGG,1976,3455,data\biomodels\BiGG\bigg_iECO26_1355.txt
iECO26_1355,biomodels_all_txt,1976,3455,data\biomodels\biomodels_all_txt\bigg_iECO26_1355.txt
iECW_1372,BiGG,1984,3456,data\biomodels\BiGG\bigg_iECW_1372.txt
iWFL_1372,BiGG,1984,3456,data\biomodels\BiGG\bigg_iWFL_1372.txt
iECW_1372,biomodels_all_txt,1984,3456,data\biomodels\biomodels_all_txt\bigg_iECW_1372.txt
iWFL_1372,biomodels_all_txt,1984,3456,data\biomodels\biomodels_all_txt\bigg_iWFL_1372.txt
iJN1463,BiGG,2150,3717,data\biomodels\BiGG\bigg_iJN1463.txt
iJN1463,biomodels_all_txt,2150,3717,data\biomodels\biomodels_all_txt\bigg_iJN1463.txt
iYS1720,BiGG,2445,4006,data\biomodels\BiGG\bigg_iYS1720.txt
iYS1720,biomodels_all_txt,2445,4006,data\biomodels\biomodels_all_txt\bigg_iYS1720.txt
iLB1027_lipid,BiGG,2172,4879,data\biomodels\BiGG\bigg_iLB1027_lipid.txt
iLB1027_lipid,biomodels_all_txt,2172,4879,data\biomodels\biomodels_all_txt\bigg_iLB1027_lipid.txt
iMM1415,BiGG,2775,4911,data\biomodels\BiGG\bigg_iMM1415.txt
iMM1415,biomodels_all_txt,2775,4911,data\biomodels\biomodels_all_txt\bigg_iMM1415.txt
RECON1,BiGG,2766,5290,data\biomodels\BiGG\bigg_RECON1.txt
RECON1,biomodels_all_txt,2766,5290,data\biomodels\biomodels_all_txt\bigg_RECON1.txt
iCHOv1_DG44,BiGG,2750,5427,data\biomodels\BiGG\bigg_iCHOv1_DG44.txt
iCHOv1_DG44,biomodels_all_txt,2750,5427,data\biomodels\biomodels_all_txt\bigg_iCHOv1_DG44.txt
iCHOv1,BiGG,4456,9289,data\biomodels\BiGG\bigg_iCHOv1.txt
iCHOv1,biomodels_all_txt,4456,9289,data\biomodels\biomodels_all_txt\bigg_iCHOv1.txt
Recon3D,BiGG,5835,15834,data\biomodels\BiGG\bigg_Recon3D.txt
Recon3D,biomodels_all_txt,5835,15834,data\biomodels\biomodels_all_txt\bigg_Recon3D.txt
procesamiento_log-checkpoint,.ipynb_checkpoints,-1,-1,data\biomodels\biomodels_all_txt\.ipynb_checkpoints\procesamiento_log-checkpoint.txt
procesamiento_log-checkpoint,.ipynb_checkpoints,-1,-1,data\biomodels\biomodels_all_txt\Biomodels_txt_sample\.ipynb_checkpoints\procesamiento_log-checkpoint.txt
