file,n_species,n_reactions,n_ercs,n_pairs_max,n_triples_max,n_basic_pairs,n_maximal_pairs,n_fundamental_pairs,n_basic_targets,n_maximal_targets,n_fundamental_targets,ratio_basic,ratio_maximal,ratio_fundamental,target_ratio_basic,target_ratio_maximal,target_ratio_fundamental,syn3_computed,n_basic_3syn_triples,n_maximal_3syn_triples,n_fundamental_3syn_triples,n_basic_3syn_targets,n_maximal_3syn_targets,n_fundamental_3syn_targets,ratio_3syn_basic,ratio_3syn_fundamental,time_ercs,time_synergies
BIOMD0000000001.txt,12,17,11,55,165,0,0,0,0,0,0,0.0,0.0,0.0,0.0,0.0,0.0,True,0,0,0,0,0,0,0.0,0.0,0.01,0.0
BIOMD0000000002.txt,13,17,17,136,680,30,30,6,7,6,6,0.22058823529411764,0.22058823529411764,0.04411764705882353,0.4117647058823529,0.35294117647058826,0.35294117647058826,True,0,0,0,0,0,0,0.0,0.0,0.01,0.01
BIOMD0000000003.txt,3,7,1,0,0,0,0,0,0,0,0,0.0,0.0,0.0,0.0,0.0,0.0,True,0,0,0,0,0,0,-1.0,-1.0,0.0,0.0
BIOMD0000000004.txt,5,7,3,3,1,0,0,0,0,0,0,0.0,0.0,0.0,0.0,0.0,0.0,True,0,0,0,0,0,0,0.0,0.0,0.0,0.0
BIOMD0000000005.txt,8,9,6,15,20,2,2,1,1,1,1,0.13333333333333333,0.13333333333333333,0.06666666666666667,0.16666666666666666,0.16666666666666666,0.16666666666666666,True,0,0,0,0,0,0,0.0,0.0,0.0,0.0
BIOMD0000000006.txt,3,3,1,0,0,0,0,0,0,0,0,0.0,0.0,0.0,0.0,0.0,0.0,True,0,0,0,0,0,0,-1.0,-1.0,0.0,0.0
BIOMD0000000007.txt,19,25,12,66,220,5,5,2,2,2,2,0.07575757575757576,0.07575757575757576,0.030303030303030304,0.16666666666666666,0.16666666666666666,0.16666666666666666,True,0,0,0,0,0,0,0.0,0.0,0.01,0.0
BIOMD0000000008.txt,5,13,1,0,0,0,0,0,0,0,0,0.0,0.0,0.0,0.0,0.0,0.0,True,0,0,0,0,0,0,-1.0,-1.0,0.0,0.0
BIOMD0000000009.txt,22,20,20,190,1140,81,81,9,10,6,6,0.4263157894736842,0.4263157894736842,0.04736842105263158,0.5,0.3,0.3,True,0,0,0,0,0,0,0.0,0.0,0.01,0.02
BIOMD0000000010.txt,8,10,8,28,56,13,13,3,3,3,3,0.4642857142857143,0.4642857142857143,0.10714285714285714,0.375,0.375,0.375,True,0,0,0,0,0,0,0.0,0.0,0.0,0.0
BIOMD0000000011.txt,22,30,10,45,120,18,18,7,6,4,4,0.4,0.4,0.15555555555555556,0.6,0.4,0.4,True,0,0,0,0,0,0,0.0,0.0,0.01,0.0
BIOMD0000000012.txt,6,12,1,0,0,0,0,0,0,0,0,0.0,0.0,0.0,0.0,0.0,0.0,True,0,0,0,0,0,0,-1.0,-1.0,0.0,0.0
BIOMD0000000013.txt,27,21,16,120,560,20,20,8,4,3,3,0.16666666666666666,0.16666666666666666,0.06666666666666667,0.25,0.1875,0.1875,True,16,16,10,1,1,1,0.02857142857142857,0.017857142857142856,0.01,0.01
BIOMD0000000015.txt,18,37,26,325,2600,86,86,28,14,12,12,0.26461538461538464,0.26461538461538464,0.08615384615384615,0.5384615384615384,0.46153846153846156,0.46153846153846156,True,131,131,16,7,7,7,0.05038461538461538,0.006153846153846154,0.02,0.21
BIOMD0000000016.txt,6,10,1,0,0,0,0,0,0,0,0,0.0,0.0,0.0,0.0,0.0,0.0,True,0,0,0,0,0,0,-1.0,-1.0,0.01,0.0
BIOMD0000000017.txt,19,14,13,78,286,18,18,11,5,5,5,0.23076923076923078,0.23076923076923078,0.14102564102564102,0.38461538461538464,0.38461538461538464,0.38461538461538464,True,3,3,3,1,1,1,0.01048951048951049,0.01048951048951049,0.01,0.01
BIOMD0000000018.txt,32,47,18,153,816,14,14,8,4,4,4,0.0915032679738562,0.0915032679738562,0.05228758169934641,0.2222222222222222,0.2222222222222222,0.2222222222222222,True,13,13,5,2,2,2,0.015931372549019607,0.006127450980392157,0.1,0.1
BIOMD0000000020.txt,0,0,0,0,0,0,0,0,0,0,0,0.0,0.0,0.0,0.0,0.0,0.0,True,0,0,0,0,0,0,-1.0,-1.0,0.0,0.0
BIOMD0000000021.txt,10,24,5,10,10,4,4,1,1,1,1,0.4,0.4,0.1,0.2,0.2,0.2,True,0,0,0,0,0,0,0.0,0.0,0.01,0.0
BIOMD0000000022.txt,13,32,12,66,220,10,10,2,2,2,2,0.15151515151515152,0.15151515151515152,0.030303030303030304,0.16666666666666666,0.16666666666666666,0.16666666666666666,True,0,0,0,0,0,0,0.0,0.0,0.01,0.0
BIOMD0000000023.txt,13,11,8,28,56,5,5,3,2,2,2,0.17857142857142858,0.17857142857142858,0.10714285714285714,0.25,0.25,0.25,True,0,0,0,0,0,0,0.0,0.0,0.05,0.0
BIOMD0000000024.txt,3,4,1,0,0,0,0,0,0,0,0,0.0,0.0,0.0,0.0,0.0,0.0,True,0,0,0,0,0,0,-1.0,-1.0,0.0,0.0
BIOMD0000000025.txt,4,4,3,3,1,0,0,0,0,0,0,0.0,0.0,0.0,0.0,0.0,0.0,True,0,0,0,0,0,0,0.0,0.0,0.0,0.0
BIOMD0000000026.txt,11,10,10,45,120,23,23,1,4,2,2,0.5111111111111111,0.5111111111111111,0.022222222222222223,0.4,0.2,0.2,True,0,0,0,0,0,0,0.0,0.0,0.01,0.0
BIOMD0000000027.txt,5,4,2,1,0,0,0,0,0,0,0,0.0,0.0,0.0,0.0,0.0,0.0,True,0,0,0,0,0,0,-1.0,-1.0,0.0,0.0
BIOMD0000000028.txt,16,17,16,120,560,63,63,6,6,3,3,0.525,0.525,0.05,0.375,0.1875,0.1875,True,0,0,0,0,0,0,0.0,0.0,0.01,0.02
BIOMD0000000029.txt,6,7,2,1,0,0,0,0,0,0,0,0.0,0.0,0.0,0.0,0.0,0.0,True,0,0,0,0,0,0,-1.0,-1.0,0.0,0.0
BIOMD0000000030.txt,18,20,18,153,816,76,76,4,6,2,2,0.49673202614379086,0.49673202614379086,0.026143790849673203,0.3333333333333333,0.1111111111111111,0.1111111111111111,True,0,0,0,0,0,0,0.0,0.0,0.01,0.02
BIOMD0000000031.txt,6,4,3,3,1,0,0,0,0,0,0,0.0,0.0,0.0,0.0,0.0,0.0,True,0,0,0,0,0,0,0.0,0.0,0.0,0.0
BIOMD0000000032.txt,37,47,25,300,2300,89,89,21,14,13,13,0.2966666666666667,0.2966666666666667,0.07,0.56,0.52,0.52,True,0,0,0,0,0,0,0.0,0.0,0.04,0.12
BIOMD0000000034.txt,9,22,1,0,0,0,0,0,0,0,0,0.0,0.0,0.0,0.0,0.0,0.0,True,0,0,0,0,0,0,-1.0,-1.0,0.02,0.0
BIOMD0000000035.txt,10,16,9,36,84,13,13,2,2,2,2,0.3611111111111111,0.3611111111111111,0.05555555555555555,0.2222222222222222,0.2222222222222222,0.2222222222222222,True,0,0,0,0,0,0,0.0,0.0,0.01,0.0
BIOMD0000000036.txt,3,5,1,0,0,0,0,0,0,0,0,0.0,0.0,0.0,0.0,0.0,0.0,True,0,0,0,0,0,0,-1.0,-1.0,0.0,0.0
BIOMD0000000037.txt,12,12,7,21,35,3,3,2,2,2,2,0.14285714285714285,0.14285714285714285,0.09523809523809523,0.2857142857142857,0.2857142857142857,0.2857142857142857,True,0,0,0,0,0,0,0.0,0.0,0.0,0.0
BIOMD0000000038.txt,17,10,10,45,120,12,12,3,3,3,3,0.26666666666666666,0.26666666666666666,0.06666666666666667,0.3,0.3,0.3,True,0,0,0,0,0,0,0.0,0.0,0.0,0.0
BIOMD0000000039.txt,5,7,2,1,0,0,0,0,0,0,0,0.0,0.0,0.0,0.0,0.0,0.0,True,0,0,0,0,0,0,-1.0,-1.0,0.0,0.0
BIOMD0000000040.txt,5,5,2,1,0,0,0,0,0,0,0,0.0,0.0,0.0,0.0,0.0,0.0,True,0,0,0,0,0,0,-1.0,-1.0,0.0,0.0
BIOMD0000000041.txt,10,9,9,36,84,5,5,3,3,3,3,0.1388888888888889,0.1388888888888889,0.08333333333333333,0.3333333333333333,0.3333333333333333,0.3333333333333333,True,0,0,0,0,0,0,0.0,0.0,0.0,0.0
BIOMD0000000042.txt,15,25,9,36,84,0,0,0,0,0,0,0.0,0.0,0.0,0.0,0.0,0.0,True,0,0,0,0,0,0,0.0,0.0,0.02,0.0
BIOMD0000000043.txt,5,7,3,3,1,1,1,1,1,1,1,0.3333333333333333,0.3333333333333333,0.3333333333333333,0.3333333333333333,0.3333333333333333,0.3333333333333333,True,0,0,0,0,0,0,0.0,0.0,0.0,0.0
BIOMD0000000044.txt,4,8,2,1,0,0,0,0,0,0,0,0.0,0.0,0.0,0.0,0.0,0.0,True,0,0,0,0,0,0,-1.0,-1.0,0.0,0.0
BIOMD0000000045.txt,4,8,1,0,0,0,0,0,0,0,0,0.0,0.0,0.0,0.0,0.0,0.0,True,0,0,0,0,0,0,-1.0,-1.0,0.0,0.0
BIOMD0000000046.txt,16,15,14,91,364,51,51,18,9,9,9,0.5604395604395604,0.5604395604395604,0.1978021978021978,0.6428571428571429,0.6428571428571429,0.6428571428571429,True,0,0,0,0,0,0,0.0,0.0,0.01,0.01
BIOMD0000000047.txt,2,3,1,0,0,0,0,0,0,0,0,0.0,0.0,0.0,0.0,0.0,0.0,True,0,0,0,0,0,0,-1.0,-1.0,0.0,0.0
BIOMD0000000048.txt,23,25,15,105,455,47,47,12,8,8,8,0.44761904761904764,0.44761904761904764,0.11428571428571428,0.5333333333333333,0.5333333333333333,0.5333333333333333,True,0,0,0,0,0,0,0.0,0.0,0.02,0.02
BIOMD0000000050.txt,14,16,9,36,84,0,0,0,0,0,0,0.0,0.0,0.0,0.0,0.0,0.0,True,0,0,0,0,0,0,0.0,0.0,0.0,0.0
BIOMD0000000051.txt,18,48,1,0,0,0,0,0,0,0,0,0.0,0.0,0.0,0.0,0.0,0.0,True,0,0,0,0,0,0,-1.0,-1.0,0.08,0.0
BIOMD0000000052.txt,11,11,5,10,10,1,1,1,1,1,1,0.1,0.1,0.1,0.2,0.2,0.2,True,0,0,0,0,0,0,0.0,0.0,0.0,0.0
BIOMD0000000053.txt,6,12,4,6,4,1,1,1,1,1,1,0.16666666666666666,0.16666666666666666,0.16666666666666666,0.25,0.25,0.25,True,0,0,0,0,0,0,0.0,0.0,0.0,0.0
BIOMD0000000054.txt,3,5,1,0,0,0,0,0,0,0,0,0.0,0.0,0.0,0.0,0.0,0.0,True,0,0,0,0,0,0,-1.0,-1.0,0.0,0.0
BIOMD0000000055.txt,13,32,4,6,4,0,0,0,0,0,0,0.0,0.0,0.0,0.0,0.0,0.0,True,0,0,0,0,0,0,0.0,0.0,0.03,0.0
BIOMD0000000056.txt,46,94,33,528,5456,75,75,11,10,10,10,0.14204545454545456,0.14204545454545456,0.020833333333333332,0.30303030303030304,0.30303030303030304,0.30303030303030304,True,0,0,0,0,0,0,0.0,0.0,0.11,0.18
BIOMD0000000057.txt,6,5,3,3,1,0,0,0,0,0,0,0.0,0.0,0.0,0.0,0.0,0.0,True,0,0,0,0,0,0,0.0,0.0,0.0,0.0
BIOMD0000000058.txt,4,11,1,0,0,0,0,0,0,0,0,0.0,0.0,0.0,0.0,0.0,0.0,True,0,0,0,0,0,0,-1.0,-1.0,0.0,0.0
BIOMD0000000059.txt,6,18,3,3,1,0,0,0,0,0,0,0.0,0.0,0.0,0.0,0.0,0.0,True,0,0,0,0,0,0,0.0,0.0,0.0,0.0
BIOMD0000000060.txt,4,3,1,0,0,0,0,0,0,0,0,0.0,0.0,0.0,0.0,0.0,0.0,True,0,0,0,0,0,0,-1.0,-1.0,0.0,0.0
BIOMD0000000061.txt,25,24,24,276,2024,45,45,9,9,8,8,0.16304347826086957,0.16304347826086957,0.03260869565217391,0.375,0.3333333333333333,0.3333333333333333,True,0,0,0,0,0,0,0.0,0.0,0.01,0.05
BIOMD0000000062.txt,3,5,3,3,1,0,0,0,0,0,0,0.0,0.0,0.0,0.0,0.0,0.0,True,0,0,0,0,0,0,0.0,0.0,0.0,0.0
BIOMD0000000063.txt,9,8,5,10,10,3,3,1,2,1,1,0.3,0.3,0.1,0.4,0.2,0.2,True,0,0,0,0,0,0,0.0,0.0,0.0,0.0
BIOMD0000000064.txt,25,17,15,105,455,22,22,10,7,7,7,0.20952380952380953,0.20952380952380953,0.09523809523809523,0.4666666666666667,0.4666666666666667,0.4666666666666667,True,4,4,2,1,1,1,0.008791208791208791,0.004395604395604396,0.01,0.01
BIOMD0000000065.txt,9,16,5,10,10,0,0,0,0,0,0,0.0,0.0,0.0,0.0,0.0,0.0,True,0,0,0,0,0,0,0.0,0.0,0.01,0.0
BIOMD0000000066.txt,11,7,7,21,35,5,5,3,4,4,4,0.23809523809523808,0.23809523809523808,0.14285714285714285,0.5714285714285714,0.5714285714285714,0.5714285714285714,True,0,0,0,0,0,0,0.0,0.0,0.0,0.0
BIOMD0000000067.txt,8,13,6,15,20,1,1,1,1,1,1,0.06666666666666667,0.06666666666666667,0.06666666666666667,0.16666666666666666,0.16666666666666666,0.16666666666666666,True,0,0,0,0,0,0,0.0,0.0,0.0,0.0
BIOMD0000000068.txt,9,3,3,3,1,0,0,0,0,0,0,0.0,0.0,0.0,0.0,0.0,0.0,True,0,0,0,0,0,0,0.0,0.0,0.0,0.0
BIOMD0000000069.txt,10,7,6,15,20,2,2,2,1,1,1,0.13333333333333333,0.13333333333333333,0.13333333333333333,0.16666666666666666,0.16666666666666666,0.16666666666666666,True,0,0,0,0,0,0,0.0,0.0,0.0,0.0
BIOMD0000000070.txt,45,38,35,595,6545,80,80,36,13,13,13,0.13445378151260504,0.13445378151260504,0.06050420168067227,0.37142857142857144,0.37142857142857144,0.37142857142857144,True,92,92,14,4,4,4,0.014056531703590527,0.0021390374331550803,0.03,0.27
BIOMD0000000071.txt,26,14,14,91,364,8,8,8,4,4,4,0.08791208791208792,0.08791208791208792,0.08791208791208792,0.2857142857142857,0.2857142857142857,0.2857142857142857,True,7,7,4,3,3,3,0.019230769230769232,0.01098901098901099,0.0,0.01
BIOMD0000000072.txt,7,7,6,15,20,2,2,1,1,1,1,0.13333333333333333,0.13333333333333333,0.06666666666666667,0.16666666666666666,0.16666666666666666,0.16666666666666666,True,0,0,0,0,0,0,0.0,0.0,0.0,0.0
BIOMD0000000073.txt,16,48,9,36,84,4,4,1,1,1,1,0.1111111111111111,0.1111111111111111,0.027777777777777776,0.1111111111111111,0.1111111111111111,0.1111111111111111,True,0,0,0,0,0,0,0.0,0.0,0.02,0.0
BIOMD0000000074.txt,19,57,9,36,84,4,4,1,1,1,1,0.1111111111111111,0.1111111111111111,0.027777777777777776,0.1111111111111111,0.1111111111111111,0.1111111111111111,True,0,0,0,0,0,0,0.0,0.0,0.03,0.0
BIOMD0000000075.txt,11,8,8,28,56,12,12,8,4,4,4,0.42857142857142855,0.42857142857142855,0.2857142857142857,0.5,0.5,0.5,True,0,0,0,0,0,0,0.0,0.0,0.0,0.0
BIOMD0000000076.txt,3,2,2,1,0,0,0,0,0,0,0,0.0,0.0,0.0,0.0,0.0,0.0,True,0,0,0,0,0,0,-1.0,-1.0,0.0,0.0
BIOMD0000000077.txt,7,5,5,10,10,0,0,0,0,0,0,0.0,0.0,0.0,0.0,0.0,0.0,True,0,0,0,0,0,0,0.0,0.0,0.0,0.0
BIOMD0000000078.txt,16,48,9,36,84,4,4,1,1,1,1,0.1111111111111111,0.1111111111111111,0.027777777777777776,0.1111111111111111,0.1111111111111111,0.1111111111111111,True,0,0,0,0,0,0,0.0,0.0,0.01,0.0
BIOMD0000000079.txt,3,6,1,0,0,0,0,0,0,0,0,0.0,0.0,0.0,0.0,0.0,0.0,True,0,0,0,0,0,0,-1.0,-1.0,0.0,0.0
BIOMD0000000080.txt,10,6,6,15,20,1,1,1,1,1,1,0.06666666666666667,0.06666666666666667,0.06666666666666667,0.16666666666666666,0.16666666666666666,0.16666666666666666,True,0,0,0,0,0,0,0.0,0.0,0.0,0.0
BIOMD0000000081.txt,23,15,14,91,364,6,6,6,3,3,3,0.06593406593406594,0.06593406593406594,0.06593406593406594,0.21428571428571427,0.21428571428571427,0.21428571428571427,True,0,0,0,0,0,0,0.0,0.0,0.0,0.01
BIOMD0000000082.txt,10,6,6,15,20,1,1,1,1,1,1,0.06666666666666667,0.06666666666666667,0.06666666666666667,0.16666666666666666,0.16666666666666666,0.16666666666666666,True,0,0,0,0,0,0,0.0,0.0,0.0,0.0
BIOMD0000000083.txt,19,57,9,36,84,4,4,1,1,1,1,0.1111111111111111,0.1111111111111111,0.027777777777777776,0.1111111111111111,0.1111111111111111,0.1111111111111111,True,0,0,0,0,0,0,0.0,0.0,0.03,0.0
BIOMD0000000084.txt,8,8,7,21,35,8,8,3,3,3,3,0.38095238095238093,0.38095238095238093,0.14285714285714285,0.42857142857142855,0.42857142857142855,0.42857142857142855,True,0,0,0,0,0,0,0.0,0.0,0.0,0.0
BIOMD0000000085.txt,17,17,17,136,680,48,48,16,9,9,9,0.35294117647058826,0.35294117647058826,0.11764705882352941,0.5294117647058824,0.5294117647058824,0.5294117647058824,True,0,0,0,0,0,0,0.0,0.0,0.0,0.01
BIOMD0000000086.txt,17,24,24,276,2024,135,135,47,16,16,16,0.4891304347826087,0.4891304347826087,0.17028985507246377,0.6666666666666666,0.6666666666666666,0.6666666666666666,True,0,0,0,0,0,0,0.0,0.0,0.01,0.07
BIOMD0000000089.txt,16,36,11,55,165,18,18,1,1,1,1,0.32727272727272727,0.32727272727272727,0.01818181818181818,0.09090909090909091,0.09090909090909091,0.09090909090909091,True,0,0,0,0,0,0,0.0,0.0,0.03,0.0
BIOMD0000000090.txt,26,21,20,190,1140,43,43,16,9,9,9,0.22631578947368422,0.22631578947368422,0.08421052631578947,0.45,0.45,0.45,True,1,1,1,1,1,1,0.0008771929824561404,0.0008771929824561404,0.0,0.03
BIOMD0000000091.txt,16,23,12,66,220,24,24,8,6,6,6,0.36363636363636365,0.36363636363636365,0.12121212121212122,0.5,0.5,0.5,True,0,0,0,0,0,0,0.0,0.0,0.01,0.0
BIOMD0000000092.txt,4,3,2,1,0,0,0,0,0,0,0,0.0,0.0,0.0,0.0,0.0,0.0,True,0,0,0,0,0,0,-1.0,-1.0,0.0,0.0
BIOMD0000000093.txt,34,46,32,496,4960,182,182,29,15,15,15,0.36693548387096775,0.36693548387096775,0.05846774193548387,0.46875,0.46875,0.46875,True,0,0,0,0,0,0,0.0,0.0,0.05,0.18
BIOMD0000000094.txt,34,45,35,595,6545,215,215,36,18,18,18,0.36134453781512604,0.36134453781512604,0.06050420168067227,0.5142857142857142,0.5142857142857142,0.5142857142857142,True,0,0,0,0,0,0,0.0,0.0,0.06,0.23
BIOMD0000000095.txt,19,46,4,6,4,0,0,0,0,0,0,0.0,0.0,0.0,0.0,0.0,0.0,True,0,0,0,0,0,0,0.0,0.0,0.04,0.0
BIOMD0000000096.txt,19,46,4,6,4,0,0,0,0,0,0,0.0,0.0,0.0,0.0,0.0,0.0,True,0,0,0,0,0,0,0.0,0.0,0.05,0.0
BIOMD0000000097.txt,19,46,4,6,4,0,0,0,0,0,0,0.0,0.0,0.0,0.0,0.0,0.0,True,0,0,0,0,0,0,0.0,0.0,0.05,0.0
BIOMD0000000098.txt,2,6,1,0,0,0,0,0,0,0,0,0.0,0.0,0.0,0.0,0.0,0.0,True,0,0,0,0,0,0,-1.0,-1.0,0.0,0.0
BIOMD0000000099.txt,7,14,4,6,4,0,0,0,0,0,0,0.0,0.0,0.0,0.0,0.0,0.0,True,0,0,0,0,0,0,0.0,0.0,0.01,0.0
BIOMD0000000100.txt,5,10,3,3,1,0,0,0,0,0,0,0.0,0.0,0.0,0.0,0.0,0.0,True,0,0,0,0,0,0,0.0,0.0,0.0,0.0
BIOMD0000000101.txt,6,13,1,0,0,0,0,0,0,0,0,0.0,0.0,0.0,0.0,0.0,0.0,True,0,0,0,0,0,0,-1.0,-1.0,0.0,0.0
BIOMD0000000102.txt,13,28,1,0,0,0,0,0,0,0,0,0.0,0.0,0.0,0.0,0.0,0.0,True,0,0,0,0,0,0,-1.0,-1.0,0.02,0.0
BIOMD0000000103.txt,17,42,1,0,0,0,0,0,0,0,0,0.0,0.0,0.0,0.0,0.0,0.0,True,0,0,0,0,0,0,-1.0,-1.0,0.05,0.0
BIOMD0000000104.txt,5,2,2,1,0,0,0,0,0,0,0,0.0,0.0,0.0,0.0,0.0,0.0,True,0,0,0,0,0,0,-1.0,-1.0,0.0,0.0
BIOMD0000000105.txt,39,94,83,3403,91881,2518,2518,159,69,69,69,0.7399353511607405,0.7399353511607405,0.0467234792829856,0.8313253012048193,0.8313253012048193,0.8313253012048193,True,0,0,0,0,0,0,0.0,0.0,0.21,7.54
BIOMD0000000106.txt,24,32,28,378,3276,105,105,26,12,12,12,0.2777777777777778,0.2777777777777778,0.06878306878306878,0.42857142857142855,0.42857142857142855,0.42857142857142855,True,19,19,6,3,3,3,0.0057997557997558,0.0018315018315018315,0.01,0.08
BIOMD0000000107.txt,14,23,11,55,165,18,18,4,4,4,4,0.32727272727272727,0.32727272727272727,0.07272727272727272,0.36363636363636365,0.36363636363636365,0.36363636363636365,True,0,0,0,0,0,0,0.0,0.0,0.0,0.0
BIOMD0000000108.txt,8,17,2,1,0,0,0,0,0,0,0,0.0,0.0,0.0,0.0,0.0,0.0,True,0,0,0,0,0,0,-1.0,-1.0,0.01,0.0
BIOMD0000000109.txt,49,138,19,171,969,51,51,7,7,7,7,0.2982456140350877,0.2982456140350877,0.04093567251461988,0.3684210526315789,0.3684210526315789,0.3684210526315789,True,0,0,0,0,0,0,0.0,0.0,0.14,0.03
BIOMD0000000110.txt,13,22,7,21,35,0,0,0,0,0,0,0.0,0.0,0.0,0.0,0.0,0.0,True,0,0,0,0,0,0,0.0,0.0,0.01,0.0
BIOMD0000000111.txt,10,19,6,15,20,1,1,1,1,1,1,0.06666666666666667,0.06666666666666667,0.06666666666666667,0.16666666666666666,0.16666666666666666,0.16666666666666666,True,0,0,0,0,0,0,0.0,0.0,0.01,0.0
BIOMD0000000112.txt,10,8,8,28,56,8,8,2,2,2,2,0.2857142857142857,0.2857142857142857,0.07142857142857142,0.25,0.25,0.25,True,0,0,0,0,0,0,0.0,0.0,0.0,0.0
BIOMD0000000113.txt,4,7,2,1,0,0,0,0,0,0,0,0.0,0.0,0.0,0.0,0.0,0.0,True,0,0,0,0,0,0,-1.0,-1.0,0.0,0.0
BIOMD0000000114.txt,2,4,2,1,0,0,0,0,0,0,0,0.0,0.0,0.0,0.0,0.0,0.0,True,0,0,0,0,0,0,-1.0,-1.0,0.0,0.0
BIOMD0000000115.txt,2,5,1,0,0,0,0,0,0,0,0,0.0,0.0,0.0,0.0,0.0,0.0,True,0,0,0,0,0,0,-1.0,-1.0,0.0,0.0
BIOMD0000000116.txt,6,10,1,0,0,0,0,0,0,0,0,0.0,0.0,0.0,0.0,0.0,0.0,True,0,0,0,0,0,0,-1.0,-1.0,0.0,0.0
BIOMD0000000117.txt,2,6,1,0,0,0,0,0,0,0,0,0.0,0.0,0.0,0.0,0.0,0.0,True,0,0,0,0,0,0,-1.0,-1.0,0.0,0.0
BIOMD0000000118.txt,0,0,0,0,0,0,0,0,0,0,0,0.0,0.0,0.0,0.0,0.0,0.0,True,0,0,0,0,0,0,-1.0,-1.0,0.0,0.0
BIOMD0000000119.txt,1,1,1,0,0,0,0,0,0,0,0,0.0,0.0,0.0,0.0,0.0,0.0,True,0,0,0,0,0,0,-1.0,-1.0,0.0,0.0
BIOMD0000000120.txt,4,10,2,1,0,0,0,0,0,0,0,0.0,0.0,0.0,0.0,0.0,0.0,True,0,0,0,0,0,0,-1.0,-1.0,0.0,0.0
BIOMD0000000121.txt,5,5,4,6,4,0,0,0,0,0,0,0.0,0.0,0.0,0.0,0.0,0.0,True,0,0,0,0,0,0,0.0,0.0,0.0,0.0
BIOMD0000000122.txt,14,17,9,36,84,10,10,3,4,2,2,0.2777777777777778,0.2777777777777778,0.08333333333333333,0.4444444444444444,0.2222222222222222,0.2222222222222222,True,0,0,0,0,0,0,0.0,0.0,0.0,0.0
BIOMD0000000123.txt,14,17,9,36,84,10,10,3,4,2,2,0.2777777777777778,0.2777777777777778,0.08333333333333333,0.4444444444444444,0.2222222222222222,0.2222222222222222,True,0,0,0,0,0,0,0.0,0.0,0.01,0.0
BIOMD0000000124.txt,2,2,1,0,0,0,0,0,0,0,0,0.0,0.0,0.0,0.0,0.0,0.0,True,0,0,0,0,0,0,-1.0,-1.0,0.0,0.0
BIOMD0000000125.txt,5,7,5,10,10,0,0,0,0,0,0,0.0,0.0,0.0,0.0,0.0,0.0,True,0,0,0,0,0,0,0.0,0.0,0.0,0.0
BIOMD0000000126.txt,9,11,2,1,0,0,0,0,0,0,0,0.0,0.0,0.0,0.0,0.0,0.0,True,0,0,0,0,0,0,-1.0,-1.0,0.0,0.0
BIOMD0000000127.txt,0,0,0,0,0,0,0,0,0,0,0,0.0,0.0,0.0,0.0,0.0,0.0,True,0,0,0,0,0,0,-1.0,-1.0,0.0,0.0
BIOMD0000000128.txt,3,3,1,0,0,0,0,0,0,0,0,0.0,0.0,0.0,0.0,0.0,0.0,True,0,0,0,0,0,0,-1.0,-1.0,0.0,0.0
BIOMD0000000129.txt,0,0,0,0,0,0,0,0,0,0,0,0.0,0.0,0.0,0.0,0.0,0.0,True,0,0,0,0,0,0,-1.0,-1.0,0.0,0.0
BIOMD0000000130.txt,0,0,0,0,0,0,0,0,0,0,0,0.0,0.0,0.0,0.0,0.0,0.0,True,0,0,0,0,0,0,-1.0,-1.0,0.0,0.0
BIOMD0000000131.txt,0,0,0,0,0,0,0,0,0,0,0,0.0,0.0,0.0,0.0,0.0,0.0,True,0,0,0,0,0,0,-1.0,-1.0,0.0,0.0
BIOMD0000000132.txt,0,0,0,0,0,0,0,0,0,0,0,0.0,0.0,0.0,0.0,0.0,0.0,True,0,0,0,0,0,0,-1.0,-1.0,0.0,0.0
BIOMD0000000134.txt,0,0,0,0,0,0,0,0,0,0,0,0.0,0.0,0.0,0.0,0.0,0.0,True,0,0,0,0,0,0,-1.0,-1.0,0.0,0.0
BIOMD0000000135.txt,0,0,0,0,0,0,0,0,0,0,0,0.0,0.0,0.0,0.0,0.0,0.0,True,0,0,0,0,0,0,-1.0,-1.0,0.0,0.0
BIOMD0000000136.txt,0,0,0,0,0,0,0,0,0,0,0,0.0,0.0,0.0,0.0,0.0,0.0,True,0,0,0,0,0,0,-1.0,-1.0,0.0,0.0
BIOMD0000000137.txt,21,20,14,91,364,0,0,0,0,0,0,0.0,0.0,0.0,0.0,0.0,0.0,True,0,0,0,0,0,0,0.0,0.0,0.02,0.01
BIOMD0000000138.txt,1,1,1,0,0,0,0,0,0,0,0,0.0,0.0,0.0,0.0,0.0,0.0,True,0,0,0,0,0,0,-1.0,-1.0,0.0,0.0
BIOMD0000000139.txt,24,45,4,6,4,1,1,1,1,1,1,0.16666666666666666,0.16666666666666666,0.16666666666666666,0.25,0.25,0.25,True,0,0,0,0,0,0,0.0,0.0,0.04,0.0
BIOMD0000000140.txt,24,45,4,6,4,1,1,1,1,1,1,0.16666666666666666,0.16666666666666666,0.16666666666666666,0.25,0.25,0.25,True,0,0,0,0,0,0,0.0,0.0,0.05,0.0
BIOMD0000000141.txt,0,0,0,0,0,0,0,0,0,0,0,0.0,0.0,0.0,0.0,0.0,0.0,True,0,0,0,0,0,0,-1.0,-1.0,0.0,0.0
BIOMD0000000142.txt,0,0,0,0,0,0,0,0,0,0,0,0.0,0.0,0.0,0.0,0.0,0.0,True,0,0,0,0,0,0,-1.0,-1.0,0.0,0.0
BIOMD0000000143.txt,20,20,15,105,455,21,21,6,3,3,3,0.2,0.2,0.05714285714285714,0.2,0.2,0.2,True,0,0,0,0,0,0,0.0,0.0,0.01,0.01
BIOMD0000000144.txt,18,54,6,15,20,4,4,1,1,1,1,0.26666666666666666,0.26666666666666666,0.06666666666666667,0.16666666666666666,0.16666666666666666,0.16666666666666666,True,0,0,0,0,0,0,0.0,0.0,0.06,0.0
BIOMD0000000145.txt,6,11,5,10,10,0,0,0,0,0,0,0.0,0.0,0.0,0.0,0.0,0.0,True,0,0,0,0,0,0,0.0,0.0,0.0,0.0
BIOMD0000000146.txt,36,34,22,231,1540,40,40,10,8,8,8,0.17316017316017315,0.17316017316017315,0.04329004329004329,0.36363636363636365,0.36363636363636365,0.36363636363636365,True,0,0,0,0,0,0,0.0,0.0,0.02,0.04
BIOMD0000000147.txt,24,51,4,6,4,1,1,1,1,1,1,0.16666666666666666,0.16666666666666666,0.16666666666666666,0.25,0.25,0.25,True,0,0,0,0,0,0,0.0,0.0,0.05,0.0
BIOMD0000000148.txt,5,6,3,3,1,0,0,0,0,0,0,0.0,0.0,0.0,0.0,0.0,0.0,True,0,0,0,0,0,0,0.0,0.0,0.0,0.0
BIOMD0000000150.txt,4,2,2,1,0,0,0,0,0,0,0,0.0,0.0,0.0,0.0,0.0,0.0,True,0,0,0,0,0,0,-1.0,-1.0,0.0,0.0
BIOMD0000000154.txt,2,5,1,0,0,0,0,0,0,0,0,0.0,0.0,0.0,0.0,0.0,0.0,True,0,0,0,0,0,0,-1.0,-1.0,0.0,0.0
BIOMD0000000155.txt,2,4,1,0,0,0,0,0,0,0,0,0.0,0.0,0.0,0.0,0.0,0.0,True,0,0,0,0,0,0,-1.0,-1.0,0.0,0.0
BIOMD0000000156.txt,3,5,1,0,0,0,0,0,0,0,0,0.0,0.0,0.0,0.0,0.0,0.0,True,0,0,0,0,0,0,-1.0,-1.0,0.0,0.0
BIOMD0000000157.txt,3,6,1,0,0,0,0,0,0,0,0,0.0,0.0,0.0,0.0,0.0,0.0,True,0,0,0,0,0,0,-1.0,-1.0,0.0,0.0
BIOMD0000000158.txt,3,6,1,0,0,0,0,0,0,0,0,0.0,0.0,0.0,0.0,0.0,0.0,True,0,0,0,0,0,0,-1.0,-1.0,0.0,0.0
BIOMD0000000159.txt,3,6,1,0,0,0,0,0,0,0,0,0.0,0.0,0.0,0.0,0.0,0.0,True,0,0,0,0,0,0,-1.0,-1.0,0.0,0.0
BIOMD0000000160.txt,25,41,26,325,2600,28,28,4,4,4,4,0.08615384615384615,0.08615384615384615,0.012307692307692308,0.15384615384615385,0.15384615384615385,0.15384615384615385,True,0,0,0,0,0,0,0.0,0.0,0.01,0.06
BIOMD0000000162.txt,32,45,30,435,4060,144,144,119,19,19,19,0.3310344827586207,0.3310344827586207,0.2735632183908046,0.6333333333333333,0.6333333333333333,0.6333333333333333,True,1,1,1,1,1,1,0.0002463054187192118,0.0002463054187192118,0.02,0.14
BIOMD0000000163.txt,16,26,4,6,4,1,1,1,1,1,1,0.16666666666666666,0.16666666666666666,0.16666666666666666,0.25,0.25,0.25,True,0,0,0,0,0,0,0.0,0.0,0.02,0.0
BIOMD0000000164.txt,26,29,28,378,3276,82,82,30,14,14,14,0.21693121693121692,0.21693121693121692,0.07936507936507936,0.5,0.5,0.5,True,0,0,0,0,0,0,0.0,0.0,0.01,0.07
BIOMD0000000165.txt,37,30,24,276,2024,38,38,20,9,9,9,0.13768115942028986,0.13768115942028986,0.07246376811594203,0.375,0.375,0.375,True,6,6,3,1,1,1,0.0029644268774703555,0.0014822134387351778,0.01,0.05
BIOMD0000000166.txt,3,9,1,0,0,0,0,0,0,0,0,0.0,0.0,0.0,0.0,0.0,0.0,True,0,0,0,0,0,0,-1.0,-1.0,0.0,0.0
BIOMD0000000167.txt,9,7,6,15,20,0,0,0,0,0,0,0.0,0.0,0.0,0.0,0.0,0.0,True,0,0,0,0,0,0,0.0,0.0,0.0,0.0
BIOMD0000000168.txt,7,10,10,45,120,14,14,3,3,3,3,0.3111111111111111,0.3111111111111111,0.06666666666666667,0.3,0.3,0.3,True,4,4,1,1,1,1,0.03333333333333333,0.008333333333333333,0.0,0.0
BIOMD0000000169.txt,11,27,1,0,0,0,0,0,0,0,0,0.0,0.0,0.0,0.0,0.0,0.0,True,0,0,0,0,0,0,-1.0,-1.0,0.02,0.0
BIOMD0000000170.txt,7,17,1,0,0,0,0,0,0,0,0,0.0,0.0,0.0,0.0,0.0,0.0,True,0,0,0,0,0,0,-1.0,-1.0,0.01,0.0
BIOMD0000000171.txt,10,26,5,10,10,4,4,1,1,1,1,0.4,0.4,0.1,0.2,0.2,0.2,True,0,0,0,0,0,0,0.0,0.0,0.01,0.0
BIOMD0000000172.txt,25,19,17,136,680,39,39,7,7,6,6,0.2867647058823529,0.2867647058823529,0.051470588235294115,0.4117647058823529,0.35294117647058826,0.35294117647058826,True,0,0,0,0,0,0,0.0,0.0,0.01,0.02
BIOMD0000000173.txt,26,26,24,276,2024,64,64,16,10,10,10,0.2318840579710145,0.2318840579710145,0.057971014492753624,0.4166666666666667,0.4166666666666667,0.4166666666666667,True,0,0,0,0,0,0,0.0,0.0,0.01,0.05
BIOMD0000000174.txt,4,10,3,3,1,0,0,0,0,0,0,0.0,0.0,0.0,0.0,0.0,0.0,True,0,0,0,0,0,0,0.0,0.0,0.0,0.0
BIOMD0000000176.txt,25,19,17,136,680,39,39,7,7,6,6,0.2867647058823529,0.2867647058823529,0.051470588235294115,0.4117647058823529,0.35294117647058826,0.35294117647058826,True,0,0,0,0,0,0,0.0,0.0,0.01,0.01
BIOMD0000000177.txt,28,21,18,153,816,51,51,10,8,7,7,0.3333333333333333,0.3333333333333333,0.06535947712418301,0.4444444444444444,0.3888888888888889,0.3888888888888889,True,0,0,0,0,0,0,0.0,0.0,0.01,0.02
BIOMD0000000178.txt,5,4,4,6,4,0,0,0,0,0,0,0.0,0.0,0.0,0.0,0.0,0.0,True,0,0,0,0,0,0,0.0,0.0,0.0,0.0
BIOMD0000000179.txt,7,17,1,0,0,0,0,0,0,0,0,0.0,0.0,0.0,0.0,0.0,0.0,True,0,0,0,0,0,0,-1.0,-1.0,0.0,0.0
BIOMD0000000180.txt,8,20,1,0,0,0,0,0,0,0,0,0.0,0.0,0.0,0.0,0.0,0.0,True,0,0,0,0,0,0,-1.0,-1.0,0.01,0.0
BIOMD0000000181.txt,6,18,2,1,0,0,0,0,0,0,0,0.0,0.0,0.0,0.0,0.0,0.0,True,0,0,0,0,0,0,-1.0,-1.0,0.0,0.0
BIOMD0000000184.txt,3,7,1,0,0,0,0,0,0,0,0,0.0,0.0,0.0,0.0,0.0,0.0,True,0,0,0,0,0,0,-1.0,-1.0,0.0,0.0
BIOMD0000000185.txt,8,20,1,0,0,0,0,0,0,0,0,0.0,0.0,0.0,0.0,0.0,0.0,True,0,0,0,0,0,0,-1.0,-1.0,0.0,0.0
BIOMD0000000186.txt,11,9,7,21,35,11,11,7,5,4,4,0.5238095238095238,0.5238095238095238,0.3333333333333333,0.7142857142857143,0.5714285714285714,0.5714285714285714,True,0,0,0,0,0,0,0.0,0.0,0.0,0.0
BIOMD0000000187.txt,11,9,8,28,56,16,16,10,6,6,6,0.5714285714285714,0.5714285714285714,0.35714285714285715,0.75,0.75,0.75,True,0,0,0,0,0,0,0.0,0.0,0.0,0.0
BIOMD0000000188.txt,18,20,11,55,165,11,11,2,2,2,2,0.2,0.2,0.03636363636363636,0.18181818181818182,0.18181818181818182,0.18181818181818182,True,0,0,0,0,0,0,0.0,0.0,0.01,0.0
BIOMD0000000189.txt,16,14,6,15,20,0,0,0,0,0,0,0.0,0.0,0.0,0.0,0.0,0.0,True,0,0,0,0,0,0,0.0,0.0,0.01,0.0
BIOMD0000000190.txt,11,13,10,45,120,11,11,5,3,3,3,0.24444444444444444,0.24444444444444444,0.1111111111111111,0.3,0.3,0.3,True,2,2,1,1,1,1,0.016666666666666666,0.008333333333333333,0.0,0.0
BIOMD0000000191.txt,3,5,4,6,4,1,1,1,1,1,1,0.16666666666666666,0.16666666666666666,0.16666666666666666,0.25,0.25,0.25,True,0,0,0,0,0,0,0.0,0.0,0.0,0.0
BIOMD0000000192.txt,13,9,9,36,84,8,8,5,4,4,4,0.2222222222222222,0.2222222222222222,0.1388888888888889,0.4444444444444444,0.4444444444444444,0.4444444444444444,True,0,0,0,0,0,0,0.0,0.0,0.0,0.0
BIOMD0000000193.txt,8,6,5,10,10,5,5,3,3,2,2,0.5,0.5,0.3,0.6,0.4,0.4,True,0,0,0,0,0,0,0.0,0.0,0.0,0.0
BIOMD0000000194.txt,5,3,3,3,1,1,1,1,1,1,1,0.3333333333333333,0.3333333333333333,0.3333333333333333,0.3333333333333333,0.3333333333333333,0.3333333333333333,True,0,0,0,0,0,0,0.0,0.0,0.0,0.0
BIOMD0000000195.txt,10,20,8,28,56,1,1,1,1,1,1,0.03571428571428571,0.03571428571428571,0.03571428571428571,0.125,0.125,0.125,True,0,0,0,0,0,0,0.0,0.0,0.01,0.0
BIOMD0000000196.txt,11,13,9,36,84,12,12,6,4,3,3,0.3333333333333333,0.3333333333333333,0.16666666666666666,0.4444444444444444,0.3333333333333333,0.3333333333333333,True,0,0,0,0,0,0,0.0,0.0,0.0,0.0
BIOMD0000000197.txt,5,10,1,0,0,0,0,0,0,0,0,0.0,0.0,0.0,0.0,0.0,0.0,True,0,0,0,0,0,0,-1.0,-1.0,0.0,0.0
BIOMD0000000198.txt,10,7,7,21,35,1,1,1,1,1,1,0.047619047619047616,0.047619047619047616,0.047619047619047616,0.14285714285714285,0.14285714285714285,0.14285714285714285,True,0,0,0,0,0,0,0.0,0.0,0.0,0.0
BIOMD0000000199.txt,14,10,10,45,120,17,17,8,6,6,6,0.37777777777777777,0.37777777777777777,0.17777777777777778,0.6,0.6,0.6,True,0,0,0,0,0,0,0.0,0.0,0.0,0.0
BIOMD0000000200.txt,21,34,23,253,1771,102,102,12,12,12,12,0.4031620553359684,0.4031620553359684,0.04743083003952569,0.5217391304347826,0.5217391304347826,0.5217391304347826,True,0,0,0,0,0,0,0.0,0.0,0.02,0.04
BIOMD0000000201.txt,25,33,16,120,560,3,3,1,1,1,1,0.025,0.025,0.008333333333333333,0.0625,0.0625,0.0625,True,0,0,0,0,0,0,0.0,0.0,0.01,0.01
BIOMD0000000202.txt,9,15,8,28,56,6,6,1,1,1,1,0.21428571428571427,0.21428571428571427,0.03571428571428571,0.125,0.125,0.125,True,0,0,0,0,0,0,0.0,0.0,0.0,0.0
BIOMD0000000203.txt,12,10,10,45,120,4,4,1,1,1,1,0.08888888888888889,0.08888888888888889,0.022222222222222223,0.1,0.1,0.1,True,0,0,0,0,0,0,0.0,0.0,0.0,0.0
BIOMD0000000204.txt,12,10,10,45,120,4,4,1,1,1,1,0.08888888888888889,0.08888888888888889,0.022222222222222223,0.1,0.1,0.1,True,0,0,0,0,0,0,0.0,0.0,0.0,0.0
BIOMD0000000206.txt,9,11,5,10,10,0,0,0,0,0,0,0.0,0.0,0.0,0.0,0.0,0.0,True,0,0,0,0,0,0,0.0,0.0,0.0,0.0
BIOMD0000000207.txt,6,6,6,15,20,0,0,0,0,0,0,0.0,0.0,0.0,0.0,0.0,0.0,True,0,0,0,0,0,0,0.0,0.0,0.0,0.0
BIOMD0000000208.txt,6,15,3,3,1,0,0,0,0,0,0,0.0,0.0,0.0,0.0,0.0,0.0,True,0,0,0,0,0,0,0.0,0.0,0.0,0.0
BIOMD0000000209.txt,16,12,12,66,220,0,0,0,0,0,0,0.0,0.0,0.0,0.0,0.0,0.0,True,0,0,0,0,0,0,0.0,0.0,0.0,0.0
BIOMD0000000210.txt,15,12,12,66,220,0,0,0,0,0,0,0.0,0.0,0.0,0.0,0.0,0.0,True,0,0,0,0,0,0,0.0,0.0,0.0,0.0
BIOMD0000000211.txt,27,21,21,210,1330,39,39,21,8,8,8,0.18571428571428572,0.18571428571428572,0.1,0.38095238095238093,0.38095238095238093,0.38095238095238093,True,0,0,0,0,0,0,0.0,0.0,0.01,0.03
BIOMD0000000212.txt,31,18,18,153,816,12,12,12,4,4,4,0.0784313725490196,0.0784313725490196,0.0784313725490196,0.2222222222222222,0.2222222222222222,0.2222222222222222,True,0,0,0,0,0,0,0.0,0.0,0.01,0.02
BIOMD0000000213.txt,14,12,11,55,165,5,5,2,2,2,2,0.09090909090909091,0.09090909090909091,0.03636363636363636,0.18181818181818182,0.18181818181818182,0.18181818181818182,True,0,0,0,0,0,0,0.0,0.0,0.0,0.0
BIOMD0000000214.txt,12,24,13,78,286,5,5,1,1,1,1,0.0641025641025641,0.0641025641025641,0.01282051282051282,0.07692307692307693,0.07692307692307693,0.07692307692307693,True,45,45,1,1,1,1,0.15734265734265734,0.0034965034965034965,0.01,0.01
BIOMD0000000215.txt,7,14,6,15,20,0,0,0,0,0,0,0.0,0.0,0.0,0.0,0.0,0.0,True,0,0,0,0,0,0,0.0,0.0,0.0,0.0
BIOMD0000000216.txt,5,17,2,1,0,0,0,0,0,0,0,0.0,0.0,0.0,0.0,0.0,0.0,True,0,0,0,0,0,0,-1.0,-1.0,0.0,0.0
BIOMD0000000217.txt,20,16,12,66,220,9,9,3,3,3,3,0.13636363636363635,0.13636363636363635,0.045454545454545456,0.25,0.25,0.25,True,6,6,3,2,2,2,0.02727272727272727,0.013636363636363636,0.01,0.01
BIOMD0000000218.txt,13,14,9,36,84,0,0,0,0,0,0,0.0,0.0,0.0,0.0,0.0,0.0,True,0,0,0,0,0,0,0.0,0.0,0.0,0.0
BIOMD0000000219.txt,13,15,9,36,84,0,0,0,0,0,0,0.0,0.0,0.0,0.0,0.0,0.0,True,0,0,0,0,0,0,0.0,0.0,0.01,0.0
BIOMD0000000221.txt,12,11,8,28,56,0,0,0,0,0,0,0.0,0.0,0.0,0.0,0.0,0.0,True,0,0,0,0,0,0,0.0,0.0,0.0,0.0
BIOMD0000000222.txt,12,11,8,28,56,0,0,0,0,0,0,0.0,0.0,0.0,0.0,0.0,0.0,True,0,0,0,0,0,0,0.0,0.0,0.01,0.0
BIOMD0000000224.txt,4,6,2,1,0,0,0,0,0,0,0,0.0,0.0,0.0,0.0,0.0,0.0,True,0,0,0,0,0,0,-1.0,-1.0,0.0,0.0
BIOMD0000000225.txt,5,3,3,3,1,0,0,0,0,0,0,0.0,0.0,0.0,0.0,0.0,0.0,True,0,0,0,0,0,0,0.0,0.0,0.0,0.0
BIOMD0000000226.txt,24,24,19,171,969,73,73,5,5,5,5,0.4269005847953216,0.4269005847953216,0.029239766081871343,0.2631578947368421,0.2631578947368421,0.2631578947368421,True,0,0,0,0,0,0,0.0,0.0,0.01,0.02
BIOMD0000000228.txt,9,22,12,66,220,13,13,3,3,3,3,0.19696969696969696,0.19696969696969696,0.045454545454545456,0.25,0.25,0.25,True,0,0,0,0,0,0,0.0,0.0,0.0,0.0
BIOMD0000000229.txt,7,14,6,15,20,2,2,1,1,1,1,0.13333333333333333,0.13333333333333333,0.06666666666666667,0.16666666666666666,0.16666666666666666,0.16666666666666666,True,0,0,0,0,0,0,0.0,0.0,0.0,0.0
BIOMD0000000230.txt,26,64,19,171,969,69,69,13,10,10,10,0.40350877192982454,0.40350877192982454,0.07602339181286549,0.5263157894736842,0.5263157894736842,0.5263157894736842,True,0,0,0,0,0,0,0.0,0.0,0.04,0.04
BIOMD0000000231.txt,6,4,2,1,0,0,0,0,0,0,0,0.0,0.0,0.0,0.0,0.0,0.0,True,0,0,0,0,0,0,-1.0,-1.0,0.0,0.0
BIOMD0000000232.txt,14,12,10,45,120,11,11,3,3,3,3,0.24444444444444444,0.24444444444444444,0.06666666666666667,0.3,0.3,0.3,True,0,0,0,0,0,0,0.0,0.0,0.0,0.0
BIOMD0000000233.txt,4,4,2,1,0,0,0,0,0,0,0,0.0,0.0,0.0,0.0,0.0,0.0,True,0,0,0,0,0,0,-1.0,-1.0,0.0,0.0
BIOMD0000000234.txt,0,0,0,0,0,0,0,0,0,0,0,0.0,0.0,0.0,0.0,0.0,0.0,True,0,0,0,0,0,0,-1.0,-1.0,0.0,0.0
BIOMD0000000236.txt,7,4,4,6,4,0,0,0,0,0,0,0.0,0.0,0.0,0.0,0.0,0.0,True,0,0,0,0,0,0,0.0,0.0,0.0,0.0
BIOMD0000000237.txt,26,31,26,325,2600,139,139,53,15,15,15,0.4276923076923077,0.4276923076923077,0.16307692307692306,0.5769230769230769,0.5769230769230769,0.5769230769230769,True,126,126,10,2,2,2,0.04846153846153846,0.0038461538461538464,0.02,0.1
BIOMD0000000237_manyOrgs.txt,26,31,20,190,1140,48,48,14,9,9,9,0.25263157894736843,0.25263157894736843,0.07368421052631578,0.45,0.45,0.45,True,0,0,0,0,0,0,0.0,0.0,0.01,0.03
BIOMD0000000238.txt,0,0,0,0,0,0,0,0,0,0,0,0.0,0.0,0.0,0.0,0.0,0.0,True,0,0,0,0,0,0,-1.0,-1.0,0.0,0.0
BIOMD0000000240.txt,6,14,3,3,1,0,0,0,0,0,0,0.0,0.0,0.0,0.0,0.0,0.0,True,0,0,0,0,0,0,0.0,0.0,0.0,0.0
BIOMD0000000241.txt,0,0,0,0,0,0,0,0,0,0,0,0.0,0.0,0.0,0.0,0.0,0.0,True,0,0,0,0,0,0,-1.0,-1.0,0.0,0.0
BIOMD0000000242.txt,6,12,9,36,84,8,8,3,3,3,3,0.2222222222222222,0.2222222222222222,0.08333333333333333,0.3333333333333333,0.3333333333333333,0.3333333333333333,True,0,0,0,0,0,0,0.0,0.0,0.0,0.0
BIOMD0000000243.txt,23,23,23,253,1771,65,65,57,13,13,13,0.25691699604743085,0.25691699604743085,0.22529644268774704,0.5652173913043478,0.5652173913043478,0.5652173913043478,True,0,0,0,0,0,0,0.0,0.0,0.01,0.05
BIOMD0000000245.txt,11,20,16,120,560,33,33,10,7,7,7,0.275,0.275,0.08333333333333333,0.4375,0.4375,0.4375,True,26,26,6,4,4,4,0.04642857142857143,0.010714285714285714,0.01,0.02
BIOMD0000000246.txt,20,41,16,120,560,4,4,1,1,1,1,0.03333333333333333,0.03333333333333333,0.008333333333333333,0.0625,0.0625,0.0625,True,0,0,0,0,0,0,0.0,0.0,0.02,0.01
BIOMD0000000247.txt,31,25,23,253,1771,35,35,6,6,5,5,0.1383399209486166,0.1383399209486166,0.023715415019762844,0.2608695652173913,0.21739130434782608,0.21739130434782608,True,0,0,0,0,0,0,0.0,0.0,0.02,0.04
BIOMD0000000248.txt,9,5,5,10,10,0,0,0,0,0,0,0.0,0.0,0.0,0.0,0.0,0.0,True,0,0,0,0,0,0,0.0,0.0,0.0,0.0
BIOMD0000000249.txt,9,20,13,78,286,7,7,2,2,2,2,0.08974358974358974,0.08974358974358974,0.02564102564102564,0.15384615384615385,0.15384615384615385,0.15384615384615385,True,6,6,4,4,4,4,0.02097902097902098,0.013986013986013986,0.01,0.01
BIOMD0000000251.txt,10,9,6,15,20,4,4,2,2,2,2,0.26666666666666666,0.26666666666666666,0.13333333333333333,0.3333333333333333,0.3333333333333333,0.3333333333333333,True,0,0,0,0,0,0,0.0,0.0,0.0,0.0
BIOMD0000000252.txt,0,0,0,0,0,0,0,0,0,0,0,0.0,0.0,0.0,0.0,0.0,0.0,True,0,0,0,0,0,0,-1.0,-1.0,0.0,0.0
BIOMD0000000253.txt,6,4,4,6,4,0,0,0,0,0,0,0.0,0.0,0.0,0.0,0.0,0.0,True,0,0,0,0,0,0,0.0,0.0,0.0,0.0
BIOMD0000000254.txt,0,0,0,0,0,0,0,0,0,0,0,0.0,0.0,0.0,0.0,0.0,0.0,True,0,0,0,0,0,0,-1.0,-1.0,0.0,0.0
BIOMD0000000256.txt,27,56,34,561,5984,151,151,14,11,11,11,0.26916221033868093,0.26916221033868093,0.024955436720142603,0.3235294117647059,0.3235294117647059,0.3235294117647059,True,0,0,0,0,0,0,0.0,0.0,0.05,0.12
BIOMD0000000257.txt,11,11,11,55,165,17,17,4,3,3,3,0.3090909090909091,0.3090909090909091,0.07272727272727272,0.2727272727272727,0.2727272727272727,0.2727272727272727,True,0,0,0,0,0,0,0.0,0.0,0.0,0.0
BIOMD0000000258.txt,3,4,1,0,0,0,0,0,0,0,0,0.0,0.0,0.0,0.0,0.0,0.0,True,0,0,0,0,0,0,-1.0,-1.0,0.0,0.0
BIOMD0000000259.txt,17,29,4,6,4,0,0,0,0,0,0,0.0,0.0,0.0,0.0,0.0,0.0,True,0,0,0,0,0,0,0.0,0.0,0.01,0.0
BIOMD0000000260.txt,17,29,4,6,4,0,0,0,0,0,0,0.0,0.0,0.0,0.0,0.0,0.0,True,0,0,0,0,0,0,0.0,0.0,0.01,0.0
BIOMD0000000261.txt,17,29,4,6,4,0,0,0,0,0,0,0.0,0.0,0.0,0.0,0.0,0.0,True,0,0,0,0,0,0,0.0,0.0,0.01,0.0
BIOMD0000000262.txt,11,11,9,36,84,8,8,2,2,2,2,0.2222222222222222,0.2222222222222222,0.05555555555555555,0.2222222222222222,0.2222222222222222,0.2222222222222222,True,0,0,0,0,0,0,0.0,0.0,0.0,0.0
BIOMD0000000263.txt,11,11,9,36,84,8,8,2,2,2,2,0.2222222222222222,0.2222222222222222,0.05555555555555555,0.2222222222222222,0.2222222222222222,0.2222222222222222,True,0,0,0,0,0,0,0.0,0.0,0.0,0.0
BIOMD0000000264.txt,14,15,13,78,286,19,19,6,6,6,6,0.24358974358974358,0.24358974358974358,0.07692307692307693,0.46153846153846156,0.46153846153846156,0.46153846153846156,True,0,0,0,0,0,0,0.0,0.0,0.0,0.0
BIOMD0000000265.txt,23,52,18,153,816,50,50,11,9,9,9,0.32679738562091504,0.32679738562091504,0.0718954248366013,0.5,0.5,0.5,True,26,26,2,3,2,2,0.031862745098039214,0.0024509803921568627,0.05,0.02
BIOMD0000000266.txt,0,0,0,0,0,0,0,0,0,0,0,0.0,0.0,0.0,0.0,0.0,0.0,True,0,0,0,0,0,0,-1.0,-1.0,0.0,0.0
BIOMD0000000267.txt,4,3,3,3,1,0,0,0,0,0,0,0.0,0.0,0.0,0.0,0.0,0.0,True,0,0,0,0,0,0,0.0,0.0,0.0,0.0
BIOMD0000000268.txt,43,61,42,861,11480,191,191,29,16,16,16,0.2218350754936121,0.2218350754936121,0.03368176538908246,0.38095238095238093,0.38095238095238093,0.38095238095238093,True,40,40,2,1,1,1,0.003484320557491289,0.00017421602787456446,0.04,0.35
BIOMD0000000269.txt,15,22,17,136,680,45,45,8,6,6,6,0.33088235294117646,0.33088235294117646,0.058823529411764705,0.35294117647058826,0.35294117647058826,0.35294117647058826,True,18,18,1,1,1,1,0.026470588235294117,0.0014705882352941176,0.01,0.01
BIOMD0000000270.txt,33,42,35,595,6545,135,135,18,13,13,13,0.226890756302521,0.226890756302521,0.030252100840336135,0.37142857142857144,0.37142857142857144,0.37142857142857144,True,0,0,0,0,0,0,0.0,0.0,0.03,0.15
BIOMD0000000271.txt,6,8,2,1,0,0,0,0,0,0,0,0.0,0.0,0.0,0.0,0.0,0.0,True,0,0,0,0,0,0,-1.0,-1.0,0.0,0.0
BIOMD0000000272.txt,6,8,2,1,0,0,0,0,0,0,0,0.0,0.0,0.0,0.0,0.0,0.0,True,0,0,0,0,0,0,-1.0,-1.0,0.0,0.0
BIOMD0000000273.txt,19,38,23,253,1771,37,37,6,5,5,5,0.14624505928853754,0.14624505928853754,0.023715415019762844,0.21739130434782608,0.21739130434782608,0.21739130434782608,True,8,8,1,1,1,1,0.004517221908526256,0.000564652738565782,0.03,0.03
BIOMD0000000274.txt,0,0,0,0,0,0,0,0,0,0,0,0.0,0.0,0.0,0.0,0.0,0.0,True,0,0,0,0,0,0,-1.0,-1.0,0.0,0.0
BIOMD0000000275.txt,5,9,5,10,10,0,0,0,0,0,0,0.0,0.0,0.0,0.0,0.0,0.0,True,0,0,0,0,0,0,0.0,0.0,0.0,0.0
BIOMD0000000276.txt,0,0,0,0,0,0,0,0,0,0,0,0.0,0.0,0.0,0.0,0.0,0.0,True,0,0,0,0,0,0,-1.0,-1.0,0.0,0.0
BIOMD0000000277.txt,0,0,0,0,0,0,0,0,0,0,0,0.0,0.0,0.0,0.0,0.0,0.0,True,0,0,0,0,0,0,-1.0,-1.0,0.0,0.0
BIOMD0000000278.txt,0,0,0,0,0,0,0,0,0,0,0,0.0,0.0,0.0,0.0,0.0,0.0,True,0,0,0,0,0,0,-1.0,-1.0,0.0,0.0
BIOMD0000000279.txt,0,0,0,0,0,0,0,0,0,0,0,0.0,0.0,0.0,0.0,0.0,0.0,True,0,0,0,0,0,0,-1.0,-1.0,0.0,0.0
BIOMD0000000280.txt,0,0,0,0,0,0,0,0,0,0,0,0.0,0.0,0.0,0.0,0.0,0.0,True,0,0,0,0,0,0,-1.0,-1.0,0.0,0.0
BIOMD0000000281.txt,32,22,20,190,1140,57,57,42,15,15,15,0.3,0.3,0.22105263157894736,0.75,0.75,0.75,True,0,0,0,0,0,0,0.0,0.0,0.01,0.03
BIOMD0000000282.txt,6,3,2,1,0,0,0,0,0,0,0,0.0,0.0,0.0,0.0,0.0,0.0,True,0,0,0,0,0,0,-1.0,-1.0,0.0,0.0
BIOMD0000000283.txt,4,2,2,1,0,0,0,0,0,0,0,0.0,0.0,0.0,0.0,0.0,0.0,True,0,0,0,0,0,0,-1.0,-1.0,0.0,0.0
BIOMD0000000284.txt,9,8,8,28,56,12,12,4,2,2,2,0.42857142857142855,0.42857142857142855,0.14285714285714285,0.25,0.25,0.25,True,0,0,0,0,0,0,0.0,0.0,0.0,0.0
BIOMD0000000285.txt,27,72,14,91,364,34,34,10,8,6,6,0.37362637362637363,0.37362637362637363,0.10989010989010989,0.5714285714285714,0.42857142857142855,0.42857142857142855,True,0,0,0,0,0,0,0.0,0.0,0.1,0.01
BIOMD0000000287.txt,22,37,22,231,1540,45,45,4,4,4,4,0.19480519480519481,0.19480519480519481,0.017316017316017316,0.18181818181818182,0.18181818181818182,0.18181818181818182,True,0,0,0,0,0,0,0.0,0.0,0.01,0.02
BIOMD0000000289.txt,5,12,5,10,10,0,0,0,0,0,0,0.0,0.0,0.0,0.0,0.0,0.0,True,0,0,0,0,0,0,0.0,0.0,0.0,0.0
BIOMD0000000290.txt,5,12,5,10,10,0,0,0,0,0,0,0.0,0.0,0.0,0.0,0.0,0.0,True,0,0,0,0,0,0,0.0,0.0,0.0,0.0
BIOMD0000000291.txt,0,0,0,0,0,0,0,0,0,0,0,0.0,0.0,0.0,0.0,0.0,0.0,True,0,0,0,0,0,0,-1.0,-1.0,0.0,0.0
BIOMD0000000292.txt,6,4,4,6,4,2,2,1,2,1,1,0.3333333333333333,0.3333333333333333,0.16666666666666666,0.5,0.25,0.25,True,0,0,0,0,0,0,0.0,0.0,0.0,0.0
BIOMD0000000294.txt,11,26,15,105,455,11,11,4,3,3,3,0.10476190476190476,0.10476190476190476,0.0380952380952381,0.2,0.2,0.2,True,10,10,4,3,3,3,0.02197802197802198,0.008791208791208791,0.0,0.01
BIOMD0000000295.txt,5,8,3,3,1,1,1,1,1,1,1,0.3333333333333333,0.3333333333333333,0.3333333333333333,0.3333333333333333,0.3333333333333333,0.3333333333333333,True,0,0,0,0,0,0,0.0,0.0,0.0,0.0
BIOMD0000000296.txt,6,8,5,10,10,0,0,0,0,0,0,0.0,0.0,0.0,0.0,0.0,0.0,True,0,0,0,0,0,0,0.0,0.0,0.0,0.0
BIOMD0000000297.txt,19,51,11,55,165,3,3,2,2,2,2,0.05454545454545454,0.05454545454545454,0.03636363636363636,0.18181818181818182,0.18181818181818182,0.18181818181818182,True,0,0,0,0,0,0,0.0,0.0,0.03,0.0
BIOMD0000000298.txt,0,0,0,0,0,0,0,0,0,0,0,0.0,0.0,0.0,0.0,0.0,0.0,True,0,0,0,0,0,0,-1.0,-1.0,0.0,0.0
BIOMD0000000299.txt,0,0,0,0,0,0,0,0,0,0,0,0.0,0.0,0.0,0.0,0.0,0.0,True,0,0,0,0,0,0,-1.0,-1.0,0.0,0.0
BIOMD0000000300.txt,9,10,4,6,4,0,0,0,0,0,0,0.0,0.0,0.0,0.0,0.0,0.0,True,0,0,0,0,0,0,0.0,0.0,0.0,0.0
BIOMD0000000301.txt,8,15,8,28,56,0,0,0,0,0,0,0.0,0.0,0.0,0.0,0.0,0.0,True,0,0,0,0,0,0,0.0,0.0,0.01,0.0
BIOMD0000000302.txt,0,0,0,0,0,0,0,0,0,0,0,0.0,0.0,0.0,0.0,0.0,0.0,True,0,0,0,0,0,0,-1.0,-1.0,0.0,0.0
BIOMD0000000304.txt,0,0,0,0,0,0,0,0,0,0,0,0.0,0.0,0.0,0.0,0.0,0.0,True,0,0,0,0,0,0,-1.0,-1.0,0.0,0.0
BIOMD0000000305.txt,9,4,2,1,0,0,0,0,0,0,0,0.0,0.0,0.0,0.0,0.0,0.0,True,0,0,0,0,0,0,-1.0,-1.0,0.0,0.0
BIOMD0000000306.txt,5,8,4,6,4,0,0,0,0,0,0,0.0,0.0,0.0,0.0,0.0,0.0,True,0,0,0,0,0,0,0.0,0.0,0.0,0.0
BIOMD0000000307.txt,5,5,5,10,10,3,3,2,2,2,2,0.3,0.3,0.2,0.4,0.4,0.4,True,0,0,0,0,0,0,0.0,0.0,0.0,0.0
BIOMD0000000308.txt,6,6,6,15,20,9,9,5,3,3,3,0.6,0.6,0.3333333333333333,0.5,0.5,0.5,True,0,0,0,0,0,0,0.0,0.0,0.0,0.0
BIOMD0000000309.txt,4,4,2,1,0,0,0,0,0,0,0,0.0,0.0,0.0,0.0,0.0,0.0,True,0,0,0,0,0,0,-1.0,-1.0,0.0,0.0
BIOMD0000000310.txt,4,6,3,3,1,0,0,0,0,0,0,0.0,0.0,0.0,0.0,0.0,0.0,True,0,0,0,0,0,0,0.0,0.0,0.0,0.0
BIOMD0000000311.txt,4,5,3,3,1,0,0,0,0,0,0,0.0,0.0,0.0,0.0,0.0,0.0,True,0,0,0,0,0,0,0.0,0.0,0.0,0.0
BIOMD0000000312.txt,3,4,3,3,1,0,0,0,0,0,0,0.0,0.0,0.0,0.0,0.0,0.0,True,0,0,0,0,0,0,0.0,0.0,0.0,0.0
BIOMD0000000313.txt,16,16,14,91,364,12,12,10,6,6,6,0.13186813186813187,0.13186813186813187,0.10989010989010989,0.42857142857142855,0.42857142857142855,0.42857142857142855,True,15,15,3,2,2,2,0.04120879120879121,0.008241758241758242,0.0,0.01
BIOMD0000000314.txt,12,12,11,55,165,13,13,11,6,6,6,0.23636363636363636,0.23636363636363636,0.2,0.5454545454545454,0.5454545454545454,0.5454545454545454,True,0,0,0,0,0,0,0.0,0.0,0.0,0.0
BIOMD0000000315.txt,20,27,12,66,220,15,15,4,6,3,3,0.22727272727272727,0.22727272727272727,0.06060606060606061,0.5,0.25,0.25,True,0,0,0,0,0,0,0.0,0.0,0.01,0.0
BIOMD0000000316.txt,3,4,3,3,1,0,0,0,0,0,0,0.0,0.0,0.0,0.0,0.0,0.0,True,0,0,0,0,0,0,0.0,0.0,0.0,0.0
BIOMD0000000317.txt,4,6,4,6,4,0,0,0,0,0,0,0.0,0.0,0.0,0.0,0.0,0.0,True,0,0,0,0,0,0,0.0,0.0,0.0,0.0
BIOMD0000000318.txt,7,17,1,0,0,0,0,0,0,0,0,0.0,0.0,0.0,0.0,0.0,0.0,True,0,0,0,0,0,0,-1.0,-1.0,0.01,0.0
BIOMD0000000319.txt,3,4,1,0,0,0,0,0,0,0,0,0.0,0.0,0.0,0.0,0.0,0.0,True,0,0,0,0,0,0,-1.0,-1.0,0.0,0.0
BIOMD0000000320.txt,9,14,7,21,35,0,0,0,0,0,0,0.0,0.0,0.0,0.0,0.0,0.0,True,0,0,0,0,0,0,0.0,0.0,0.0,0.0
BIOMD0000000321.txt,3,6,3,3,1,0,0,0,0,0,0,0.0,0.0,0.0,0.0,0.0,0.0,True,0,0,0,0,0,0,0.0,0.0,0.0,0.0
BIOMD0000000322.txt,4,9,1,0,0,0,0,0,0,0,0,0.0,0.0,0.0,0.0,0.0,0.0,True,0,0,0,0,0,0,-1.0,-1.0,0.0,0.0
BIOMD0000000323.txt,3,6,1,0,0,0,0,0,0,0,0,0.0,0.0,0.0,0.0,0.0,0.0,True,0,0,0,0,0,0,-1.0,-1.0,0.0,0.0
BIOMD0000000324.txt,0,0,0,0,0,0,0,0,0,0,0,0.0,0.0,0.0,0.0,0.0,0.0,True,0,0,0,0,0,0,-1.0,-1.0,0.0,0.0
BIOMD0000000325.txt,6,10,6,15,20,4,4,1,1,1,1,0.26666666666666666,0.26666666666666666,0.06666666666666667,0.16666666666666666,0.16666666666666666,0.16666666666666666,True,0,0,0,0,0,0,0.0,0.0,0.0,0.0
BIOMD0000000326.txt,71,91,42,861,11480,364,364,50,19,19,19,0.42276422764227645,0.42276422764227645,0.05807200929152149,0.4523809523809524,0.4523809523809524,0.4523809523809524,True,0,0,0,0,0,0,0.0,0.0,0.3,0.7
BIOMD0000000327.txt,8,11,4,6,4,1,1,1,1,1,1,0.16666666666666666,0.16666666666666666,0.16666666666666666,0.25,0.25,0.25,True,0,0,0,0,0,0,0.0,0.0,0.0,0.0
BIOMD0000000328.txt,18,29,5,10,10,0,0,0,0,0,0,0.0,0.0,0.0,0.0,0.0,0.0,True,0,0,0,0,0,0,0.0,0.0,0.01,0.0
BIOMD0000000329.txt,3,8,1,0,0,0,0,0,0,0,0,0.0,0.0,0.0,0.0,0.0,0.0,True,0,0,0,0,0,0,-1.0,-1.0,0.0,0.0
BIOMD0000000330.txt,0,0,0,0,0,0,0,0,0,0,0,0.0,0.0,0.0,0.0,0.0,0.0,True,0,0,0,0,0,0,-1.0,-1.0,0.0,0.0
BIOMD0000000331.txt,0,0,0,0,0,0,0,0,0,0,0,0.0,0.0,0.0,0.0,0.0,0.0,True,0,0,0,0,0,0,-1.0,-1.0,0.0,0.0
BIOMD0000000335.txt,34,31,29,406,3654,195,195,156,21,21,21,0.4802955665024631,0.4802955665024631,0.3842364532019704,0.7241379310344828,0.7241379310344828,0.7241379310344828,True,0,0,0,0,0,0,0.0,0.0,0.01,0.1
BIOMD0000000336.txt,18,20,20,190,1140,89,89,52,14,13,13,0.46842105263157896,0.46842105263157896,0.2736842105263158,0.7,0.65,0.65,True,0,0,0,0,0,0,0.0,0.0,0.01,0.03
BIOMD0000000337.txt,3,5,1,0,0,0,0,0,0,0,0,0.0,0.0,0.0,0.0,0.0,0.0,True,0,0,0,0,0,0,-1.0,-1.0,0.0,0.0
BIOMD0000000338.txt,52,115,68,2278,50116,499,499,30,30,30,30,0.21905179982440737,0.21905179982440737,0.013169446883230905,0.4411764705882353,0.4411764705882353,0.4411764705882353,True,0,0,0,0,0,0,0.0,0.0,0.14,2.54
BIOMD0000000339.txt,52,115,68,2278,50116,499,499,30,30,30,30,0.21905179982440737,0.21905179982440737,0.013169446883230905,0.4411764705882353,0.4411764705882353,0.4411764705882353,True,0,0,0,0,0,0,0.0,0.0,0.18,2.34
BIOMD0000000340.txt,52,116,64,2016,41664,411,411,27,27,27,27,0.20386904761904762,0.20386904761904762,0.013392857142857142,0.421875,0.421875,0.421875,True,0,0,0,0,0,0,0.0,0.0,0.12,2.03
BIOMD0000000341.txt,0,0,0,0,0,0,0,0,0,0,0,0.0,0.0,0.0,0.0,0.0,0.0,True,0,0,0,0,0,0,-1.0,-1.0,0.0,0.0
BIOMD0000000342.txt,21,29,13,78,286,15,15,4,3,3,3,0.19230769230769232,0.19230769230769232,0.05128205128205128,0.23076923076923078,0.23076923076923078,0.23076923076923078,True,1,1,1,1,1,1,0.0034965034965034965,0.0034965034965034965,0.01,0.0
BIOMD0000000343.txt,0,0,0,0,0,0,0,0,0,0,0,0.0,0.0,0.0,0.0,0.0,0.0,True,0,0,0,0,0,0,-1.0,-1.0,0.0,0.0
BIOMD0000000345.txt,0,0,0,0,0,0,0,0,0,0,0,0.0,0.0,0.0,0.0,0.0,0.0,True,0,0,0,0,0,0,-1.0,-1.0,0.0,0.0
BIOMD0000000346.txt,0,0,0,0,0,0,0,0,0,0,0,0.0,0.0,0.0,0.0,0.0,0.0,True,0,0,0,0,0,0,-1.0,-1.0,0.0,0.0
BIOMD0000000347.txt,26,36,28,378,3276,45,45,12,8,8,8,0.11904761904761904,0.11904761904761904,0.031746031746031744,0.2857142857142857,0.2857142857142857,0.2857142857142857,True,36,36,5,3,3,3,0.01098901098901099,0.0015262515262515263,0.02,0.06
BIOMD0000000348.txt,0,0,0,0,0,0,0,0,0,0,0,0.0,0.0,0.0,0.0,0.0,0.0,True,0,0,0,0,0,0,-1.0,-1.0,0.0,0.0
BIOMD0000000349.txt,0,0,0,0,0,0,0,0,0,0,0,0.0,0.0,0.0,0.0,0.0,0.0,True,0,0,0,0,0,0,-1.0,-1.0,0.0,0.0
BIOMD0000000350.txt,14,30,9,36,84,0,0,0,0,0,0,0.0,0.0,0.0,0.0,0.0,0.0,True,0,0,0,0,0,0,0.0,0.0,0.01,0.0
BIOMD0000000351.txt,6,12,6,15,20,2,2,1,1,1,1,0.13333333333333333,0.13333333333333333,0.06666666666666667,0.16666666666666666,0.16666666666666666,0.16666666666666666,True,0,0,0,0,0,0,0.0,0.0,0.0,0.0
BIOMD0000000352.txt,6,12,6,15,20,2,2,1,1,1,1,0.13333333333333333,0.13333333333333333,0.06666666666666667,0.16666666666666666,0.16666666666666666,0.16666666666666666,True,0,0,0,0,0,0,0.0,0.0,0.0,0.0
BIOMD0000000354.txt,5,11,3,3,1,0,0,0,0,0,0,0.0,0.0,0.0,0.0,0.0,0.0,True,0,0,0,0,0,0,0.0,0.0,0.0,0.0
BIOMD0000000355.txt,8,17,8,28,56,3,3,2,1,1,1,0.10714285714285714,0.10714285714285714,0.07142857142857142,0.125,0.125,0.125,True,1,1,1,1,1,1,0.017857142857142856,0.017857142857142856,0.0,0.0
BIOMD0000000356.txt,32,64,21,210,1330,48,48,8,8,7,7,0.22857142857142856,0.22857142857142856,0.0380952380952381,0.38095238095238093,0.3333333333333333,0.3333333333333333,True,9,9,1,1,1,1,0.006766917293233083,0.0007518796992481203,0.03,0.03
BIOMD0000000357.txt,9,8,7,21,35,0,0,0,0,0,0,0.0,0.0,0.0,0.0,0.0,0.0,True,0,0,0,0,0,0,0.0,0.0,0.0,0.0
BIOMD0000000358.txt,12,8,7,21,35,4,4,2,2,2,2,0.19047619047619047,0.19047619047619047,0.09523809523809523,0.2857142857142857,0.2857142857142857,0.2857142857142857,True,0,0,0,0,0,0,0.0,0.0,0.0,0.0
BIOMD0000000359.txt,9,8,8,28,56,8,8,3,3,2,2,0.2857142857142857,0.2857142857142857,0.10714285714285714,0.375,0.25,0.25,True,0,0,0,0,0,0,0.0,0.0,0.0,0.0
BIOMD0000000360.txt,9,8,7,21,35,3,3,1,2,1,1,0.14285714285714285,0.14285714285714285,0.047619047619047616,0.2857142857142857,0.14285714285714285,0.14285714285714285,True,0,0,0,0,0,0,0.0,0.0,0.0,0.0
BIOMD0000000361.txt,8,5,5,10,10,3,3,1,1,1,1,0.3,0.3,0.1,0.2,0.2,0.2,True,0,0,0,0,0,0,0.0,0.0,0.0,0.0
BIOMD0000000362.txt,34,33,31,465,4495,237,237,174,24,24,24,0.5096774193548387,0.5096774193548387,0.3741935483870968,0.7741935483870968,0.7741935483870968,0.7741935483870968,True,0,0,0,0,0,0,0.0,0.0,0.01,0.16
BIOMD0000000363.txt,4,4,3,3,1,0,0,0,0,0,0,0.0,0.0,0.0,0.0,0.0,0.0,True,0,0,0,0,0,0,0.0,0.0,0.0,0.0
BIOMD0000000364.txt,13,16,13,78,286,16,16,8,4,2,2,0.20512820512820512,0.20512820512820512,0.10256410256410256,0.3076923076923077,0.15384615384615385,0.15384615384615385,True,0,0,0,0,0,0,0.0,0.0,0.0,0.0
BIOMD0000000365.txt,30,33,23,253,1771,56,56,14,9,7,7,0.22134387351778656,0.22134387351778656,0.05533596837944664,0.391304347826087,0.30434782608695654,0.30434782608695654,True,0,0,0,0,0,0,0.0,0.0,0.01,0.03
BIOMD0000000366.txt,12,8,7,21,35,4,4,2,2,2,2,0.19047619047619047,0.19047619047619047,0.09523809523809523,0.2857142857142857,0.2857142857142857,0.2857142857142857,True,0,0,0,0,0,0,0.0,0.0,0.0,0.0
BIOMD0000000367.txt,0,0,0,0,0,0,0,0,0,0,0,0.0,0.0,0.0,0.0,0.0,0.0,True,0,0,0,0,0,0,-1.0,-1.0,0.0,0.0
BIOMD0000000368.txt,0,0,0,0,0,0,0,0,0,0,0,0.0,0.0,0.0,0.0,0.0,0.0,True,0,0,0,0,0,0,-1.0,-1.0,0.0,0.0
BIOMD0000000369.txt,0,0,0,0,0,0,0,0,0,0,0,0.0,0.0,0.0,0.0,0.0,0.0,True,0,0,0,0,0,0,-1.0,-1.0,0.0,0.0
BIOMD0000000370.txt,0,0,0,0,0,0,0,0,0,0,0,0.0,0.0,0.0,0.0,0.0,0.0,True,0,0,0,0,0,0,-1.0,-1.0,0.0,0.0
BIOMD0000000371.txt,0,0,0,0,0,0,0,0,0,0,0,0.0,0.0,0.0,0.0,0.0,0.0,True,0,0,0,0,0,0,-1.0,-1.0,0.0,0.0
BIOMD0000000372.txt,0,0,0,0,0,0,0,0,0,0,0,0.0,0.0,0.0,0.0,0.0,0.0,True,0,0,0,0,0,0,-1.0,-1.0,0.0,0.0
BIOMD0000000373.txt,0,0,0,0,0,0,0,0,0,0,0,0.0,0.0,0.0,0.0,0.0,0.0,True,0,0,0,0,0,0,-1.0,-1.0,0.0,0.0
BIOMD0000000374.txt,0,0,0,0,0,0,0,0,0,0,0,0.0,0.0,0.0,0.0,0.0,0.0,True,0,0,0,0,0,0,-1.0,-1.0,0.0,0.0
BIOMD0000000375.txt,0,0,0,0,0,0,0,0,0,0,0,0.0,0.0,0.0,0.0,0.0,0.0,True,0,0,0,0,0,0,-1.0,-1.0,0.0,0.0
BIOMD0000000376.txt,0,0,0,0,0,0,0,0,0,0,0,0.0,0.0,0.0,0.0,0.0,0.0,True,0,0,0,0,0,0,-1.0,-1.0,0.0,0.0
BIOMD0000000377.txt,0,0,0,0,0,0,0,0,0,0,0,0.0,0.0,0.0,0.0,0.0,0.0,True,0,0,0,0,0,0,-1.0,-1.0,0.0,0.0
BIOMD0000000378.txt,0,0,0,0,0,0,0,0,0,0,0,0.0,0.0,0.0,0.0,0.0,0.0,True,0,0,0,0,0,0,-1.0,-1.0,0.0,0.0
BIOMD0000000379.txt,0,0,0,0,0,0,0,0,0,0,0,0.0,0.0,0.0,0.0,0.0,0.0,True,0,0,0,0,0,0,-1.0,-1.0,0.0,0.0
BIOMD0000000380.txt,16,8,7,21,35,4,4,3,2,2,2,0.19047619047619047,0.19047619047619047,0.14285714285714285,0.2857142857142857,0.2857142857142857,0.2857142857142857,True,0,0,0,0,0,0,0.0,0.0,0.0,0.0
BIOMD0000000381.txt,0,0,0,0,0,0,0,0,0,0,0,0.0,0.0,0.0,0.0,0.0,0.0,True,0,0,0,0,0,0,-1.0,-1.0,0.0,0.0
BIOMD0000000382.txt,0,0,0,0,0,0,0,0,0,0,0,0.0,0.0,0.0,0.0,0.0,0.0,True,0,0,0,0,0,0,-1.0,-1.0,0.0,0.0
BIOMD0000000383.txt,6,4,3,3,1,0,0,0,0,0,0,0.0,0.0,0.0,0.0,0.0,0.0,True,0,0,0,0,0,0,0.0,0.0,0.0,0.0
BIOMD0000000384.txt,6,4,4,6,4,0,0,0,0,0,0,0.0,0.0,0.0,0.0,0.0,0.0,True,0,0,0,0,0,0,0.0,0.0,0.0,0.0
BIOMD0000000385.txt,6,4,3,3,1,0,0,0,0,0,0,0.0,0.0,0.0,0.0,0.0,0.0,True,0,0,0,0,0,0,0.0,0.0,0.0,0.0
BIOMD0000000386.txt,6,4,3,3,1,0,0,0,0,0,0,0.0,0.0,0.0,0.0,0.0,0.0,True,0,0,0,0,0,0,0.0,0.0,0.0,0.0
BIOMD0000000387.txt,6,4,3,3,1,0,0,0,0,0,0,0.0,0.0,0.0,0.0,0.0,0.0,True,0,0,0,0,0,0,0.0,0.0,0.0,0.0
BIOMD0000000388.txt,8,7,5,10,10,0,0,0,0,0,0,0.0,0.0,0.0,0.0,0.0,0.0,True,0,0,0,0,0,0,0.0,0.0,0.0,0.0
BIOMD0000000389.txt,22,18,14,91,364,23,23,8,6,5,5,0.25274725274725274,0.25274725274725274,0.08791208791208792,0.42857142857142855,0.35714285714285715,0.35714285714285715,True,0,0,0,0,0,0,0.0,0.0,0.01,0.0
BIOMD0000000390.txt,11,6,6,15,20,4,4,2,2,2,2,0.26666666666666666,0.26666666666666666,0.13333333333333333,0.3333333333333333,0.3333333333333333,0.3333333333333333,True,0,0,0,0,0,0,0.0,0.0,0.0,0.0
BIOMD0000000391.txt,22,21,18,153,816,53,53,24,8,8,8,0.3464052287581699,0.3464052287581699,0.1568627450980392,0.4444444444444444,0.4444444444444444,0.4444444444444444,True,39,39,18,4,4,4,0.04779411764705882,0.022058823529411766,0.01,0.03
BIOMD0000000392.txt,47,27,25,300,2300,35,35,24,11,11,11,0.11666666666666667,0.11666666666666667,0.08,0.44,0.44,0.44,True,42,42,14,2,2,2,0.018260869565217393,0.00608695652173913,0.01,0.07
BIOMD0000000393.txt,53,36,32,496,4960,55,55,35,15,15,15,0.11088709677419355,0.11088709677419355,0.07056451612903226,0.46875,0.46875,0.46875,True,57,57,30,7,7,7,0.011491935483870968,0.006048387096774193,0.02,0.22
BIOMD0000000394.txt,23,10,10,45,120,4,4,4,2,2,2,0.08888888888888889,0.08888888888888889,0.08888888888888889,0.2,0.2,0.2,True,0,0,0,0,0,0,0.0,0.0,0.0,0.0
BIOMD0000000395.txt,22,12,12,66,220,8,8,7,3,3,3,0.12121212121212122,0.12121212121212122,0.10606060606060606,0.25,0.25,0.25,True,0,0,0,0,0,0,0.0,0.0,0.0,0.0
BIOMD0000000396.txt,36,16,16,120,560,9,9,9,6,6,6,0.075,0.075,0.075,0.375,0.375,0.375,True,0,0,0,0,0,0,0.0,0.0,0.0,0.01
BIOMD0000000398.txt,27,12,12,66,220,1,1,1,1,1,1,0.015151515151515152,0.015151515151515152,0.015151515151515152,0.08333333333333333,0.08333333333333333,0.08333333333333333,True,0,0,0,0,0,0,0.0,0.0,0.0,0.0
BIOMD0000000400.txt,0,0,0,0,0,0,0,0,0,0,0,0.0,0.0,0.0,0.0,0.0,0.0,True,0,0,0,0,0,0,-1.0,-1.0,0.0,0.0
BIOMD0000000401.txt,0,0,0,0,0,0,0,0,0,0,0,0.0,0.0,0.0,0.0,0.0,0.0,True,0,0,0,0,0,0,-1.0,-1.0,0.0,0.0
BIOMD0000000402.txt,0,0,0,0,0,0,0,0,0,0,0,0.0,0.0,0.0,0.0,0.0,0.0,True,0,0,0,0,0,0,-1.0,-1.0,0.0,0.0
BIOMD0000000403.txt,0,0,0,0,0,0,0,0,0,0,0,0.0,0.0,0.0,0.0,0.0,0.0,True,0,0,0,0,0,0,-1.0,-1.0,0.0,0.0
BIOMD0000000404.txt,28,35,34,561,5984,316,316,114,25,25,25,0.5632798573975044,0.5632798573975044,0.20320855614973263,0.7352941176470589,0.7352941176470589,0.7352941176470589,True,0,0,0,0,0,0,0.0,0.0,0.01,0.21
BIOMD0000000405.txt,5,8,2,1,0,0,0,0,0,0,0,0.0,0.0,0.0,0.0,0.0,0.0,True,0,0,0,0,0,0,-1.0,-1.0,0.0,0.0
BIOMD0000000406.txt,49,51,51,1275,20825,508,508,362,35,35,35,0.3984313725490196,0.3984313725490196,0.283921568627451,0.6862745098039216,0.6862745098039216,0.6862745098039216,True,228,228,165,6,6,6,0.010948379351740697,0.007923169267707083,0.02,1.08
BIOMD0000000407.txt,47,88,18,153,816,8,8,1,1,1,1,0.05228758169934641,0.05228758169934641,0.006535947712418301,0.05555555555555555,0.05555555555555555,0.05555555555555555,True,0,0,0,0,0,0,0.0,0.0,0.16,0.0
BIOMD0000000408.txt,10,9,9,36,84,5,5,3,3,3,3,0.1388888888888889,0.1388888888888889,0.08333333333333333,0.3333333333333333,0.3333333333333333,0.3333333333333333,True,0,0,0,0,0,0,0.0,0.0,0.01,0.0
BIOMD0000000409.txt,24,31,26,325,2600,91,91,25,14,14,14,0.28,0.28,0.07692307692307693,0.5384615384615384,0.5384615384615384,0.5384615384615384,True,60,60,17,6,6,6,0.023076923076923078,0.006538461538461538,0.01,0.11
BIOMD0000000410.txt,53,91,23,253,1771,22,22,5,5,5,5,0.08695652173913043,0.08695652173913043,0.019762845849802372,0.21739130434782608,0.21739130434782608,0.21739130434782608,True,0,0,0,0,0,0,0.0,0.0,0.26,0.03
BIOMD0000000411.txt,10,13,9,36,84,8,8,1,1,1,1,0.2222222222222222,0.2222222222222222,0.027777777777777776,0.1111111111111111,0.1111111111111111,0.1111111111111111,True,0,0,0,0,0,0,0.0,0.0,0.0,0.0
BIOMD0000000413.txt,5,9,2,1,0,0,0,0,0,0,0,0.0,0.0,0.0,0.0,0.0,0.0,True,0,0,0,0,0,0,-1.0,-1.0,0.0,0.0
BIOMD0000000414.txt,1,3,1,0,0,0,0,0,0,0,0,0.0,0.0,0.0,0.0,0.0,0.0,True,0,0,0,0,0,0,-1.0,-1.0,0.0,0.0
BIOMD0000000415.txt,10,5,3,3,1,0,0,0,0,0,0,0.0,0.0,0.0,0.0,0.0,0.0,True,0,0,0,0,0,0,0.0,0.0,0.0,0.0
BIOMD0000000417.txt,1,2,1,0,0,0,0,0,0,0,0,0.0,0.0,0.0,0.0,0.0,0.0,True,0,0,0,0,0,0,-1.0,-1.0,0.0,0.0
BIOMD0000000418.txt,1,2,1,0,0,0,0,0,0,0,0,0.0,0.0,0.0,0.0,0.0,0.0,True,0,0,0,0,0,0,-1.0,-1.0,0.0,0.0
BIOMD0000000419.txt,3,6,1,0,0,0,0,0,0,0,0,0.0,0.0,0.0,0.0,0.0,0.0,True,0,0,0,0,0,0,-1.0,-1.0,0.0,0.0
BIOMD0000000420.txt,2,4,1,0,0,0,0,0,0,0,0,0.0,0.0,0.0,0.0,0.0,0.0,True,0,0,0,0,0,0,-1.0,-1.0,0.0,0.0
BIOMD0000000421.txt,2,4,1,0,0,0,0,0,0,0,0,0.0,0.0,0.0,0.0,0.0,0.0,True,0,0,0,0,0,0,-1.0,-1.0,0.0,0.0
BIOMD0000000423.txt,9,11,7,21,35,7,7,4,3,3,3,0.3333333333333333,0.3333333333333333,0.19047619047619047,0.42857142857142855,0.42857142857142855,0.42857142857142855,True,2,2,1,1,1,1,0.05714285714285714,0.02857142857142857,0.0,0.0
BIOMD0000000425.txt,1,4,1,0,0,0,0,0,0,0,0,0.0,0.0,0.0,0.0,0.0,0.0,True,0,0,0,0,0,0,-1.0,-1.0,0.0,0.0
BIOMD0000000429.txt,15,16,14,91,364,24,24,7,8,6,6,0.26373626373626374,0.26373626373626374,0.07692307692307693,0.5714285714285714,0.42857142857142855,0.42857142857142855,True,4,4,2,2,1,1,0.01098901098901099,0.005494505494505495,0.0,0.01
BIOMD0000000432.txt,11,10,7,21,35,6,6,6,5,3,3,0.2857142857142857,0.2857142857142857,0.2857142857142857,0.7142857142857143,0.42857142857142855,0.42857142857142855,True,3,3,2,2,1,1,0.08571428571428572,0.05714285714285714,0.0,0.0
BIOMD0000000433.txt,11,10,7,21,35,6,6,6,5,3,3,0.2857142857142857,0.2857142857142857,0.2857142857142857,0.7142857142857143,0.42857142857142855,0.42857142857142855,True,3,3,2,2,1,1,0.08571428571428572,0.05714285714285714,0.0,0.0
BIOMD0000000435.txt,4,8,4,6,4,0,0,0,0,0,0,0.0,0.0,0.0,0.0,0.0,0.0,True,1,1,1,1,1,1,0.25,0.25,0.0,0.0
BIOMD0000000436.txt,13,22,16,120,560,8,8,3,3,3,3,0.06666666666666667,0.06666666666666667,0.025,0.1875,0.1875,0.1875,True,0,0,0,0,0,0,0.0,0.0,0.01,0.01
BIOMD0000000438.txt,10,7,7,21,35,0,0,0,0,0,0,0.0,0.0,0.0,0.0,0.0,0.0,True,3,3,1,1,1,1,0.08571428571428572,0.02857142857142857,0.0,0.0
BIOMD0000000440.txt,11,10,6,15,20,6,6,6,3,3,3,0.4,0.4,0.4,0.5,0.5,0.5,True,2,2,2,1,1,1,0.1,0.1,0.0,0.0
BIOMD0000000441.txt,11,10,6,15,20,6,6,6,3,3,3,0.4,0.4,0.4,0.5,0.5,0.5,True,2,2,2,1,1,1,0.1,0.1,0.0,0.0
BIOMD0000000446.txt,27,62,1,0,0,0,0,0,0,0,0,0.0,0.0,0.0,0.0,0.0,0.0,True,0,0,0,0,0,0,-1.0,-1.0,0.09,0.0
BIOMD0000000447.txt,13,32,5,10,10,0,0,0,0,0,0,0.0,0.0,0.0,0.0,0.0,0.0,True,0,0,0,0,0,0,0.0,0.0,0.03,0.0
BIOMD0000000454.txt,8,4,4,6,4,0,0,0,0,0,0,0.0,0.0,0.0,0.0,0.0,0.0,True,0,0,0,0,0,0,0.0,0.0,0.0,0.0
BIOMD0000000455.txt,9,5,5,10,10,0,0,0,0,0,0,0.0,0.0,0.0,0.0,0.0,0.0,True,0,0,0,0,0,0,0.0,0.0,0.0,0.0
BIOMD0000000456.txt,11,6,6,15,20,0,0,0,0,0,0,0.0,0.0,0.0,0.0,0.0,0.0,True,0,0,0,0,0,0,0.0,0.0,0.0,0.0
BIOMD0000000458.txt,7,3,3,3,1,0,0,0,0,0,0,0.0,0.0,0.0,0.0,0.0,0.0,True,0,0,0,0,0,0,0.0,0.0,0.0,0.0
BIOMD0000000459.txt,4,3,3,3,1,0,0,0,0,0,0,0.0,0.0,0.0,0.0,0.0,0.0,True,0,0,0,0,0,0,0.0,0.0,0.0,0.0
BIOMD0000000460.txt,4,3,3,3,1,0,0,0,0,0,0,0.0,0.0,0.0,0.0,0.0,0.0,True,0,0,0,0,0,0,0.0,0.0,0.0,0.0
BIOMD0000000461.txt,4,3,3,3,1,0,0,0,0,0,0,0.0,0.0,0.0,0.0,0.0,0.0,True,0,0,0,0,0,0,0.0,0.0,0.0,0.0
BIOMD0000000462.txt,6,8,4,6,4,2,2,1,1,1,1,0.3333333333333333,0.3333333333333333,0.16666666666666666,0.25,0.25,0.25,True,0,0,0,0,0,0,0.0,0.0,0.0,0.0
BIOMD0000000464.txt,14,10,8,28,56,1,1,1,1,1,1,0.03571428571428571,0.03571428571428571,0.03571428571428571,0.125,0.125,0.125,True,3,3,1,1,1,1,0.05357142857142857,0.017857142857142856,0.0,0.0
BIOMD0000000483.txt,8,8,6,15,20,6,6,4,4,4,4,0.4,0.4,0.26666666666666666,0.6666666666666666,0.6666666666666666,0.6666666666666666,True,0,0,0,0,0,0,0.0,0.0,0.0,0.0
BIOMD0000000484.txt,2,2,1,0,0,0,0,0,0,0,0,0.0,0.0,0.0,0.0,0.0,0.0,True,0,0,0,0,0,0,-1.0,-1.0,0.0,0.0
BIOMD0000000485.txt,2,4,1,0,0,0,0,0,0,0,0,0.0,0.0,0.0,0.0,0.0,0.0,True,0,0,0,0,0,0,-1.0,-1.0,0.0,0.0
BIOMD0000000486.txt,2,2,1,0,0,0,0,0,0,0,0,0.0,0.0,0.0,0.0,0.0,0.0,True,0,0,0,0,0,0,-1.0,-1.0,0.0,0.0
BIOMD0000000487.txt,6,6,2,1,0,0,0,0,0,0,0,0.0,0.0,0.0,0.0,0.0,0.0,True,0,0,0,0,0,0,-1.0,-1.0,0.0,0.0
BIOMD0000000493.txt,3,6,2,1,0,0,0,0,0,0,0,0.0,0.0,0.0,0.0,0.0,0.0,True,0,0,0,0,0,0,-1.0,-1.0,0.0,0.0
BIOMD0000000495.txt,11,17,9,36,84,0,0,0,0,0,0,0.0,0.0,0.0,0.0,0.0,0.0,True,0,0,0,0,0,0,0.0,0.0,0.02,0.0
BIOMD0000000498.txt,21,44,9,36,84,1,1,1,1,1,1,0.027777777777777776,0.027777777777777776,0.027777777777777776,0.1111111111111111,0.1111111111111111,0.1111111111111111,True,0,0,0,0,0,0,0.0,0.0,0.09,0.0
BIOMD0000000499.txt,0,0,0,0,0,0,0,0,0,0,0,0.0,0.0,0.0,0.0,0.0,0.0,True,0,0,0,0,0,0,-1.0,-1.0,0.0,0.0
BIOMD0000000507.txt,2,4,1,0,0,0,0,0,0,0,0,0.0,0.0,0.0,0.0,0.0,0.0,True,0,0,0,0,0,0,-1.0,-1.0,0.0,0.0
BIOMD0000000508.txt,0,0,0,0,0,0,0,0,0,0,0,0.0,0.0,0.0,0.0,0.0,0.0,True,0,0,0,0,0,0,-1.0,-1.0,0.0,0.0
BIOMD0000000509.txt,0,0,0,0,0,0,0,0,0,0,0,0.0,0.0,0.0,0.0,0.0,0.0,True,0,0,0,0,0,0,-1.0,-1.0,0.0,0.0
BIOMD0000000517.txt,4,9,5,10,10,2,2,1,2,1,1,0.2,0.2,0.1,0.4,0.2,0.2,True,0,0,0,0,0,0,0.0,0.0,0.0,0.0
BIOMD0000000518.txt,4,9,5,10,10,2,2,1,2,1,1,0.2,0.2,0.1,0.4,0.2,0.2,True,0,0,0,0,0,0,0.0,0.0,0.0,0.0
BIOMD0000000519.txt,3,7,3,3,1,0,0,0,0,0,0,0.0,0.0,0.0,0.0,0.0,0.0,True,0,0,0,0,0,0,0.0,0.0,0.0,0.0
BIOMD0000000520.txt,3,7,3,3,1,0,0,0,0,0,0,0.0,0.0,0.0,0.0,0.0,0.0,True,0,0,0,0,0,0,0.0,0.0,0.0,0.0
BIOMD0000000521.txt,0,0,0,0,0,0,0,0,0,0,0,0.0,0.0,0.0,0.0,0.0,0.0,True,0,0,0,0,0,0,-1.0,-1.0,0.0,0.0
BIOMD0000000522.txt,0,0,0,0,0,0,0,0,0,0,0,0.0,0.0,0.0,0.0,0.0,0.0,True,0,0,0,0,0,0,-1.0,-1.0,0.0,0.0
BIOMD0000000523.txt,16,13,9,36,84,0,0,0,0,0,0,0.0,0.0,0.0,0.0,0.0,0.0,True,0,0,0,0,0,0,0.0,0.0,0.0,0.0
BIOMD0000000524.txt,16,13,9,36,84,0,0,0,0,0,0,0.0,0.0,0.0,0.0,0.0,0.0,True,0,0,0,0,0,0,0.0,0.0,0.0,0.0
BIOMD0000000525.txt,16,19,10,45,120,3,3,1,1,1,1,0.06666666666666667,0.06666666666666667,0.022222222222222223,0.1,0.1,0.1,True,0,0,0,0,0,0,0.0,0.0,0.01,0.0
BIOMD0000000526.txt,16,19,10,45,120,3,3,1,1,1,1,0.06666666666666667,0.06666666666666667,0.022222222222222223,0.1,0.1,0.1,True,0,0,0,0,0,0,0.0,0.0,0.01,0.0
BIOMD0000000527.txt,0,0,0,0,0,0,0,0,0,0,0,0.0,0.0,0.0,0.0,0.0,0.0,True,0,0,0,0,0,0,-1.0,-1.0,0.0,0.0
BIOMD0000000528.txt,13,12,7,21,35,2,2,1,1,1,1,0.09523809523809523,0.09523809523809523,0.047619047619047616,0.14285714285714285,0.14285714285714285,0.14285714285714285,True,0,0,0,0,0,0,0.0,0.0,0.0,0.0
BIOMD0000000529.txt,13,12,7,21,35,2,2,1,1,1,1,0.09523809523809523,0.09523809523809523,0.047619047619047616,0.14285714285714285,0.14285714285714285,0.14285714285714285,True,0,0,0,0,0,0,0.0,0.0,0.01,0.0
BIOMD0000000530.txt,10,17,10,45,120,13,13,4,3,3,3,0.28888888888888886,0.28888888888888886,0.08888888888888889,0.3,0.3,0.3,True,8,8,1,1,1,1,0.06666666666666667,0.008333333333333333,0.01,0.0
BIOMD0000000531.txt,0,0,0,0,0,0,0,0,0,0,0,0.0,0.0,0.0,0.0,0.0,0.0,True,0,0,0,0,0,0,-1.0,-1.0,0.0,0.0
BIOMD0000000532.txt,0,0,0,0,0,0,0,0,0,0,0,0.0,0.0,0.0,0.0,0.0,0.0,True,0,0,0,0,0,0,-1.0,-1.0,0.0,0.0
BIOMD0000000533.txt,0,0,0,0,0,0,0,0,0,0,0,0.0,0.0,0.0,0.0,0.0,0.0,True,0,0,0,0,0,0,-1.0,-1.0,0.0,0.0
BIOMD0000000538.txt,0,0,0,0,0,0,0,0,0,0,0,0.0,0.0,0.0,0.0,0.0,0.0,True,0,0,0,0,0,0,-1.0,-1.0,0.0,0.0
BIOMD0000000539.txt,6,11,5,10,10,0,0,0,0,0,0,0.0,0.0,0.0,0.0,0.0,0.0,True,0,0,0,0,0,0,0.0,0.0,0.0,0.0
BIOMD0000000540.txt,22,11,11,55,165,0,0,0,0,0,0,0.0,0.0,0.0,0.0,0.0,0.0,True,0,0,0,0,0,0,0.0,0.0,0.0,0.0
BIOMD0000000545.txt,12,10,8,28,56,4,4,3,2,2,2,0.14285714285714285,0.14285714285714285,0.10714285714285714,0.25,0.25,0.25,True,10,10,6,2,2,2,0.17857142857142858,0.10714285714285714,0.0,0.0
BIOMD0000000546.txt,3,5,2,1,0,0,0,0,0,0,0,0.0,0.0,0.0,0.0,0.0,0.0,True,0,0,0,0,0,0,-1.0,-1.0,0.0,0.0
BIOMD0000000547.txt,12,14,10,45,120,11,11,4,3,3,3,0.24444444444444444,0.24444444444444444,0.08888888888888889,0.3,0.3,0.3,True,4,4,1,1,1,1,0.03333333333333333,0.008333333333333333,0.01,0.0
BIOMD0000000548.txt,0,0,0,0,0,0,0,0,0,0,0,0.0,0.0,0.0,0.0,0.0,0.0,True,0,0,0,0,0,0,-1.0,-1.0,0.0,0.0
BIOMD0000000549.txt,0,0,0,0,0,0,0,0,0,0,0,0.0,0.0,0.0,0.0,0.0,0.0,True,0,0,0,0,0,0,-1.0,-1.0,0.0,0.0
BIOMD0000000550.txt,0,0,0,0,0,0,0,0,0,0,0,0.0,0.0,0.0,0.0,0.0,0.0,True,0,0,0,0,0,0,-1.0,-1.0,0.0,0.0
BIOMD0000000551.txt,0,0,0,0,0,0,0,0,0,0,0,0.0,0.0,0.0,0.0,0.0,0.0,True,0,0,0,0,0,0,-1.0,-1.0,0.0,0.0
BIOMD0000000552.txt,2,4,2,1,0,0,0,0,0,0,0,0.0,0.0,0.0,0.0,0.0,0.0,True,0,0,0,0,0,0,-1.0,-1.0,0.0,0.0
BIOMD0000000553.txt,2,4,2,1,0,0,0,0,0,0,0,0.0,0.0,0.0,0.0,0.0,0.0,True,0,0,0,0,0,0,-1.0,-1.0,0.0,0.0
BIOMD0000000554.txt,0,0,0,0,0,0,0,0,0,0,0,0.0,0.0,0.0,0.0,0.0,0.0,True,0,0,0,0,0,0,-1.0,-1.0,0.0,0.0
BIOMD0000000555.txt,0,0,0,0,0,0,0,0,0,0,0,0.0,0.0,0.0,0.0,0.0,0.0,True,0,0,0,0,0,0,-1.0,-1.0,0.0,0.0
BIOMD0000000556.txt,6,8,2,1,0,0,0,0,0,0,0,0.0,0.0,0.0,0.0,0.0,0.0,True,0,0,0,0,0,0,-1.0,-1.0,0.0,0.0
BIOMD0000000558.txt,2,4,1,0,0,0,0,0,0,0,0,0.0,0.0,0.0,0.0,0.0,0.0,True,0,0,0,0,0,0,-1.0,-1.0,0.0,0.0
BIOMD0000000561.txt,0,0,0,0,0,0,0,0,0,0,0,0.0,0.0,0.0,0.0,0.0,0.0,True,0,0,0,0,0,0,-1.0,-1.0,0.0,0.0
BIOMD0000000562.txt,0,0,0,0,0,0,0,0,0,0,0,0.0,0.0,0.0,0.0,0.0,0.0,True,0,0,0,0,0,0,-1.0,-1.0,0.0,0.0
BIOMD0000000566.txt,2,2,1,0,0,0,0,0,0,0,0,0.0,0.0,0.0,0.0,0.0,0.0,True,0,0,0,0,0,0,-1.0,-1.0,0.0,0.0
BIOMD0000000567.txt,2,2,1,0,0,0,0,0,0,0,0,0.0,0.0,0.0,0.0,0.0,0.0,True,0,0,0,0,0,0,-1.0,-1.0,0.0,0.0
BIOMD0000000569.txt,21,62,2,1,0,0,0,0,0,0,0,0.0,0.0,0.0,0.0,0.0,0.0,True,0,0,0,0,0,0,-1.0,-1.0,0.12,0.0
BIOMD0000000573.txt,2,7,1,0,0,0,0,0,0,0,0,0.0,0.0,0.0,0.0,0.0,0.0,True,0,0,0,0,0,0,-1.0,-1.0,0.0,0.0
BIOMD0000000578.txt,76,96,45,990,14190,372,372,20,19,19,19,0.37575757575757573,0.37575757575757573,0.020202020202020204,0.4222222222222222,0.4222222222222222,0.4222222222222222,True,0,0,0,0,0,0,0.0,0.0,0.28,0.83
BIOMD0000000584.txt,14,14,12,66,220,0,0,0,0,0,0,0.0,0.0,0.0,0.0,0.0,0.0,True,0,0,0,0,0,0,0.0,0.0,0.0,0.0
BIOMD0000000585.txt,0,0,0,0,0,0,0,0,0,0,0,0.0,0.0,0.0,0.0,0.0,0.0,True,0,0,0,0,0,0,-1.0,-1.0,0.0,0.0
BIOMD0000000586.txt,10,23,4,6,4,0,0,0,0,0,0,0.0,0.0,0.0,0.0,0.0,0.0,True,0,0,0,0,0,0,0.0,0.0,0.01,0.0
BIOMD0000000587.txt,9,23,3,3,1,0,0,0,0,0,0,0.0,0.0,0.0,0.0,0.0,0.0,True,0,0,0,0,0,0,0.0,0.0,0.01,0.0
BIOMD0000000589.txt,0,0,0,0,0,0,0,0,0,0,0,0.0,0.0,0.0,0.0,0.0,0.0,True,0,0,0,0,0,0,-1.0,-1.0,0.0,0.0
BIOMD0000000590.txt,9,20,3,3,1,0,0,0,0,0,0,0.0,0.0,0.0,0.0,0.0,0.0,True,0,0,0,0,0,0,0.0,0.0,0.01,0.0
BIOMD0000000591.txt,8,9,3,3,1,1,1,1,1,1,1,0.3333333333333333,0.3333333333333333,0.3333333333333333,0.3333333333333333,0.3333333333333333,0.3333333333333333,True,0,0,0,0,0,0,0.0,0.0,0.0,0.0
BIOMD0000000592.txt,0,0,0,0,0,0,0,0,0,0,0,0.0,0.0,0.0,0.0,0.0,0.0,True,0,0,0,0,0,0,-1.0,-1.0,0.0,0.0
BIOMD0000000593.txt,0,0,0,0,0,0,0,0,0,0,0,0.0,0.0,0.0,0.0,0.0,0.0,True,0,0,0,0,0,0,-1.0,-1.0,0.0,0.0
BIOMD0000000594.txt,29,120,5,10,10,4,4,2,4,1,1,0.4,0.4,0.2,0.8,0.2,0.2,True,0,0,0,0,0,0,0.0,0.0,0.17,0.0
BIOMD0000000600.txt,18,29,11,55,165,21,21,3,3,3,3,0.38181818181818183,0.38181818181818183,0.05454545454545454,0.2727272727272727,0.2727272727272727,0.2727272727272727,True,0,0,0,0,0,0,0.0,0.0,0.02,0.0
BIOMD0000000601.txt,4,3,2,1,0,0,0,0,0,0,0,0.0,0.0,0.0,0.0,0.0,0.0,True,0,0,0,0,0,0,-1.0,-1.0,0.0,0.0
BIOMD0000000602.txt,56,42,21,210,1330,48,48,29,10,10,10,0.22857142857142856,0.22857142857142856,0.1380952380952381,0.47619047619047616,0.47619047619047616,0.47619047619047616,True,63,63,30,5,5,5,0.04736842105263158,0.022556390977443608,0.01,0.06
BIOMD0000000603.txt,29,58,41,820,10660,380,380,105,21,20,20,0.4634146341463415,0.4634146341463415,0.12804878048780488,0.5121951219512195,0.4878048780487805,0.4878048780487805,True,0,0,0,0,0,0,0.0,0.0,0.04,0.37
BIOMD0000000604.txt,29,54,38,703,8436,308,308,110,17,17,17,0.43812233285917496,0.43812233285917496,0.15647226173541964,0.4473684210526316,0.4473684210526316,0.4473684210526316,True,0,0,0,0,0,0,0.0,0.0,0.05,0.29
BIOMD0000000605.txt,29,58,41,820,10660,380,380,105,21,20,20,0.4634146341463415,0.4634146341463415,0.12804878048780488,0.5121951219512195,0.4878048780487805,0.4878048780487805,True,0,0,0,0,0,0,0.0,0.0,0.03,0.28
BIOMD0000000606.txt,29,54,40,780,9880,350,350,132,19,19,19,0.44871794871794873,0.44871794871794873,0.16923076923076924,0.475,0.475,0.475,True,0,0,0,0,0,0,0.0,0.0,0.02,0.31
BIOMD0000000607.txt,29,58,41,820,10660,380,380,105,21,20,20,0.4634146341463415,0.4634146341463415,0.12804878048780488,0.5121951219512195,0.4878048780487805,0.4878048780487805,True,0,0,0,0,0,0,0.0,0.0,0.03,0.3
BIOMD0000000608.txt,52,140,3,3,1,0,0,0,0,0,0,0.0,0.0,0.0,0.0,0.0,0.0,True,0,0,0,0,0,0,0.0,0.0,0.77,0.0
BIOMD0000000609.txt,5,10,2,1,0,0,0,0,0,0,0,0.0,0.0,0.0,0.0,0.0,0.0,True,0,0,0,0,0,0,-1.0,-1.0,0.0,0.0
BIOMD0000000610.txt,29,58,41,820,10660,380,380,105,21,20,20,0.4634146341463415,0.4634146341463415,0.12804878048780488,0.5121951219512195,0.4878048780487805,0.4878048780487805,True,0,0,0,0,0,0,0.0,0.0,0.04,0.41
BIOMD0000000613.txt,30,58,4,6,4,0,0,0,0,0,0,0.0,0.0,0.0,0.0,0.0,0.0,True,0,0,0,0,0,0,0.0,0.0,0.05,0.0
BIOMD0000000614.txt,1,4,1,0,0,0,0,0,0,0,0,0.0,0.0,0.0,0.0,0.0,0.0,True,0,0,0,0,0,0,-1.0,-1.0,0.0,0.0
BIOMD0000000615.txt,4,17,1,0,0,0,0,0,0,0,0,0.0,0.0,0.0,0.0,0.0,0.0,True,0,0,0,0,0,0,-1.0,-1.0,0.0,0.0
BIOMD0000000616.txt,4,10,1,0,0,0,0,0,0,0,0,0.0,0.0,0.0,0.0,0.0,0.0,True,0,0,0,0,0,0,-1.0,-1.0,0.0,0.0
BIOMD0000000617.txt,1,4,1,0,0,0,0,0,0,0,0,0.0,0.0,0.0,0.0,0.0,0.0,True,0,0,0,0,0,0,-1.0,-1.0,0.0,0.0
BIOMD0000000618.txt,0,0,0,0,0,0,0,0,0,0,0,0.0,0.0,0.0,0.0,0.0,0.0,True,0,0,0,0,0,0,-1.0,-1.0,0.0,0.0
BIOMD0000000619.txt,10,13,2,1,0,0,0,0,0,0,0,0.0,0.0,0.0,0.0,0.0,0.0,True,0,0,0,0,0,0,-1.0,-1.0,0.01,0.0
BIOMD0000000620.txt,9,20,3,3,1,0,0,0,0,0,0,0.0,0.0,0.0,0.0,0.0,0.0,True,0,0,0,0,0,0,0.0,0.0,0.01,0.0
BIOMD0000000621.txt,9,20,3,3,1,0,0,0,0,0,0,0.0,0.0,0.0,0.0,0.0,0.0,True,0,0,0,0,0,0,0.0,0.0,0.01,0.0
BIOMD0000000622.txt,11,17,3,3,1,0,0,0,0,0,0,0.0,0.0,0.0,0.0,0.0,0.0,True,0,0,0,0,0,0,0.0,0.0,0.01,0.0
BIOMD0000000624.txt,7,5,3,3,1,1,1,1,1,1,1,0.3333333333333333,0.3333333333333333,0.3333333333333333,0.3333333333333333,0.3333333333333333,0.3333333333333333,True,0,0,0,0,0,0,0.0,0.0,0.0,0.0
BIOMD0000000625.txt,19,38,20,190,1140,17,17,6,5,5,5,0.08947368421052632,0.08947368421052632,0.031578947368421054,0.25,0.25,0.25,True,6,6,2,2,2,2,0.005263157894736842,0.0017543859649122807,0.02,0.02
BIOMD0000000626.txt,6,6,5,10,10,2,2,2,2,2,2,0.2,0.2,0.2,0.4,0.4,0.4,True,1,1,1,2,2,2,0.1,0.1,0.0,0.0
BIOMD0000000627.txt,65,64,52,1326,22100,151,151,19,17,15,15,0.1138763197586727,0.1138763197586727,0.014328808446455505,0.3269230769230769,0.28846153846153844,0.28846153846153844,True,170,170,6,6,6,6,0.007692307692307693,0.0002714932126696833,0.04,1.0
BIOMD0000000629.txt,5,2,2,1,0,0,0,0,0,0,0,0.0,0.0,0.0,0.0,0.0,0.0,True,0,0,0,0,0,0,-1.0,-1.0,0.0,0.0
BIOMD0000000630.txt,6,14,2,1,0,0,0,0,0,0,0,0.0,0.0,0.0,0.0,0.0,0.0,True,0,0,0,0,0,0,-1.0,-1.0,0.0,0.0
BIOMD0000000631.txt,12,33,14,91,364,18,18,3,3,3,3,0.1978021978021978,0.1978021978021978,0.03296703296703297,0.21428571428571427,0.21428571428571427,0.21428571428571427,True,0,0,0,0,0,0,0.0,0.0,0.01,0.0
BIOMD0000000632.txt,9,14,8,28,56,3,3,1,1,1,1,0.10714285714285714,0.10714285714285714,0.03571428571428571,0.125,0.125,0.125,True,0,0,0,0,0,0,0.0,0.0,0.0,0.0
BIOMD0000000633.txt,30,35,11,55,165,4,4,2,2,2,2,0.07272727272727272,0.07272727272727272,0.03636363636363636,0.18181818181818182,0.18181818181818182,0.18181818181818182,True,0,0,0,0,0,0,0.0,0.0,0.05,0.0
BIOMD0000000637.txt,12,22,11,55,165,17,17,7,7,6,6,0.3090909090909091,0.3090909090909091,0.12727272727272726,0.6363636363636364,0.5454545454545454,0.5454545454545454,True,0,0,0,0,0,0,0.0,0.0,0.01,0.0
BIOMD0000000638.txt,21,48,26,325,2600,148,148,30,19,19,19,0.4553846153846154,0.4553846153846154,0.09230769230769231,0.7307692307692307,0.7307692307692307,0.7307692307692307,True,0,0,0,0,0,0,0.0,0.0,0.03,0.07
BIOMD0000000639.txt,17,10,8,28,56,0,0,0,0,0,0,0.0,0.0,0.0,0.0,0.0,0.0,True,0,0,0,0,0,0,0.0,0.0,0.0,0.0
BIOMD0000000641.txt,0,0,0,0,0,0,0,0,0,0,0,0.0,0.0,0.0,0.0,0.0,0.0,True,0,0,0,0,0,0,-1.0,-1.0,0.0,0.0
BIOMD0000000642.txt,0,0,0,0,0,0,0,0,0,0,0,0.0,0.0,0.0,0.0,0.0,0.0,True,0,0,0,0,0,0,-1.0,-1.0,0.0,0.0
BIOMD0000000643.txt,0,0,0,0,0,0,0,0,0,0,0,0.0,0.0,0.0,0.0,0.0,0.0,True,0,0,0,0,0,0,-1.0,-1.0,0.0,0.0
BIOMD0000000644.txt,0,0,0,0,0,0,0,0,0,0,0,0.0,0.0,0.0,0.0,0.0,0.0,True,0,0,0,0,0,0,-1.0,-1.0,0.0,0.0
BIOMD0000000645.txt,0,0,0,0,0,0,0,0,0,0,0,0.0,0.0,0.0,0.0,0.0,0.0,True,0,0,0,0,0,0,-1.0,-1.0,0.0,0.0
BIOMD0000000646.txt,11,24,2,1,0,0,0,0,0,0,0,0.0,0.0,0.0,0.0,0.0,0.0,True,0,0,0,0,0,0,-1.0,-1.0,0.01,0.0
BIOMD0000000647.txt,11,11,4,6,4,1,1,1,1,1,1,0.16666666666666666,0.16666666666666666,0.16666666666666666,0.25,0.25,0.25,True,0,0,0,0,0,0,0.0,0.0,0.0,0.0
BIOMD0000000650.txt,0,0,0,0,0,0,0,0,0,0,0,0.0,0.0,0.0,0.0,0.0,0.0,True,0,0,0,0,0,0,-1.0,-1.0,0.0,0.0
BIOMD0000000652_manyOrgs.txt,95,126,109,5886,209934,1242,1242,142,49,49,49,0.21100917431192662,0.21100917431192662,0.024125042473666328,0.44954128440366975,0.44954128440366975,0.44954128440366975,False,-1,-1,-1,-1,-1,-1,-1.0,-1.0,0.14,0.86
BIOMD0000000657.txt,3,3,1,0,0,0,0,0,0,0,0,0.0,0.0,0.0,0.0,0.0,0.0,True,0,0,0,0,0,0,-1.0,-1.0,0.0,0.0
BIOMD0000000658.txt,16,17,9,36,84,4,4,1,1,1,1,0.1111111111111111,0.1111111111111111,0.027777777777777776,0.1111111111111111,0.1111111111111111,0.1111111111111111,True,0,0,0,0,0,0,0.0,0.0,0.0,0.0
BIOMD0000000659.txt,0,0,0,0,0,0,0,0,0,0,0,0.0,0.0,0.0,0.0,0.0,0.0,True,0,0,0,0,0,0,-1.0,-1.0,0.0,0.0
BIOMD0000000660.txt,17,35,6,15,20,0,0,0,0,0,0,0.0,0.0,0.0,0.0,0.0,0.0,True,0,0,0,0,0,0,0.0,0.0,0.02,0.0
BIOMD0000000661.txt,7,17,4,6,4,0,0,0,0,0,0,0.0,0.0,0.0,0.0,0.0,0.0,True,0,0,0,0,0,0,0.0,0.0,0.0,0.0
BIOMD0000000662.txt,5,10,6,15,20,4,4,2,2,2,2,0.26666666666666666,0.26666666666666666,0.13333333333333333,0.3333333333333333,0.3333333333333333,0.3333333333333333,True,0,0,0,0,0,0,0.0,0.0,0.0,0.0
BIOMD0000000663.txt,3,9,2,1,0,0,0,0,0,0,0,0.0,0.0,0.0,0.0,0.0,0.0,True,0,0,0,0,0,0,-1.0,-1.0,0.0,0.0
BIOMD0000000664.txt,8,15,11,55,165,17,17,3,3,3,3,0.3090909090909091,0.3090909090909091,0.05454545454545454,0.2727272727272727,0.2727272727272727,0.2727272727272727,True,0,0,0,0,0,0,0.0,0.0,0.0,0.0
BIOMD0000000665.txt,8,13,6,15,20,0,0,0,0,0,0,0.0,0.0,0.0,0.0,0.0,0.0,True,0,0,0,0,0,0,0.0,0.0,0.0,0.0
BIOMD0000000668.txt,10,10,10,45,120,0,0,0,0,0,0,0.0,0.0,0.0,0.0,0.0,0.0,True,0,0,0,0,0,0,0.0,0.0,0.0,0.0
BIOMD0000000669.txt,0,0,0,0,0,0,0,0,0,0,0,0.0,0.0,0.0,0.0,0.0,0.0,True,0,0,0,0,0,0,-1.0,-1.0,0.0,0.0
BIOMD0000000670.txt,0,0,0,0,0,0,0,0,0,0,0,0.0,0.0,0.0,0.0,0.0,0.0,True,0,0,0,0,0,0,-1.0,-1.0,0.0,0.0
BIOMD0000000671.txt,0,0,0,0,0,0,0,0,0,0,0,0.0,0.0,0.0,0.0,0.0,0.0,True,0,0,0,0,0,0,-1.0,-1.0,0.0,0.0
BIOMD0000000672.txt,0,0,0,0,0,0,0,0,0,0,0,0.0,0.0,0.0,0.0,0.0,0.0,True,0,0,0,0,0,0,-1.0,-1.0,0.0,0.0
BIOMD0000000673.txt,0,0,0,0,0,0,0,0,0,0,0,0.0,0.0,0.0,0.0,0.0,0.0,True,0,0,0,0,0,0,-1.0,-1.0,0.0,0.0
BIOMD0000000675.txt,0,0,0,0,0,0,0,0,0,0,0,0.0,0.0,0.0,0.0,0.0,0.0,True,0,0,0,0,0,0,-1.0,-1.0,0.0,0.0
BIOMD0000000676.txt,20,17,10,45,120,0,0,0,0,0,0,0.0,0.0,0.0,0.0,0.0,0.0,True,0,0,0,0,0,0,0.0,0.0,0.01,0.0
BIOMD0000000677.txt,0,0,0,0,0,0,0,0,0,0,0,0.0,0.0,0.0,0.0,0.0,0.0,True,0,0,0,0,0,0,-1.0,-1.0,0.0,0.0
BIOMD0000000678.txt,4,4,3,3,1,0,0,0,0,0,0,0.0,0.0,0.0,0.0,0.0,0.0,True,0,0,0,0,0,0,0.0,0.0,0.0,0.0
BIOMD0000000679.txt,4,8,3,3,1,0,0,0,0,0,0,0.0,0.0,0.0,0.0,0.0,0.0,True,0,0,0,0,0,0,0.0,0.0,0.0,0.0
BIOMD0000000680.txt,0,0,0,0,0,0,0,0,0,0,0,0.0,0.0,0.0,0.0,0.0,0.0,True,0,0,0,0,0,0,-1.0,-1.0,0.0,0.0
BIOMD0000000681.txt,0,0,0,0,0,0,0,0,0,0,0,0.0,0.0,0.0,0.0,0.0,0.0,True,0,0,0,0,0,0,-1.0,-1.0,0.0,0.0
BIOMD0000000682.txt,0,0,0,0,0,0,0,0,0,0,0,0.0,0.0,0.0,0.0,0.0,0.0,True,0,0,0,0,0,0,-1.0,-1.0,0.0,0.0
BIOMD0000000683.txt,4,9,4,6,4,0,0,0,0,0,0,0.0,0.0,0.0,0.0,0.0,0.0,True,0,0,0,0,0,0,0.0,0.0,0.0,0.0
BIOMD0000000684.txt,0,0,0,0,0,0,0,0,0,0,0,0.0,0.0,0.0,0.0,0.0,0.0,True,0,0,0,0,0,0,-1.0,-1.0,0.0,0.0
BIOMD0000000685.txt,0,0,0,0,0,0,0,0,0,0,0,0.0,0.0,0.0,0.0,0.0,0.0,True,0,0,0,0,0,0,-1.0,-1.0,0.0,0.0
BIOMD0000000686.txt,0,0,0,0,0,0,0,0,0,0,0,0.0,0.0,0.0,0.0,0.0,0.0,True,0,0,0,0,0,0,-1.0,-1.0,0.0,0.0
BIOMD0000000687.txt,15,25,12,66,220,0,0,0,0,0,0,0.0,0.0,0.0,0.0,0.0,0.0,True,0,0,0,0,0,0,0.0,0.0,0.01,0.0
BIOMD0000000688.txt,16,30,12,66,220,0,0,0,0,0,0,0.0,0.0,0.0,0.0,0.0,0.0,True,0,0,0,0,0,0,0.0,0.0,0.02,0.0
BIOMD0000000689.txt,17,10,8,28,56,0,0,0,0,0,0,0.0,0.0,0.0,0.0,0.0,0.0,True,0,0,0,0,0,0,0.0,0.0,0.0,0.0
BIOMD0000000690.txt,17,10,8,28,56,0,0,0,0,0,0,0.0,0.0,0.0,0.0,0.0,0.0,True,0,0,0,0,0,0,0.0,0.0,0.0,0.0
BIOMD0000000691.txt,17,18,13,78,286,12,12,4,4,4,4,0.15384615384615385,0.15384615384615385,0.05128205128205128,0.3076923076923077,0.3076923076923077,0.3076923076923077,True,0,0,0,0,0,0,0.0,0.0,0.01,0.0
BIOMD0000000692.txt,8,5,5,10,10,0,0,0,0,0,0,0.0,0.0,0.0,0.0,0.0,0.0,True,0,0,0,0,0,0,0.0,0.0,0.0,0.0
BIOMD0000000693.txt,0,0,0,0,0,0,0,0,0,0,0,0.0,0.0,0.0,0.0,0.0,0.0,True,0,0,0,0,0,0,-1.0,-1.0,0.0,0.0
BIOMD0000000695.txt,11,35,10,45,120,5,5,2,2,2,2,0.1111111111111111,0.1111111111111111,0.044444444444444446,0.2,0.2,0.2,True,0,0,0,0,0,0,0.0,0.0,0.01,0.0
BIOMD0000000696.txt,9,23,1,0,0,0,0,0,0,0,0,0.0,0.0,0.0,0.0,0.0,0.0,True,0,0,0,0,0,0,-1.0,-1.0,0.01,0.0
BIOMD0000000697.txt,14,30,9,36,84,7,7,4,3,3,3,0.19444444444444445,0.19444444444444445,0.1111111111111111,0.3333333333333333,0.3333333333333333,0.3333333333333333,True,0,0,0,0,0,0,0.0,0.0,0.01,0.0
BIOMD0000000698.txt,7,9,4,6,4,0,0,0,0,0,0,0.0,0.0,0.0,0.0,0.0,0.0,True,0,0,0,0,0,0,0.0,0.0,0.01,0.0
BIOMD0000000699.txt,24,48,25,300,2300,63,63,13,11,9,9,0.21,0.21,0.043333333333333335,0.44,0.36,0.36,True,0,0,0,0,0,0,0.0,0.0,0.04,0.08
BIOMD0000000700.txt,23,49,25,300,2300,93,93,11,11,9,9,0.31,0.31,0.03666666666666667,0.44,0.36,0.36,True,27,27,6,6,6,6,0.011739130434782608,0.0026086956521739132,0.04,0.06
BIOMD0000000701.txt,24,48,25,300,2300,63,63,13,11,9,9,0.21,0.21,0.043333333333333335,0.44,0.36,0.36,True,0,0,0,0,0,0,0.0,0.0,0.04,0.06
BIOMD0000000702.txt,24,48,25,300,2300,63,63,13,11,9,9,0.21,0.21,0.043333333333333335,0.44,0.36,0.36,True,0,0,0,0,0,0,0.0,0.0,0.03,0.07
BIOMD0000000703.txt,9,22,13,78,286,16,16,6,5,5,5,0.20512820512820512,0.20512820512820512,0.07692307692307693,0.38461538461538464,0.38461538461538464,0.38461538461538464,True,7,7,1,2,2,1,0.024475524475524476,0.0034965034965034965,0.01,0.0
BIOMD0000000704.txt,16,33,9,36,84,4,4,2,2,2,2,0.1111111111111111,0.1111111111111111,0.05555555555555555,0.2222222222222222,0.2222222222222222,0.2222222222222222,True,0,0,0,0,0,0,0.0,0.0,0.01,0.0
BIOMD0000000707.txt,5,10,5,10,10,2,2,1,1,1,1,0.2,0.2,0.1,0.2,0.2,0.2,True,0,0,0,0,0,0,0.0,0.0,0.0,0.0
BIOMD0000000708.txt,5,11,1,0,0,0,0,0,0,0,0,0.0,0.0,0.0,0.0,0.0,0.0,True,0,0,0,0,0,0,-1.0,-1.0,0.0,0.0
BIOMD0000000709.txt,5,11,1,0,0,0,0,0,0,0,0,0.0,0.0,0.0,0.0,0.0,0.0,True,0,0,0,0,0,0,-1.0,-1.0,0.0,0.0
BIOMD0000000710.txt,7,16,4,6,4,0,0,0,0,0,0,0.0,0.0,0.0,0.0,0.0,0.0,True,0,0,0,0,0,0,0.0,0.0,0.0,0.0
BIOMD0000000711.txt,11,26,14,91,364,32,32,6,6,6,6,0.3516483516483517,0.3516483516483517,0.06593406593406594,0.42857142857142855,0.42857142857142855,0.42857142857142855,True,0,0,0,0,0,0,0.0,0.0,0.01,0.01
BIOMD0000000712.txt,3,6,1,0,0,0,0,0,0,0,0,0.0,0.0,0.0,0.0,0.0,0.0,True,0,0,0,0,0,0,-1.0,-1.0,0.0,0.0
BIOMD0000000713.txt,3,9,2,1,0,0,0,0,0,0,0,0.0,0.0,0.0,0.0,0.0,0.0,True,0,0,0,0,0,0,-1.0,-1.0,0.0,0.0
BIOMD0000000714.txt,4,10,1,0,0,0,0,0,0,0,0,0.0,0.0,0.0,0.0,0.0,0.0,True,0,0,0,0,0,0,-1.0,-1.0,0.0,0.0
BIOMD0000000715.txt,4,11,2,1,0,0,0,0,0,0,0,0.0,0.0,0.0,0.0,0.0,0.0,True,0,0,0,0,0,0,-1.0,-1.0,0.0,0.0
BIOMD0000000716.txt,4,10,3,3,1,0,0,0,0,0,0,0.0,0.0,0.0,0.0,0.0,0.0,True,0,0,0,0,0,0,0.0,0.0,0.0,0.0
BIOMD0000000717.txt,4,10,3,3,1,0,0,0,0,0,0,0.0,0.0,0.0,0.0,0.0,0.0,True,0,0,0,0,0,0,0.0,0.0,0.0,0.0
BIOMD0000000718.txt,16,29,18,153,816,40,40,11,9,9,9,0.26143790849673204,0.26143790849673204,0.0718954248366013,0.5,0.5,0.5,True,0,0,0,0,0,0,0.0,0.0,0.01,0.01
BIOMD0000000719.txt,6,9,5,10,10,0,0,0,0,0,0,0.0,0.0,0.0,0.0,0.0,0.0,True,0,0,0,0,0,0,0.0,0.0,0.01,0.0
BIOMD0000000720.txt,9,25,12,66,220,10,10,4,4,4,4,0.15151515151515152,0.15151515151515152,0.06060606060606061,0.3333333333333333,0.3333333333333333,0.3333333333333333,True,0,0,0,0,0,0,0.0,0.0,0.01,0.0
BIOMD0000000721.txt,5,10,7,21,35,7,7,3,3,3,3,0.3333333333333333,0.3333333333333333,0.14285714285714285,0.42857142857142855,0.42857142857142855,0.42857142857142855,True,0,0,0,0,0,0,0.0,0.0,0.0,0.0
BIOMD0000000722.txt,5,15,1,0,0,0,0,0,0,0,0,0.0,0.0,0.0,0.0,0.0,0.0,True,0,0,0,0,0,0,-1.0,-1.0,0.0,0.0
BIOMD0000000723.txt,25,73,21,210,1330,30,30,5,6,5,5,0.14285714285714285,0.14285714285714285,0.023809523809523808,0.2857142857142857,0.23809523809523808,0.23809523809523808,True,3,3,1,1,1,1,0.002255639097744361,0.0007518796992481203,0.04,0.02
BIOMD0000000724.txt,31,28,22,231,1540,48,48,26,10,9,9,0.2077922077922078,0.2077922077922078,0.11255411255411256,0.45454545454545453,0.4090909090909091,0.4090909090909091,True,0,0,0,0,0,0,0.0,0.0,0.01,0.03
BIOMD0000000725.txt,51,31,29,406,3654,77,77,54,15,15,15,0.1896551724137931,0.1896551724137931,0.1330049261083744,0.5172413793103449,0.5172413793103449,0.5172413793103449,True,20,20,16,3,3,3,0.005473453749315818,0.004378762999452655,0.01,0.13
BIOMD0000000726.txt,8,23,5,10,10,0,0,0,0,0,0,0.0,0.0,0.0,0.0,0.0,0.0,True,0,0,0,0,0,0,0.0,0.0,0.0,0.0
BIOMD0000000728.txt,2,5,1,0,0,0,0,0,0,0,0,0.0,0.0,0.0,0.0,0.0,0.0,True,0,0,0,0,0,0,-1.0,-1.0,0.0,0.0
BIOMD0000000729.txt,3,7,1,0,0,0,0,0,0,0,0,0.0,0.0,0.0,0.0,0.0,0.0,True,0,0,0,0,0,0,-1.0,-1.0,0.0,0.0
BIOMD0000000731.txt,18,25,22,231,1540,43,43,13,7,7,7,0.18614718614718614,0.18614718614718614,0.05627705627705628,0.3181818181818182,0.3181818181818182,0.3181818181818182,True,36,36,6,5,5,4,0.023376623376623377,0.003896103896103896,0.01,0.04
BIOMD0000000732.txt,5,6,5,10,10,3,3,2,2,1,1,0.3,0.3,0.2,0.4,0.2,0.2,True,0,0,0,0,0,0,0.0,0.0,0.0,0.0
BIOMD0000000733.txt,3,6,1,0,0,0,0,0,0,0,0,0.0,0.0,0.0,0.0,0.0,0.0,True,0,0,0,0,0,0,-1.0,-1.0,0.0,0.0
BIOMD0000000734.txt,23,47,15,105,455,26,26,10,4,3,3,0.24761904761904763,0.24761904761904763,0.09523809523809523,0.26666666666666666,0.2,0.2,True,0,0,0,0,0,0,0.0,0.0,0.03,0.01
BIOMD0000000735.txt,23,47,15,105,455,26,26,10,4,3,3,0.24761904761904763,0.24761904761904763,0.09523809523809523,0.26666666666666666,0.2,0.2,True,0,0,0,0,0,0,0.0,0.0,0.02,0.01
BIOMD0000000736.txt,12,22,7,21,35,0,0,0,0,0,0,0.0,0.0,0.0,0.0,0.0,0.0,True,0,0,0,0,0,0,0.0,0.0,0.01,0.0
BIOMD0000000737.txt,12,22,7,21,35,0,0,0,0,0,0,0.0,0.0,0.0,0.0,0.0,0.0,True,0,0,0,0,0,0,0.0,0.0,0.01,0.0
BIOMD0000000738.txt,12,22,7,21,35,0,0,0,0,0,0,0.0,0.0,0.0,0.0,0.0,0.0,True,0,0,0,0,0,0,0.0,0.0,0.01,0.0
BIOMD0000000739.txt,24,23,22,231,1540,132,132,49,12,12,12,0.5714285714285714,0.5714285714285714,0.21212121212121213,0.5454545454545454,0.5454545454545454,0.5454545454545454,True,0,0,0,0,0,0,0.0,0.0,0.01,0.05
BIOMD0000000740.txt,0,0,0,0,0,0,0,0,0,0,0,0.0,0.0,0.0,0.0,0.0,0.0,True,0,0,0,0,0,0,-1.0,-1.0,0.0,0.0
BIOMD0000000741.txt,4,10,1,0,0,0,0,0,0,0,0,0.0,0.0,0.0,0.0,0.0,0.0,True,0,0,0,0,0,0,-1.0,-1.0,0.0,0.0
BIOMD0000000742.txt,2,6,1,0,0,0,0,0,0,0,0,0.0,0.0,0.0,0.0,0.0,0.0,True,0,0,0,0,0,0,-1.0,-1.0,0.0,0.0
BIOMD0000000743.txt,4,14,1,0,0,0,0,0,0,0,0,0.0,0.0,0.0,0.0,0.0,0.0,True,0,0,0,0,0,0,-1.0,-1.0,0.0,0.0
BIOMD0000000744.txt,5,14,1,0,0,0,0,0,0,0,0,0.0,0.0,0.0,0.0,0.0,0.0,True,0,0,0,0,0,0,-1.0,-1.0,0.0,0.0
BIOMD0000000745.txt,5,10,2,1,0,0,0,0,0,0,0,0.0,0.0,0.0,0.0,0.0,0.0,True,0,0,0,0,0,0,-1.0,-1.0,0.0,0.0
BIOMD0000000746.txt,4,11,1,0,0,0,0,0,0,0,0,0.0,0.0,0.0,0.0,0.0,0.0,True,0,0,0,0,0,0,-1.0,-1.0,0.0,0.0
BIOMD0000000747.txt,33,28,28,378,3276,86,86,15,11,11,11,0.2275132275132275,0.2275132275132275,0.03968253968253968,0.39285714285714285,0.39285714285714285,0.39285714285714285,True,0,0,0,0,0,0,0.0,0.0,0.01,0.1
BIOMD0000000748.txt,4,11,3,3,1,0,0,0,0,0,0,0.0,0.0,0.0,0.0,0.0,0.0,True,0,0,0,0,0,0,0.0,0.0,0.0,0.0
BIOMD0000000749.txt,4,9,3,3,1,0,0,0,0,0,0,0.0,0.0,0.0,0.0,0.0,0.0,True,0,0,0,0,0,0,0.0,0.0,0.0,0.0
BIOMD0000000750.txt,8,25,3,3,1,0,0,0,0,0,0,0.0,0.0,0.0,0.0,0.0,0.0,True,0,0,0,0,0,0,0.0,0.0,0.0,0.0
BIOMD0000000751.txt,2,3,1,0,0,0,0,0,0,0,0,0.0,0.0,0.0,0.0,0.0,0.0,True,0,0,0,0,0,0,-1.0,-1.0,0.0,0.0
BIOMD0000000752.txt,3,5,1,0,0,0,0,0,0,0,0,0.0,0.0,0.0,0.0,0.0,0.0,True,0,0,0,0,0,0,-1.0,-1.0,0.0,0.0
BIOMD0000000753.txt,2,7,1,0,0,0,0,0,0,0,0,0.0,0.0,0.0,0.0,0.0,0.0,True,0,0,0,0,0,0,-1.0,-1.0,0.0,0.0
BIOMD0000000754.txt,3,10,1,0,0,0,0,0,0,0,0,0.0,0.0,0.0,0.0,0.0,0.0,True,0,0,0,0,0,0,-1.0,-1.0,0.0,0.0
BIOMD0000000755.txt,9,7,7,21,35,2,2,2,2,2,2,0.09523809523809523,0.09523809523809523,0.09523809523809523,0.2857142857142857,0.2857142857142857,0.2857142857142857,True,0,0,0,0,0,0,0.0,0.0,0.0,0.0
BIOMD0000000756.txt,4,11,1,0,0,0,0,0,0,0,0,0.0,0.0,0.0,0.0,0.0,0.0,True,0,0,0,0,0,0,-1.0,-1.0,0.0,0.0
BIOMD0000000757.txt,7,18,1,0,0,0,0,0,0,0,0,0.0,0.0,0.0,0.0,0.0,0.0,True,0,0,0,0,0,0,-1.0,-1.0,0.0,0.0
BIOMD0000000758.txt,2,4,1,0,0,0,0,0,0,0,0,0.0,0.0,0.0,0.0,0.0,0.0,True,0,0,0,0,0,0,-1.0,-1.0,0.0,0.0
BIOMD0000000759.txt,6,19,5,10,10,1,1,1,1,1,1,0.1,0.1,0.1,0.2,0.2,0.2,True,0,0,0,0,0,0,0.0,0.0,0.0,0.0
BIOMD0000000760.txt,2,4,1,0,0,0,0,0,0,0,0,0.0,0.0,0.0,0.0,0.0,0.0,True,0,0,0,0,0,0,-1.0,-1.0,0.0,0.0
BIOMD0000000761.txt,6,14,1,0,0,0,0,0,0,0,0,0.0,0.0,0.0,0.0,0.0,0.0,True,0,0,0,0,0,0,-1.0,-1.0,0.0,0.0
BIOMD0000000762.txt,2,7,2,1,0,0,0,0,0,0,0,0.0,0.0,0.0,0.0,0.0,0.0,True,0,0,0,0,0,0,-1.0,-1.0,0.0,0.0
BIOMD0000000763.txt,3,9,2,1,0,0,0,0,0,0,0,0.0,0.0,0.0,0.0,0.0,0.0,True,0,0,0,0,0,0,-1.0,-1.0,0.0,0.0
BIOMD0000000764.txt,4,9,4,6,4,1,1,1,1,1,1,0.16666666666666666,0.16666666666666666,0.16666666666666666,0.25,0.25,0.25,True,0,0,0,0,0,0,0.0,0.0,0.0,0.0
BIOMD0000000765.txt,4,9,2,1,0,0,0,0,0,0,0,0.0,0.0,0.0,0.0,0.0,0.0,True,0,0,0,0,0,0,-1.0,-1.0,0.0,0.0
BIOMD0000000766.txt,5,11,4,6,4,1,1,1,1,1,1,0.16666666666666666,0.16666666666666666,0.16666666666666666,0.25,0.25,0.25,True,0,0,0,0,0,0,0.0,0.0,0.0,0.0
BIOMD0000000767.txt,3,5,3,3,1,0,0,0,0,0,0,0.0,0.0,0.0,0.0,0.0,0.0,True,0,0,0,0,0,0,0.0,0.0,0.0,0.0
BIOMD0000000768.txt,5,13,5,10,10,1,1,1,1,1,1,0.1,0.1,0.1,0.2,0.2,0.2,True,0,0,0,0,0,0,0.0,0.0,0.01,0.0
BIOMD0000000769.txt,5,24,1,0,0,0,0,0,0,0,0,0.0,0.0,0.0,0.0,0.0,0.0,True,0,0,0,0,0,0,-1.0,-1.0,0.01,0.0
BIOMD0000000770.txt,4,14,1,0,0,0,0,0,0,0,0,0.0,0.0,0.0,0.0,0.0,0.0,True,0,0,0,0,0,0,-1.0,-1.0,0.0,0.0
BIOMD0000000771.txt,3,6,3,3,1,0,0,0,0,0,0,0.0,0.0,0.0,0.0,0.0,0.0,True,0,0,0,0,0,0,0.0,0.0,0.0,0.0
BIOMD0000000772.txt,4,7,4,6,4,2,2,1,1,1,1,0.3333333333333333,0.3333333333333333,0.16666666666666666,0.25,0.25,0.25,True,0,0,0,0,0,0,0.0,0.0,0.0,0.0
BIOMD0000000773.txt,3,6,1,0,0,0,0,0,0,0,0,0.0,0.0,0.0,0.0,0.0,0.0,True,0,0,0,0,0,0,-1.0,-1.0,0.0,0.0
BIOMD0000000774.txt,2,4,1,0,0,0,0,0,0,0,0,0.0,0.0,0.0,0.0,0.0,0.0,True,0,0,0,0,0,0,-1.0,-1.0,0.0,0.0
BIOMD0000000775.txt,4,10,1,0,0,0,0,0,0,0,0,0.0,0.0,0.0,0.0,0.0,0.0,True,0,0,0,0,0,0,-1.0,-1.0,0.0,0.0
BIOMD0000000776.txt,2,4,1,0,0,0,0,0,0,0,0,0.0,0.0,0.0,0.0,0.0,0.0,True,0,0,0,0,0,0,-1.0,-1.0,0.0,0.0
BIOMD0000000777.txt,3,8,5,10,10,4,4,2,2,2,2,0.4,0.4,0.2,0.4,0.4,0.4,True,0,0,0,0,0,0,0.0,0.0,0.0,0.0
BIOMD0000000778.txt,3,8,1,0,0,0,0,0,0,0,0,0.0,0.0,0.0,0.0,0.0,0.0,True,0,0,0,0,0,0,-1.0,-1.0,0.0,0.0
BIOMD0000000779.txt,6,25,2,1,0,0,0,0,0,0,0,0.0,0.0,0.0,0.0,0.0,0.0,True,0,0,0,0,0,0,-1.0,-1.0,0.01,0.0
BIOMD0000000780.txt,4,12,1,0,0,0,0,0,0,0,0,0.0,0.0,0.0,0.0,0.0,0.0,True,0,0,0,0,0,0,-1.0,-1.0,0.0,0.0
BIOMD0000000781.txt,3,8,1,0,0,0,0,0,0,0,0,0.0,0.0,0.0,0.0,0.0,0.0,True,0,0,0,0,0,0,-1.0,-1.0,0.0,0.0
BIOMD0000000782.txt,2,5,1,0,0,0,0,0,0,0,0,0.0,0.0,0.0,0.0,0.0,0.0,True,0,0,0,0,0,0,-1.0,-1.0,0.0,0.0
BIOMD0000000783.txt,3,8,1,0,0,0,0,0,0,0,0,0.0,0.0,0.0,0.0,0.0,0.0,True,0,0,0,0,0,0,-1.0,-1.0,0.0,0.0
BIOMD0000000784.txt,3,9,1,0,0,0,0,0,0,0,0,0.0,0.0,0.0,0.0,0.0,0.0,True,0,0,0,0,0,0,-1.0,-1.0,0.0,0.0
BIOMD0000000785.txt,2,5,1,0,0,0,0,0,0,0,0,0.0,0.0,0.0,0.0,0.0,0.0,True,0,0,0,0,0,0,-1.0,-1.0,0.0,0.0
BIOMD0000000786.txt,16,32,14,91,364,16,16,3,3,3,3,0.17582417582417584,0.17582417582417584,0.03296703296703297,0.21428571428571427,0.21428571428571427,0.21428571428571427,True,0,0,0,0,0,0,0.0,0.0,0.02,0.01
BIOMD0000000787.txt,2,4,1,0,0,0,0,0,0,0,0,0.0,0.0,0.0,0.0,0.0,0.0,True,0,0,0,0,0,0,-1.0,-1.0,0.0,0.0
BIOMD0000000788.txt,8,22,3,3,1,0,0,0,0,0,0,0.0,0.0,0.0,0.0,0.0,0.0,True,0,0,0,0,0,0,0.0,0.0,0.01,0.0
BIOMD0000000789.txt,4,5,4,6,4,0,0,0,0,0,0,0.0,0.0,0.0,0.0,0.0,0.0,True,0,0,0,0,0,0,0.0,0.0,0.0,0.0
BIOMD0000000790.txt,4,14,1,0,0,0,0,0,0,0,0,0.0,0.0,0.0,0.0,0.0,0.0,True,0,0,0,0,0,0,-1.0,-1.0,0.0,0.0
BIOMD0000000791.txt,5,11,2,1,0,0,0,0,0,0,0,0.0,0.0,0.0,0.0,0.0,0.0,True,0,0,0,0,0,0,-1.0,-1.0,0.0,0.0
BIOMD0000000792.txt,6,14,3,3,1,0,0,0,0,0,0,0.0,0.0,0.0,0.0,0.0,0.0,True,0,0,0,0,0,0,0.0,0.0,0.0,0.0
BIOMD0000000793.txt,2,5,1,0,0,0,0,0,0,0,0,0.0,0.0,0.0,0.0,0.0,0.0,True,0,0,0,0,0,0,-1.0,-1.0,0.0,0.0
BIOMD0000000794.txt,17,32,15,105,455,18,18,4,4,4,4,0.17142857142857143,0.17142857142857143,0.0380952380952381,0.26666666666666666,0.26666666666666666,0.26666666666666666,True,0,0,0,0,0,0,0.0,0.0,0.02,0.01
BIOMD0000000795.txt,2,6,1,0,0,0,0,0,0,0,0,0.0,0.0,0.0,0.0,0.0,0.0,True,0,0,0,0,0,0,-1.0,-1.0,0.0,0.0
BIOMD0000000796.txt,5,13,2,1,0,0,0,0,0,0,0,0.0,0.0,0.0,0.0,0.0,0.0,True,0,0,0,0,0,0,-1.0,-1.0,0.0,0.0
BIOMD0000000797.txt,4,12,1,0,0,0,0,0,0,0,0,0.0,0.0,0.0,0.0,0.0,0.0,True,0,0,0,0,0,0,-1.0,-1.0,0.0,0.0
BIOMD0000000798.txt,5,9,1,0,0,0,0,0,0,0,0,0.0,0.0,0.0,0.0,0.0,0.0,True,0,0,0,0,0,0,-1.0,-1.0,0.0,0.0
BIOMD0000000799.txt,2,4,1,0,0,0,0,0,0,0,0,0.0,0.0,0.0,0.0,0.0,0.0,True,0,0,0,0,0,0,-1.0,-1.0,0.0,0.0
BIOMD0000000800.txt,3,6,4,6,4,3,3,3,1,1,1,0.5,0.5,0.5,0.25,0.25,0.25,True,0,0,0,0,0,0,0.0,0.0,0.0,0.0
BIOMD0000000801.txt,4,13,1,0,0,0,0,0,0,0,0,0.0,0.0,0.0,0.0,0.0,0.0,True,0,0,0,0,0,0,-1.0,-1.0,0.0,0.0
BIOMD0000000802.txt,4,8,5,10,10,2,2,1,1,1,1,0.2,0.2,0.1,0.2,0.2,0.2,True,0,0,0,0,0,0,0.0,0.0,0.0,0.0
BIOMD0000000803.txt,9,8,4,6,4,0,0,0,0,0,0,0.0,0.0,0.0,0.0,0.0,0.0,True,0,0,0,0,0,0,0.0,0.0,0.0,0.0
BIOMD0000000804.txt,3,6,3,3,1,1,1,1,1,1,1,0.3333333333333333,0.3333333333333333,0.3333333333333333,0.3333333333333333,0.3333333333333333,0.3333333333333333,True,0,0,0,0,0,0,0.0,0.0,0.0,0.0
BIOMD0000000805.txt,4,10,1,0,0,0,0,0,0,0,0,0.0,0.0,0.0,0.0,0.0,0.0,True,0,0,0,0,0,0,-1.0,-1.0,0.0,0.0
BIOMD0000000806.txt,6,25,1,0,0,0,0,0,0,0,0,0.0,0.0,0.0,0.0,0.0,0.0,True,0,0,0,0,0,0,-1.0,-1.0,0.01,0.0
BIOMD0000000807.txt,3,15,1,0,0,0,0,0,0,0,0,0.0,0.0,0.0,0.0,0.0,0.0,True,0,0,0,0,0,0,-1.0,-1.0,0.0,0.0
BIOMD0000000808.txt,6,15,1,0,0,0,0,0,0,0,0,0.0,0.0,0.0,0.0,0.0,0.0,True,0,0,0,0,0,0,-1.0,-1.0,0.0,0.0
BIOMD0000000809.txt,4,9,1,0,0,0,0,0,0,0,0,0.0,0.0,0.0,0.0,0.0,0.0,True,0,0,0,0,0,0,-1.0,-1.0,0.0,0.0
BIOMD0000000810.txt,13,53,1,0,0,0,0,0,0,0,0,0.0,0.0,0.0,0.0,0.0,0.0,True,0,0,0,0,0,0,-1.0,-1.0,0.06,0.0
BIOMD0000000811.txt,6,29,2,1,0,0,0,0,0,0,0,0.0,0.0,0.0,0.0,0.0,0.0,True,0,0,0,0,0,0,-1.0,-1.0,0.01,0.0
BIOMD0000000812.txt,5,9,4,6,4,0,0,0,0,0,0,0.0,0.0,0.0,0.0,0.0,0.0,True,0,0,0,0,0,0,0.0,0.0,0.0,0.0
BIOMD0000000813.txt,3,8,1,0,0,0,0,0,0,0,0,0.0,0.0,0.0,0.0,0.0,0.0,True,0,0,0,0,0,0,-1.0,-1.0,0.0,0.0
BIOMD0000000814.txt,3,5,3,3,1,1,1,1,1,1,1,0.3333333333333333,0.3333333333333333,0.3333333333333333,0.3333333333333333,0.3333333333333333,0.3333333333333333,True,0,0,0,0,0,0,0.0,0.0,0.0,0.0
BIOMD0000000815.txt,2,6,1,0,0,0,0,0,0,0,0,0.0,0.0,0.0,0.0,0.0,0.0,True,0,0,0,0,0,0,-1.0,-1.0,0.0,0.0
BIOMD0000000816.txt,7,16,4,6,4,0,0,0,0,0,0,0.0,0.0,0.0,0.0,0.0,0.0,True,0,0,0,0,0,0,0.0,0.0,0.0,0.0
BIOMD0000000817.txt,6,13,3,3,1,0,0,0,0,0,0,0.0,0.0,0.0,0.0,0.0,0.0,True,0,0,0,0,0,0,0.0,0.0,0.0,0.0
BIOMD0000000818.txt,10,10,10,45,120,8,8,3,2,2,2,0.17777777777777778,0.17777777777777778,0.06666666666666667,0.2,0.2,0.2,True,0,0,0,0,0,0,0.0,0.0,0.0,0.0
BIOMD0000000819.txt,10,30,1,0,0,0,0,0,0,0,0,0.0,0.0,0.0,0.0,0.0,0.0,True,0,0,0,0,0,0,-1.0,-1.0,0.02,0.0
BIOMD0000000820.txt,7,7,1,0,0,0,0,0,0,0,0,0.0,0.0,0.0,0.0,0.0,0.0,True,0,0,0,0,0,0,-1.0,-1.0,0.0,0.0
BIOMD0000000821.txt,3,7,3,3,1,0,0,0,0,0,0,0.0,0.0,0.0,0.0,0.0,0.0,True,0,0,0,0,0,0,0.0,0.0,0.0,0.0
BIOMD0000000822.txt,8,13,1,0,0,0,0,0,0,0,0,0.0,0.0,0.0,0.0,0.0,0.0,True,0,0,0,0,0,0,-1.0,-1.0,0.0,0.0
BIOMD0000000823.txt,15,18,16,120,560,37,37,7,5,5,5,0.30833333333333335,0.30833333333333335,0.058333333333333334,0.3125,0.3125,0.3125,True,12,12,1,1,1,1,0.02142857142857143,0.0017857142857142857,0.0,0.01
BIOMD0000000824.txt,2,3,2,1,0,0,0,0,0,0,0,0.0,0.0,0.0,0.0,0.0,0.0,True,0,0,0,0,0,0,-1.0,-1.0,0.0,0.0
BIOMD0000000825.txt,2,4,1,0,0,0,0,0,0,0,0,0.0,0.0,0.0,0.0,0.0,0.0,True,0,0,0,0,0,0,-1.0,-1.0,0.0,0.0
BIOMD0000000826.txt,13,25,17,136,680,44,44,10,8,8,8,0.3235294117647059,0.3235294117647059,0.07352941176470588,0.47058823529411764,0.47058823529411764,0.47058823529411764,True,18,18,1,1,1,1,0.026470588235294117,0.0014705882352941176,0.01,0.02
BIOMD0000000827.txt,10,9,9,36,84,14,14,9,3,3,3,0.3888888888888889,0.3888888888888889,0.25,0.3333333333333333,0.3333333333333333,0.3333333333333333,True,0,0,0,0,0,0,0.0,0.0,0.0,0.0
BIOMD0000000828.txt,6,12,2,1,0,0,0,0,0,0,0,0.0,0.0,0.0,0.0,0.0,0.0,True,0,0,0,0,0,0,-1.0,-1.0,0.0,0.0
BIOMD0000000829.txt,13,28,5,10,10,0,0,0,0,0,0,0.0,0.0,0.0,0.0,0.0,0.0,True,0,0,0,0,0,0,0.0,0.0,0.01,0.0
BIOMD0000000830.txt,7,7,4,6,4,0,0,0,0,0,0,0.0,0.0,0.0,0.0,0.0,0.0,True,0,0,0,0,0,0,0.0,0.0,0.0,0.0
BIOMD0000000831.txt,3,6,1,0,0,0,0,0,0,0,0,0.0,0.0,0.0,0.0,0.0,0.0,True,0,0,0,0,0,0,-1.0,-1.0,0.0,0.0
BIOMD0000000832.txt,20,26,18,153,816,65,65,9,8,8,8,0.42483660130718953,0.42483660130718953,0.058823529411764705,0.4444444444444444,0.4444444444444444,0.4444444444444444,True,0,0,0,0,0,0,0.0,0.0,0.01,0.02
BIOMD0000000836.txt,0,0,0,0,0,0,0,0,0,0,0,0.0,0.0,0.0,0.0,0.0,0.0,True,0,0,0,0,0,0,-1.0,-1.0,0.0,0.0
BIOMD0000000837.txt,8,17,11,55,165,10,10,6,4,4,4,0.18181818181818182,0.18181818181818182,0.10909090909090909,0.36363636363636365,0.36363636363636365,0.36363636363636365,True,3,3,2,2,2,2,0.01818181818181818,0.012121212121212121,0.0,0.0
BIOMD0000000838.txt,3,6,1,0,0,0,0,0,0,0,0,0.0,0.0,0.0,0.0,0.0,0.0,True,0,0,0,0,0,0,-1.0,-1.0,0.0,0.0
BIOMD0000000839.txt,8,20,1,0,0,0,0,0,0,0,0,0.0,0.0,0.0,0.0,0.0,0.0,True,0,0,0,0,0,0,-1.0,-1.0,0.0,0.0
BIOMD0000000840.txt,5,11,1,0,0,0,0,0,0,0,0,0.0,0.0,0.0,0.0,0.0,0.0,True,0,0,0,0,0,0,-1.0,-1.0,0.0,0.0
BIOMD0000000841.txt,4,11,1,0,0,0,0,0,0,0,0,0.0,0.0,0.0,0.0,0.0,0.0,True,0,0,0,0,0,0,-1.0,-1.0,0.0,0.0
BIOMD0000000843.txt,10,15,5,10,10,0,0,0,0,0,0,0.0,0.0,0.0,0.0,0.0,0.0,True,0,0,0,0,0,0,0.0,0.0,0.0,0.0
BIOMD0000000844.txt,9,10,2,1,0,0,0,0,0,0,0,0.0,0.0,0.0,0.0,0.0,0.0,True,0,0,0,0,0,0,-1.0,-1.0,0.0,0.0
BIOMD0000000845.txt,3,7,2,1,0,0,0,0,0,0,0,0.0,0.0,0.0,0.0,0.0,0.0,True,0,0,0,0,0,0,-1.0,-1.0,0.0,0.0
BIOMD0000000846.txt,3,7,1,0,0,0,0,0,0,0,0,0.0,0.0,0.0,0.0,0.0,0.0,True,0,0,0,0,0,0,-1.0,-1.0,0.0,0.0
BIOMD0000000847.txt,4,6,1,0,0,0,0,0,0,0,0,0.0,0.0,0.0,0.0,0.0,0.0,True,0,0,0,0,0,0,-1.0,-1.0,0.0,0.0
BIOMD0000000848.txt,9,21,4,6,4,0,0,0,0,0,0,0.0,0.0,0.0,0.0,0.0,0.0,True,0,0,0,0,0,0,0.0,0.0,0.01,0.0
BIOMD0000000849.txt,21,23,12,66,220,15,15,2,2,2,2,0.22727272727272727,0.22727272727272727,0.030303030303030304,0.16666666666666666,0.16666666666666666,0.16666666666666666,True,0,0,0,0,0,0,0.0,0.0,0.01,0.0
BIOMD0000000850.txt,3,4,2,1,0,0,0,0,0,0,0,0.0,0.0,0.0,0.0,0.0,0.0,True,0,0,0,0,0,0,-1.0,-1.0,0.0,0.0
BIOMD0000000851.txt,5,4,3,3,1,0,0,0,0,0,0,0.0,0.0,0.0,0.0,0.0,0.0,True,0,0,0,0,0,0,0.0,0.0,0.0,0.0
BIOMD0000000852.txt,6,15,1,0,0,0,0,0,0,0,0,0.0,0.0,0.0,0.0,0.0,0.0,True,0,0,0,0,0,0,-1.0,-1.0,0.0,0.0
BIOMD0000000853.txt,9,21,2,1,0,0,0,0,0,0,0,0.0,0.0,0.0,0.0,0.0,0.0,True,0,0,0,0,0,0,-1.0,-1.0,0.01,0.0
BIOMD0000000854.txt,4,7,1,0,0,0,0,0,0,0,0,0.0,0.0,0.0,0.0,0.0,0.0,True,0,0,0,0,0,0,-1.0,-1.0,0.0,0.0
BIOMD0000000855.txt,4,12,1,0,0,0,0,0,0,0,0,0.0,0.0,0.0,0.0,0.0,0.0,True,0,0,0,0,0,0,-1.0,-1.0,0.0,0.0
BIOMD0000000856.txt,22,26,21,210,1330,54,54,21,10,10,10,0.2571428571428571,0.2571428571428571,0.1,0.47619047619047616,0.47619047619047616,0.47619047619047616,True,20,20,3,2,2,2,0.015037593984962405,0.002255639097744361,0.01,0.03
BIOMD0000000857.txt,10,20,3,3,1,0,0,0,0,0,0,0.0,0.0,0.0,0.0,0.0,0.0,True,0,0,0,0,0,0,0.0,0.0,0.01,0.0
BIOMD0000000858.txt,10,20,3,3,1,0,0,0,0,0,0,0.0,0.0,0.0,0.0,0.0,0.0,True,0,0,0,0,0,0,0.0,0.0,0.01,0.0
BIOMD0000000859.txt,13,25,3,3,1,0,0,0,0,0,0,0.0,0.0,0.0,0.0,0.0,0.0,True,0,0,0,0,0,0,0.0,0.0,0.01,0.0
BIOMD0000000860.txt,4,5,4,6,4,1,1,1,1,1,1,0.16666666666666666,0.16666666666666666,0.16666666666666666,0.25,0.25,0.25,True,0,0,0,0,0,0,0.0,0.0,0.0,0.0
BIOMD0000000861.txt,26,36,28,378,3276,45,45,12,8,8,8,0.11904761904761904,0.11904761904761904,0.031746031746031744,0.2857142857142857,0.2857142857142857,0.2857142857142857,True,36,36,5,3,3,3,0.01098901098901099,0.0015262515262515263,0.02,0.1
BIOMD0000000862.txt,9,11,7,21,35,6,6,2,2,2,2,0.2857142857142857,0.2857142857142857,0.09523809523809523,0.2857142857142857,0.2857142857142857,0.2857142857142857,True,0,0,0,0,0,0,0.0,0.0,0.0,0.0
BIOMD0000000863.txt,6,13,7,21,35,1,1,1,1,1,1,0.047619047619047616,0.047619047619047616,0.047619047619047616,0.14285714285714285,0.14285714285714285,0.14285714285714285,True,0,0,0,0,0,0,0.0,0.0,0.0,0.0
BIOMD0000000864.txt,7,9,6,15,20,4,4,1,1,1,1,0.26666666666666666,0.26666666666666666,0.06666666666666667,0.16666666666666666,0.16666666666666666,0.16666666666666666,True,0,0,0,0,0,0,0.0,0.0,0.0,0.0
BIOMD0000000865.txt,4,8,5,10,10,2,2,2,1,1,1,0.2,0.2,0.2,0.2,0.2,0.2,True,0,0,0,0,0,0,0.0,0.0,0.0,0.0
BIOMD0000000866.txt,4,4,4,6,4,0,0,0,0,0,0,0.0,0.0,0.0,0.0,0.0,0.0,True,0,0,0,0,0,0,0.0,0.0,0.0,0.0
BIOMD0000000867.txt,10,31,1,0,0,0,0,0,0,0,0,0.0,0.0,0.0,0.0,0.0,0.0,True,0,0,0,0,0,0,-1.0,-1.0,0.01,0.0
BIOMD0000000868.txt,5,5,5,10,10,2,2,1,1,1,1,0.2,0.2,0.1,0.2,0.2,0.2,True,0,0,0,0,0,0,0.0,0.0,0.0,0.0
BIOMD0000000869.txt,5,7,6,15,20,2,2,1,1,1,1,0.13333333333333333,0.13333333333333333,0.06666666666666667,0.16666666666666666,0.16666666666666666,0.16666666666666666,True,0,0,0,0,0,0,0.0,0.0,0.0,0.0
BIOMD0000000870.txt,7,9,8,28,56,8,8,4,2,2,2,0.2857142857142857,0.2857142857142857,0.14285714285714285,0.25,0.25,0.25,True,0,0,0,0,0,0,0.0,0.0,0.0,0.0
BIOMD0000000871.txt,8,13,4,6,4,0,0,0,0,0,0,0.0,0.0,0.0,0.0,0.0,0.0,True,0,0,0,0,0,0,0.0,0.0,0.0,0.0
BIOMD0000000872.txt,7,18,8,28,56,4,4,2,2,2,2,0.14285714285714285,0.14285714285714285,0.07142857142857142,0.25,0.25,0.25,True,0,0,0,0,0,0,0.0,0.0,0.0,0.0
BIOMD0000000873.txt,42,38,33,528,5456,71,71,15,5,5,5,0.13446969696969696,0.13446969696969696,0.028409090909090908,0.15151515151515152,0.15151515151515152,0.15151515151515152,True,0,0,0,0,0,0,0.0,0.0,0.04,0.1
BIOMD0000000874.txt,4,8,2,1,0,0,0,0,0,0,0,0.0,0.0,0.0,0.0,0.0,0.0,True,0,0,0,0,0,0,-1.0,-1.0,0.0,0.0
BIOMD0000000875.txt,4,8,3,3,1,0,0,0,0,0,0,0.0,0.0,0.0,0.0,0.0,0.0,True,0,0,0,0,0,0,0.0,0.0,0.0,0.0
BIOMD0000000876.txt,4,9,3,3,1,0,0,0,0,0,0,0.0,0.0,0.0,0.0,0.0,0.0,True,0,0,0,0,0,0,0.0,0.0,0.0,0.0
BIOMD0000000877.txt,4,9,4,6,4,1,1,1,1,1,1,0.16666666666666666,0.16666666666666666,0.16666666666666666,0.25,0.25,0.25,True,0,0,0,0,0,0,0.0,0.0,0.0,0.0
BIOMD0000000878.txt,3,6,2,1,0,0,0,0,0,0,0,0.0,0.0,0.0,0.0,0.0,0.0,True,0,0,0,0,0,0,-1.0,-1.0,0.0,0.0
BIOMD0000000879.txt,3,11,1,0,0,0,0,0,0,0,0,0.0,0.0,0.0,0.0,0.0,0.0,True,0,0,0,0,0,0,-1.0,-1.0,0.0,0.0
BIOMD0000000880.txt,4,11,1,0,0,0,0,0,0,0,0,0.0,0.0,0.0,0.0,0.0,0.0,True,0,0,0,0,0,0,-1.0,-1.0,0.0,0.0
BIOMD0000000881.txt,4,10,1,0,0,0,0,0,0,0,0,0.0,0.0,0.0,0.0,0.0,0.0,True,0,0,0,0,0,0,-1.0,-1.0,0.0,0.0
BIOMD0000000882.txt,3,6,2,1,0,0,0,0,0,0,0,0.0,0.0,0.0,0.0,0.0,0.0,True,0,0,0,0,0,0,-1.0,-1.0,0.0,0.0
BIOMD0000000884.txt,3,6,2,1,0,0,0,0,0,0,0,0.0,0.0,0.0,0.0,0.0,0.0,True,0,0,0,0,0,0,-1.0,-1.0,0.0,0.0
BIOMD0000000885.txt,4,8,1,0,0,0,0,0,0,0,0,0.0,0.0,0.0,0.0,0.0,0.0,True,0,0,0,0,0,0,-1.0,-1.0,0.0,0.0
BIOMD0000000886.txt,5,10,1,0,0,0,0,0,0,0,0,0.0,0.0,0.0,0.0,0.0,0.0,True,0,0,0,0,0,0,-1.0,-1.0,0.0,0.0
BIOMD0000000887.txt,4,10,3,3,1,0,0,0,0,0,0,0.0,0.0,0.0,0.0,0.0,0.0,True,0,0,0,0,0,0,0.0,0.0,0.0,0.0
BIOMD0000000888.txt,4,8,1,0,0,0,0,0,0,0,0,0.0,0.0,0.0,0.0,0.0,0.0,True,0,0,0,0,0,0,-1.0,-1.0,0.0,0.0
BIOMD0000000889.txt,12,20,9,36,84,2,2,1,1,1,1,0.05555555555555555,0.05555555555555555,0.027777777777777776,0.1111111111111111,0.1111111111111111,0.1111111111111111,True,0,0,0,0,0,0,0.0,0.0,0.0,0.0
BIOMD0000000890.txt,3,6,1,0,0,0,0,0,0,0,0,0.0,0.0,0.0,0.0,0.0,0.0,True,0,0,0,0,0,0,-1.0,-1.0,0.0,0.0
BIOMD0000000891.txt,3,6,1,0,0,0,0,0,0,0,0,0.0,0.0,0.0,0.0,0.0,0.0,True,0,0,0,0,0,0,-1.0,-1.0,0.0,0.0
BIOMD0000000892.txt,4,8,3,3,1,0,0,0,0,0,0,0.0,0.0,0.0,0.0,0.0,0.0,True,0,0,0,0,0,0,0.0,0.0,0.0,0.0
BIOMD0000000893.txt,3,6,1,0,0,0,0,0,0,0,0,0.0,0.0,0.0,0.0,0.0,0.0,True,0,0,0,0,0,0,-1.0,-1.0,0.0,0.0
BIOMD0000000894.txt,3,6,2,1,0,0,0,0,0,0,0,0.0,0.0,0.0,0.0,0.0,0.0,True,0,0,0,0,0,0,-1.0,-1.0,0.0,0.0
BIOMD0000000895.txt,9,29,3,3,1,0,0,0,0,0,0,0.0,0.0,0.0,0.0,0.0,0.0,True,0,0,0,0,0,0,0.0,0.0,0.01,0.0
BIOMD0000000896.txt,9,15,6,15,20,2,2,1,1,1,1,0.13333333333333333,0.13333333333333333,0.06666666666666667,0.16666666666666666,0.16666666666666666,0.16666666666666666,True,0,0,0,0,0,0,0.0,0.0,0.0,0.0
BIOMD0000000897.txt,2,4,1,0,0,0,0,0,0,0,0,0.0,0.0,0.0,0.0,0.0,0.0,True,0,0,0,0,0,0,-1.0,-1.0,0.0,0.0
BIOMD0000000898.txt,5,8,1,0,0,0,0,0,0,0,0,0.0,0.0,0.0,0.0,0.0,0.0,True,0,0,0,0,0,0,-1.0,-1.0,0.0,0.0
BIOMD0000000899.txt,12,8,8,28,56,7,7,3,3,3,3,0.25,0.25,0.10714285714285714,0.375,0.375,0.375,True,0,0,0,0,0,0,0.0,0.0,0.0,0.0
BIOMD0000000900.txt,3,6,1,0,0,0,0,0,0,0,0,0.0,0.0,0.0,0.0,0.0,0.0,True,0,0,0,0,0,0,-1.0,-1.0,0.0,0.0
BIOMD0000000901.txt,0,0,0,0,0,0,0,0,0,0,0,0.0,0.0,0.0,0.0,0.0,0.0,True,0,0,0,0,0,0,-1.0,-1.0,0.0,0.0
BIOMD0000000902.txt,4,7,4,6,4,2,2,1,1,1,1,0.3333333333333333,0.3333333333333333,0.16666666666666666,0.25,0.25,0.25,True,0,0,0,0,0,0,0.0,0.0,0.0,0.0
BIOMD0000000903.txt,5,10,1,0,0,0,0,0,0,0,0,0.0,0.0,0.0,0.0,0.0,0.0,True,0,0,0,0,0,0,-1.0,-1.0,0.0,0.0
BIOMD0000000904.txt,4,7,3,3,1,1,1,1,1,1,1,0.3333333333333333,0.3333333333333333,0.3333333333333333,0.3333333333333333,0.3333333333333333,0.3333333333333333,True,0,0,0,0,0,0,0.0,0.0,0.0,0.0
BIOMD0000000905.txt,5,10,1,0,0,0,0,0,0,0,0,0.0,0.0,0.0,0.0,0.0,0.0,True,0,0,0,0,0,0,-1.0,-1.0,0.0,0.0
BIOMD0000000906.txt,3,6,1,0,0,0,0,0,0,0,0,0.0,0.0,0.0,0.0,0.0,0.0,True,0,0,0,0,0,0,-1.0,-1.0,0.0,0.0
BIOMD0000000908.txt,7,13,5,10,10,1,1,1,1,1,1,0.1,0.1,0.1,0.2,0.2,0.2,True,0,0,0,0,0,0,0.0,0.0,0.0,0.0
BIOMD0000000909.txt,4,8,1,0,0,0,0,0,0,0,0,0.0,0.0,0.0,0.0,0.0,0.0,True,0,0,0,0,0,0,-1.0,-1.0,0.0,0.0
BIOMD0000000910.txt,3,5,3,3,1,0,0,0,0,0,0,0.0,0.0,0.0,0.0,0.0,0.0,True,0,0,0,0,0,0,0.0,0.0,0.0,0.0
BIOMD0000000911.txt,3,6,1,0,0,0,0,0,0,0,0,0.0,0.0,0.0,0.0,0.0,0.0,True,0,0,0,0,0,0,-1.0,-1.0,0.0,0.0
BIOMD0000000912.txt,3,6,2,1,0,0,0,0,0,0,0,0.0,0.0,0.0,0.0,0.0,0.0,True,0,0,0,0,0,0,-1.0,-1.0,0.0,0.0
BIOMD0000000913.txt,6,12,2,1,0,0,0,0,0,0,0,0.0,0.0,0.0,0.0,0.0,0.0,True,0,0,0,0,0,0,-1.0,-1.0,0.0,0.0
BIOMD0000000914.txt,5,9,4,6,4,0,0,0,0,0,0,0.0,0.0,0.0,0.0,0.0,0.0,True,0,0,0,0,0,0,0.0,0.0,0.0,0.0
BIOMD0000000915.txt,9,8,8,28,56,0,0,0,0,0,0,0.0,0.0,0.0,0.0,0.0,0.0,True,0,0,0,0,0,0,0.0,0.0,0.0,0.0
BIOMD0000000916.txt,6,4,3,3,1,0,0,0,0,0,0,0.0,0.0,0.0,0.0,0.0,0.0,True,0,0,0,0,0,0,0.0,0.0,0.0,0.0
BIOMD0000000917.txt,3,3,1,0,0,0,0,0,0,0,0,0.0,0.0,0.0,0.0,0.0,0.0,True,0,0,0,0,0,0,-1.0,-1.0,0.0,0.0
BIOMD0000000918.txt,8,7,6,15,20,4,4,3,3,3,3,0.26666666666666666,0.26666666666666666,0.2,0.5,0.5,0.5,True,0,0,0,0,0,0,0.0,0.0,0.0,0.0
BIOMD0000000919.txt,2,5,1,0,0,0,0,0,0,0,0,0.0,0.0,0.0,0.0,0.0,0.0,True,0,0,0,0,0,0,-1.0,-1.0,0.0,0.0
BIOMD0000000920.txt,4,4,1,0,0,0,0,0,0,0,0,0.0,0.0,0.0,0.0,0.0,0.0,True,0,0,0,0,0,0,-1.0,-1.0,0.0,0.0
BIOMD0000000921.txt,5,13,1,0,0,0,0,0,0,0,0,0.0,0.0,0.0,0.0,0.0,0.0,True,0,0,0,0,0,0,-1.0,-1.0,0.0,0.0
BIOMD0000000922.txt,3,3,1,0,0,0,0,0,0,0,0,0.0,0.0,0.0,0.0,0.0,0.0,True,0,0,0,0,0,0,-1.0,-1.0,0.0,0.0
BIOMD0000000923.txt,4,4,2,1,0,0,0,0,0,0,0,0.0,0.0,0.0,0.0,0.0,0.0,True,0,0,0,0,0,0,-1.0,-1.0,0.0,0.0
BIOMD0000000924.txt,6,11,8,28,56,8,8,2,2,2,2,0.2857142857142857,0.2857142857142857,0.07142857142857142,0.25,0.25,0.25,True,0,0,0,0,0,0,0.0,0.0,0.0,0.0
BIOMD0000000925.txt,16,16,14,91,364,17,17,4,5,3,3,0.18681318681318682,0.18681318681318682,0.04395604395604396,0.35714285714285715,0.21428571428571427,0.21428571428571427,True,4,4,1,2,1,1,0.01098901098901099,0.0027472527472527475,0.0,0.01
BIOMD0000000926.txt,8,26,1,0,0,0,0,0,0,0,0,0.0,0.0,0.0,0.0,0.0,0.0,True,0,0,0,0,0,0,-1.0,-1.0,0.01,0.0
BIOMD0000000927.txt,3,5,1,0,0,0,0,0,0,0,0,0.0,0.0,0.0,0.0,0.0,0.0,True,0,0,0,0,0,0,-1.0,-1.0,0.0,0.0
BIOMD0000000928.txt,4,13,1,0,0,0,0,0,0,0,0,0.0,0.0,0.0,0.0,0.0,0.0,True,0,0,0,0,0,0,-1.0,-1.0,0.0,0.0
BIOMD0000000929.txt,5,24,1,0,0,0,0,0,0,0,0,0.0,0.0,0.0,0.0,0.0,0.0,True,0,0,0,0,0,0,-1.0,-1.0,0.0,0.0
BIOMD0000000930.txt,4,14,1,0,0,0,0,0,0,0,0,0.0,0.0,0.0,0.0,0.0,0.0,True,0,0,0,0,0,0,-1.0,-1.0,0.0,0.0
BIOMD0000000931.txt,3,6,1,0,0,0,0,0,0,0,0,0.0,0.0,0.0,0.0,0.0,0.0,True,0,0,0,0,0,0,-1.0,-1.0,0.0,0.0
BIOMD0000000932.txt,4,5,1,0,0,0,0,0,0,0,0,0.0,0.0,0.0,0.0,0.0,0.0,True,0,0,0,0,0,0,-1.0,-1.0,0.0,0.0
BIOMD0000000933.txt,3,3,1,0,0,0,0,0,0,0,0,0.0,0.0,0.0,0.0,0.0,0.0,True,0,0,0,0,0,0,-1.0,-1.0,0.0,0.0
BIOMD0000000934.txt,13,19,4,6,4,1,1,1,1,1,1,0.16666666666666666,0.16666666666666666,0.16666666666666666,0.25,0.25,0.25,True,0,0,0,0,0,0,0.0,0.0,0.01,0.0
BIOMD0000000935.txt,2,4,1,0,0,0,0,0,0,0,0,0.0,0.0,0.0,0.0,0.0,0.0,True,0,0,0,0,0,0,-1.0,-1.0,0.0,0.0
BIOMD0000000936.txt,1,2,1,0,0,0,0,0,0,0,0,0.0,0.0,0.0,0.0,0.0,0.0,True,0,0,0,0,0,0,-1.0,-1.0,0.0,0.0
BIOMD0000000937.txt,3,6,1,0,0,0,0,0,0,0,0,0.0,0.0,0.0,0.0,0.0,0.0,True,0,0,0,0,0,0,-1.0,-1.0,0.0,0.0
BIOMD0000000938.txt,4,8,3,3,1,0,0,0,0,0,0,0.0,0.0,0.0,0.0,0.0,0.0,True,0,0,0,0,0,0,0.0,0.0,0.0,0.0
BIOMD0000000939.txt,56,126,44,946,13244,219,219,26,19,17,17,0.23150105708245244,0.23150105708245244,0.02748414376321353,0.4318181818181818,0.38636363636363635,0.38636363636363635,True,180,180,5,6,5,5,0.01359106010268801,0.0003775294472968892,0.22,1.03
BIOMD0000000940.txt,20,60,1,0,0,0,0,0,0,0,0,0.0,0.0,0.0,0.0,0.0,0.0,True,0,0,0,0,0,0,-1.0,-1.0,0.08,0.0
BIOMD0000000941.txt,8,12,9,36,84,12,12,1,2,1,1,0.3333333333333333,0.3333333333333333,0.027777777777777776,0.2222222222222222,0.1111111111111111,0.1111111111111111,True,0,0,0,0,0,0,0.0,0.0,0.0,0.0
BIOMD0000000942.txt,14,15,14,91,364,20,20,18,5,5,5,0.21978021978021978,0.21978021978021978,0.1978021978021978,0.35714285714285715,0.35714285714285715,0.35714285714285715,True,0,0,0,0,0,0,0.0,0.0,0.0,0.01
BIOMD0000000943.txt,43,83,44,946,13244,152,152,18,14,14,14,0.160676532769556,0.160676532769556,0.019027484143763214,0.3181818181818182,0.3181818181818182,0.3181818181818182,True,0,0,0,0,0,0,0.0,0.0,0.1,0.51
BIOMD0000000944.txt,3,6,1,0,0,0,0,0,0,0,0,0.0,0.0,0.0,0.0,0.0,0.0,True,0,0,0,0,0,0,-1.0,-1.0,0.0,0.0
BIOMD0000000945.txt,0,0,0,0,0,0,0,0,0,0,0,0.0,0.0,0.0,0.0,0.0,0.0,True,0,0,0,0,0,0,-1.0,-1.0,0.0,0.0
BIOMD0000000946.txt,0,0,0,0,0,0,0,0,0,0,0,0.0,0.0,0.0,0.0,0.0,0.0,True,0,0,0,0,0,0,-1.0,-1.0,0.0,0.0
BIOMD0000000947.txt,0,0,0,0,0,0,0,0,0,0,0,0.0,0.0,0.0,0.0,0.0,0.0,True,0,0,0,0,0,0,-1.0,-1.0,0.0,0.0
BIOMD0000000948.txt,6,6,5,10,10,0,0,0,0,0,0,0.0,0.0,0.0,0.0,0.0,0.0,True,0,0,0,0,0,0,0.0,0.0,0.0,0.0
BIOMD0000000949.txt,7,17,1,0,0,0,0,0,0,0,0,0.0,0.0,0.0,0.0,0.0,0.0,True,0,0,0,0,0,0,-1.0,-1.0,0.0,0.0
BIOMD0000000950.txt,0,0,0,0,0,0,0,0,0,0,0,0.0,0.0,0.0,0.0,0.0,0.0,True,0,0,0,0,0,0,-1.0,-1.0,0.0,0.0
BIOMD0000000951.txt,34,33,31,465,4495,237,237,174,24,24,24,0.5096774193548387,0.5096774193548387,0.3741935483870968,0.7741935483870968,0.7741935483870968,0.7741935483870968,True,0,0,0,0,0,0,0.0,0.0,0.01,0.17
BIOMD0000000952.txt,13,15,9,36,84,3,3,1,2,2,2,0.08333333333333333,0.08333333333333333,0.027777777777777776,0.2222222222222222,0.2222222222222222,0.2222222222222222,True,0,0,0,0,0,0,0.0,0.0,0.0,0.0
BIOMD0000000953.txt,22,29,20,190,1140,41,41,15,9,9,9,0.21578947368421053,0.21578947368421053,0.07894736842105263,0.45,0.45,0.45,True,25,25,3,3,3,3,0.021929824561403508,0.002631578947368421,0.01,0.03
BIOMD0000000954.txt,24,36,28,378,3276,151,151,45,22,21,21,0.3994708994708995,0.3994708994708995,0.11904761904761904,0.7857142857142857,0.75,0.75,True,277,277,48,10,10,10,0.08455433455433456,0.014652014652014652,0.02,0.17
BIOMD0000000955.txt,8,13,6,15,20,0,0,0,0,0,0,0.0,0.0,0.0,0.0,0.0,0.0,True,0,0,0,0,0,0,0.0,0.0,0.0,0.0
BIOMD0000000956.txt,3,2,2,1,0,0,0,0,0,0,0,0.0,0.0,0.0,0.0,0.0,0.0,True,0,0,0,0,0,0,-1.0,-1.0,0.0,0.0
BIOMD0000000957.txt,4,3,2,1,0,0,0,0,0,0,0,0.0,0.0,0.0,0.0,0.0,0.0,True,0,0,0,0,0,0,-1.0,-1.0,0.0,0.0
BIOMD0000000958.txt,8,12,5,10,10,0,0,0,0,0,0,0.0,0.0,0.0,0.0,0.0,0.0,True,0,0,0,0,0,0,0.0,0.0,0.0,0.0
BIOMD0000000959.txt,41,75,11,55,165,0,0,0,0,0,0,0.0,0.0,0.0,0.0,0.0,0.0,True,0,0,0,0,0,0,0.0,0.0,0.16,0.0
BIOMD0000000960.txt,8,11,5,10,10,0,0,0,0,0,0,0.0,0.0,0.0,0.0,0.0,0.0,True,0,0,0,0,0,0,0.0,0.0,0.0,0.0
BIOMD0000000961.txt,48,40,32,496,4960,90,90,15,9,8,8,0.1814516129032258,0.1814516129032258,0.03024193548387097,0.28125,0.25,0.25,True,52,52,8,2,2,2,0.010483870967741936,0.0016129032258064516,0.02,0.16
BIOMD0000000962.txt,4,3,3,3,1,0,0,0,0,0,0,0.0,0.0,0.0,0.0,0.0,0.0,True,0,0,0,0,0,0,0.0,0.0,0.0,0.0
BIOMD0000000963.txt,3,2,2,1,0,0,0,0,0,0,0,0.0,0.0,0.0,0.0,0.0,0.0,True,0,0,0,0,0,0,-1.0,-1.0,0.0,0.0
BIOMD0000000964.txt,6,14,6,15,20,1,1,1,1,1,1,0.06666666666666667,0.06666666666666667,0.06666666666666667,0.16666666666666666,0.16666666666666666,0.16666666666666666,True,0,0,0,0,0,0,0.0,0.0,0.0,0.0
BIOMD0000000965.txt,5,8,2,1,0,0,0,0,0,0,0,0.0,0.0,0.0,0.0,0.0,0.0,True,0,0,0,0,0,0,-1.0,-1.0,0.0,0.0
BIOMD0000000966.txt,7,6,3,3,1,1,1,1,1,1,1,0.3333333333333333,0.3333333333333333,0.3333333333333333,0.3333333333333333,0.3333333333333333,0.3333333333333333,True,0,0,0,0,0,0,0.0,0.0,0.0,0.0
BIOMD0000000967.txt,4,9,2,1,0,0,0,0,0,0,0,0.0,0.0,0.0,0.0,0.0,0.0,True,0,0,0,0,0,0,-1.0,-1.0,0.0,0.0
BIOMD0000000968.txt,9,7,5,10,10,3,3,2,2,1,1,0.3,0.3,0.2,0.4,0.2,0.2,True,0,0,0,0,0,0,0.0,0.0,0.0,0.0
BIOMD0000000969.txt,28,32,12,66,220,0,0,0,0,0,0,0.0,0.0,0.0,0.0,0.0,0.0,True,0,0,0,0,0,0,0.0,0.0,0.01,0.0
BIOMD0000000970.txt,5,3,3,3,1,0,0,0,0,0,0,0.0,0.0,0.0,0.0,0.0,0.0,True,0,0,0,0,0,0,0.0,0.0,0.0,0.0
BIOMD0000000971.txt,8,13,7,21,35,1,1,1,1,1,1,0.047619047619047616,0.047619047619047616,0.047619047619047616,0.14285714285714285,0.14285714285714285,0.14285714285714285,True,1,1,1,1,1,1,0.02857142857142857,0.02857142857142857,0.0,0.0
BIOMD0000000972.txt,8,13,7,21,35,1,1,1,1,1,1,0.047619047619047616,0.047619047619047616,0.047619047619047616,0.14285714285714285,0.14285714285714285,0.14285714285714285,True,1,1,1,1,1,1,0.02857142857142857,0.02857142857142857,0.0,0.0
BIOMD0000000973.txt,2,6,1,0,0,0,0,0,0,0,0,0.0,0.0,0.0,0.0,0.0,0.0,True,0,0,0,0,0,0,-1.0,-1.0,0.0,0.0
BIOMD0000000974.txt,6,4,3,3,1,0,0,0,0,0,0,0.0,0.0,0.0,0.0,0.0,0.0,True,0,0,0,0,0,0,0.0,0.0,0.0,0.0
BIOMD0000000975.txt,16,48,9,36,84,4,4,1,1,1,1,0.1111111111111111,0.1111111111111111,0.027777777777777776,0.1111111111111111,0.1111111111111111,0.1111111111111111,True,0,0,0,0,0,0,0.0,0.0,0.02,0.0
BIOMD0000000976.txt,4,5,3,3,1,0,0,0,0,0,0,0.0,0.0,0.0,0.0,0.0,0.0,True,0,0,0,0,0,0,0.0,0.0,0.0,0.0
BIOMD0000000977.txt,6,15,7,21,35,4,4,1,1,1,1,0.19047619047619047,0.19047619047619047,0.047619047619047616,0.14285714285714285,0.14285714285714285,0.14285714285714285,True,0,0,0,0,0,0,0.0,0.0,0.0,0.0
BIOMD0000000978.txt,4,3,3,3,1,0,0,0,0,0,0,0.0,0.0,0.0,0.0,0.0,0.0,True,0,0,0,0,0,0,0.0,0.0,0.0,0.0
BIOMD0000000979.txt,5,4,4,6,4,0,0,0,0,0,0,0.0,0.0,0.0,0.0,0.0,0.0,True,0,0,0,0,0,0,0.0,0.0,0.0,0.0
BIOMD0000000980.txt,5,4,4,6,4,0,0,0,0,0,0,0.0,0.0,0.0,0.0,0.0,0.0,True,0,0,0,0,0,0,0.0,0.0,0.0,0.0
BIOMD0000000981.txt,10,15,11,55,165,15,15,6,5,4,4,0.2727272727272727,0.2727272727272727,0.10909090909090909,0.45454545454545453,0.36363636363636365,0.36363636363636365,True,2,2,1,1,1,1,0.012121212121212121,0.006060606060606061,0.0,0.0
BIOMD0000000982.txt,3,2,2,1,0,0,0,0,0,0,0,0.0,0.0,0.0,0.0,0.0,0.0,True,0,0,0,0,0,0,-1.0,-1.0,0.0,0.0
BIOMD0000000983.txt,7,10,6,15,20,3,3,2,1,1,1,0.2,0.2,0.13333333333333333,0.16666666666666666,0.16666666666666666,0.16666666666666666,True,1,1,1,1,1,1,0.05,0.05,0.0,0.0
BIOMD0000000984.txt,5,3,3,3,1,0,0,0,0,0,0,0.0,0.0,0.0,0.0,0.0,0.0,True,0,0,0,0,0,0,0.0,0.0,0.0,0.0
BIOMD0000000985.txt,7,9,6,15,20,0,0,0,0,0,0,0.0,0.0,0.0,0.0,0.0,0.0,True,0,0,0,0,0,0,0.0,0.0,0.0,0.0
BIOMD0000000986.txt,6,8,1,0,0,0,0,0,0,0,0,0.0,0.0,0.0,0.0,0.0,0.0,True,0,0,0,0,0,0,-1.0,-1.0,0.0,0.0
BIOMD0000000987.txt,9,10,1,0,0,0,0,0,0,0,0,0.0,0.0,0.0,0.0,0.0,0.0,True,0,0,0,0,0,0,-1.0,-1.0,0.01,0.0
BIOMD0000000988.txt,13,18,9,36,84,0,0,0,0,0,0,0.0,0.0,0.0,0.0,0.0,0.0,True,0,0,0,0,0,0,0.0,0.0,0.0,0.0
BIOMD0000000989.txt,23,65,8,28,56,0,0,0,0,0,0,0.0,0.0,0.0,0.0,0.0,0.0,True,0,0,0,0,0,0,0.0,0.0,0.06,0.0
BIOMD0000000990.txt,23,65,8,28,56,0,0,0,0,0,0,0.0,0.0,0.0,0.0,0.0,0.0,True,0,0,0,0,0,0,0.0,0.0,0.07,0.0
BIOMD0000000991.txt,8,10,5,10,10,0,0,0,0,0,0,0.0,0.0,0.0,0.0,0.0,0.0,True,0,0,0,0,0,0,0.0,0.0,0.0,0.0
BIOMD0000000994.txt,23,66,8,28,56,0,0,0,0,0,0,0.0,0.0,0.0,0.0,0.0,0.0,True,0,0,0,0,0,0,0.0,0.0,0.09,0.0
BIOMD0000000995.txt,23,66,8,28,56,0,0,0,0,0,0,0.0,0.0,0.0,0.0,0.0,0.0,True,0,0,0,0,0,0,0.0,0.0,0.08,0.0
BIOMD0000000996.txt,23,66,8,28,56,0,0,0,0,0,0,0.0,0.0,0.0,0.0,0.0,0.0,True,0,0,0,0,0,0,0.0,0.0,0.07,0.0
BIOMD0000000997.txt,23,65,8,28,56,0,0,0,0,0,0,0.0,0.0,0.0,0.0,0.0,0.0,True,0,0,0,0,0,0,0.0,0.0,0.07,0.0
BIOMD0000000998.txt,23,66,8,28,56,0,0,0,0,0,0,0.0,0.0,0.0,0.0,0.0,0.0,True,0,0,0,0,0,0,0.0,0.0,0.06,0.0
BIOMD0000000999.txt,23,66,8,28,56,0,0,0,0,0,0,0.0,0.0,0.0,0.0,0.0,0.0,True,0,0,0,0,0,0,0.0,0.0,0.08,0.0
BIOMD0000001000.txt,23,66,8,28,56,0,0,0,0,0,0,0.0,0.0,0.0,0.0,0.0,0.0,True,0,0,0,0,0,0,0.0,0.0,0.07,0.0
BIOMD0000001001.txt,23,66,8,28,56,0,0,0,0,0,0,0.0,0.0,0.0,0.0,0.0,0.0,True,0,0,0,0,0,0,0.0,0.0,0.06,0.0
BIOMD0000001002.txt,23,66,8,28,56,0,0,0,0,0,0,0.0,0.0,0.0,0.0,0.0,0.0,True,0,0,0,0,0,0,0.0,0.0,0.06,0.0
BIOMD0000001003.txt,23,66,8,28,56,0,0,0,0,0,0,0.0,0.0,0.0,0.0,0.0,0.0,True,0,0,0,0,0,0,0.0,0.0,0.06,0.0
BIOMD0000001004.txt,10,18,8,28,56,6,6,1,1,1,1,0.21428571428571427,0.21428571428571427,0.03571428571428571,0.125,0.125,0.125,True,0,0,0,0,0,0,0.0,0.0,0.01,0.0
BIOMD0000001006.txt,9,21,5,10,10,0,0,0,0,0,0,0.0,0.0,0.0,0.0,0.0,0.0,True,0,0,0,0,0,0,0.0,0.0,0.01,0.0
BIOMD0000001007.txt,3,6,2,1,0,0,0,0,0,0,0,0.0,0.0,0.0,0.0,0.0,0.0,True,0,0,0,0,0,0,-1.0,-1.0,0.0,0.0
BIOMD0000001008.txt,0,0,0,0,0,0,0,0,0,0,0,0.0,0.0,0.0,0.0,0.0,0.0,True,0,0,0,0,0,0,-1.0,-1.0,0.0,0.0
BIOMD0000001009.txt,4,8,1,0,0,0,0,0,0,0,0,0.0,0.0,0.0,0.0,0.0,0.0,True,0,0,0,0,0,0,-1.0,-1.0,0.0,0.0
BIOMD0000001010.txt,2,4,1,0,0,0,0,0,0,0,0,0.0,0.0,0.0,0.0,0.0,0.0,True,0,0,0,0,0,0,-1.0,-1.0,0.0,0.0
BIOMD0000001011.txt,3,5,3,3,1,0,0,0,0,0,0,0.0,0.0,0.0,0.0,0.0,0.0,True,0,0,0,0,0,0,0.0,0.0,0.0,0.0
BIOMD0000001012.txt,4,7,2,1,0,0,0,0,0,0,0,0.0,0.0,0.0,0.0,0.0,0.0,True,0,0,0,0,0,0,-1.0,-1.0,0.0,0.0
BIOMD0000001013.txt,2,4,1,0,0,0,0,0,0,0,0,0.0,0.0,0.0,0.0,0.0,0.0,True,0,0,0,0,0,0,-1.0,-1.0,0.0,0.0
BIOMD0000001014.txt,4,7,4,6,4,0,0,0,0,0,0,0.0,0.0,0.0,0.0,0.0,0.0,True,0,0,0,0,0,0,0.0,0.0,0.0,0.0
BIOMD0000001015.txt,8,9,5,10,10,1,1,1,1,1,1,0.1,0.1,0.1,0.2,0.2,0.2,True,0,0,0,0,0,0,0.0,0.0,0.0,0.0
BIOMD0000001016.txt,8,9,5,10,10,0,0,0,0,0,0,0.0,0.0,0.0,0.0,0.0,0.0,True,0,0,0,0,0,0,0.0,0.0,0.0,0.0
BIOMD0000001017.txt,13,15,7,21,35,0,0,0,0,0,0,0.0,0.0,0.0,0.0,0.0,0.0,True,0,0,0,0,0,0,0.0,0.0,0.0,0.0
BIOMD0000001018.txt,18,25,11,55,165,0,0,0,0,0,0,0.0,0.0,0.0,0.0,0.0,0.0,True,0,0,0,0,0,0,0.0,0.0,0.01,0.0
BIOMD0000001019.txt,3,8,2,1,0,0,0,0,0,0,0,0.0,0.0,0.0,0.0,0.0,0.0,True,0,0,0,0,0,0,-1.0,-1.0,0.0,0.0
BIOMD0000001020.txt,3,8,2,1,0,0,0,0,0,0,0,0.0,0.0,0.0,0.0,0.0,0.0,True,0,0,0,0,0,0,-1.0,-1.0,0.0,0.0
BIOMD0000001021.txt,6,9,7,21,35,9,9,4,3,3,3,0.42857142857142855,0.42857142857142855,0.19047619047619047,0.42857142857142855,0.42857142857142855,0.42857142857142855,True,0,0,0,0,0,0,0.0,0.0,0.0,0.0
BIOMD0000001022.txt,4,6,2,1,0,0,0,0,0,0,0,0.0,0.0,0.0,0.0,0.0,0.0,True,0,0,0,0,0,0,-1.0,-1.0,0.0,0.0
BIOMD0000001023.txt,3,6,1,0,0,0,0,0,0,0,0,0.0,0.0,0.0,0.0,0.0,0.0,True,0,0,0,0,0,0,-1.0,-1.0,0.0,0.0
BIOMD0000001024.txt,2,4,1,0,0,0,0,0,0,0,0,0.0,0.0,0.0,0.0,0.0,0.0,True,0,0,0,0,0,0,-1.0,-1.0,0.0,0.0
BIOMD0000001025.txt,2,2,2,1,0,0,0,0,0,0,0,0.0,0.0,0.0,0.0,0.0,0.0,True,0,0,0,0,0,0,-1.0,-1.0,0.0,0.0
BIOMD0000001026.txt,1,2,1,0,0,0,0,0,0,0,0,0.0,0.0,0.0,0.0,0.0,0.0,True,0,0,0,0,0,0,-1.0,-1.0,0.0,0.0
BIOMD0000001027.txt,20,33,6,15,20,0,0,0,0,0,0,0.0,0.0,0.0,0.0,0.0,0.0,True,0,0,0,0,0,0,0.0,0.0,0.02,0.0
BIOMD0000001028.txt,21,35,6,15,20,0,0,0,0,0,0,0.0,0.0,0.0,0.0,0.0,0.0,True,0,0,0,0,0,0,0.0,0.0,0.02,0.0
BIOMD0000001029.txt,21,35,6,15,20,0,0,0,0,0,0,0.0,0.0,0.0,0.0,0.0,0.0,True,0,0,0,0,0,0,0.0,0.0,0.02,0.0
BIOMD0000001030.txt,3,6,1,0,0,0,0,0,0,0,0,0.0,0.0,0.0,0.0,0.0,0.0,True,0,0,0,0,0,0,-1.0,-1.0,0.0,0.0
BIOMD0000001031.txt,3,4,2,1,0,0,0,0,0,0,0,0.0,0.0,0.0,0.0,0.0,0.0,True,0,0,0,0,0,0,-1.0,-1.0,0.0,0.0
BIOMD0000001032.txt,4,7,2,1,0,0,0,0,0,0,0,0.0,0.0,0.0,0.0,0.0,0.0,True,0,0,0,0,0,0,-1.0,-1.0,0.0,0.0
BIOMD0000001033.txt,6,13,8,28,56,10,10,6,5,3,3,0.35714285714285715,0.35714285714285715,0.21428571428571427,0.625,0.375,0.375,True,2,2,1,2,2,1,0.03571428571428571,0.017857142857142856,0.0,0.0
BIOMD0000001034.txt,4,7,1,0,0,0,0,0,0,0,0,0.0,0.0,0.0,0.0,0.0,0.0,True,0,0,0,0,0,0,-1.0,-1.0,0.0,0.0
BIOMD0000001035.txt,4,8,4,6,4,1,1,1,1,1,1,0.16666666666666666,0.16666666666666666,0.16666666666666666,0.25,0.25,0.25,True,0,0,0,0,0,0,0.0,0.0,0.0,0.0
BIOMD0000001036.txt,3,6,2,1,0,0,0,0,0,0,0,0.0,0.0,0.0,0.0,0.0,0.0,True,0,0,0,0,0,0,-1.0,-1.0,0.0,0.0
BIOMD0000001037.txt,2,3,1,0,0,0,0,0,0,0,0,0.0,0.0,0.0,0.0,0.0,0.0,True,0,0,0,0,0,0,-1.0,-1.0,0.0,0.0
BIOMD0000001038.txt,3,6,1,0,0,0,0,0,0,0,0,0.0,0.0,0.0,0.0,0.0,0.0,True,0,0,0,0,0,0,-1.0,-1.0,0.0,0.0
BIOMD0000001039.txt,20,33,6,15,20,0,0,0,0,0,0,0.0,0.0,0.0,0.0,0.0,0.0,True,0,0,0,0,0,0,0.0,0.0,0.02,0.0
BIOMD0000001040.txt,1,2,1,0,0,0,0,0,0,0,0,0.0,0.0,0.0,0.0,0.0,0.0,True,0,0,0,0,0,0,-1.0,-1.0,0.0,0.0
BIOMD0000001041.txt,3,4,2,1,0,0,0,0,0,0,0,0.0,0.0,0.0,0.0,0.0,0.0,True,0,0,0,0,0,0,-1.0,-1.0,0.0,0.0
BIOMD0000001042.txt,6,12,3,3,1,0,0,0,0,0,0,0.0,0.0,0.0,0.0,0.0,0.0,True,0,0,0,0,0,0,0.0,0.0,0.01,0.0
BIOMD0000001043.txt,3,7,2,1,0,0,0,0,0,0,0,0.0,0.0,0.0,0.0,0.0,0.0,True,0,0,0,0,0,0,-1.0,-1.0,0.0,0.0
BIOMD0000001044.txt,16,39,4,6,4,0,0,0,0,0,0,0.0,0.0,0.0,0.0,0.0,0.0,True,0,0,0,0,0,0,0.0,0.0,0.02,0.0
BIOMD0000001045.txt,3,2,2,1,0,0,0,0,0,0,0,0.0,0.0,0.0,0.0,0.0,0.0,True,0,0,0,0,0,0,-1.0,-1.0,0.0,0.0
BIOMD0000001047.txt,4,8,1,0,0,0,0,0,0,0,0,0.0,0.0,0.0,0.0,0.0,0.0,True,0,0,0,0,0,0,-1.0,-1.0,0.0,0.0
BIOMD0000001048.txt,3,6,1,0,0,0,0,0,0,0,0,0.0,0.0,0.0,0.0,0.0,0.0,True,0,0,0,0,0,0,-1.0,-1.0,0.0,0.0
BIOMD0000001052.txt,3,14,1,0,0,0,0,0,0,0,0,0.0,0.0,0.0,0.0,0.0,0.0,True,0,0,0,0,0,0,-1.0,-1.0,0.0,0.0
BIOMD0000001053.txt,6,10,1,0,0,0,0,0,0,0,0,0.0,0.0,0.0,0.0,0.0,0.0,True,0,0,0,0,0,0,-1.0,-1.0,0.0,0.0
BIOMD0000001054.txt,7,11,2,1,0,0,0,0,0,0,0,0.0,0.0,0.0,0.0,0.0,0.0,True,0,0,0,0,0,0,-1.0,-1.0,0.0,0.0
BIOMD0000001055.txt,19,30,9,36,84,1,1,1,1,1,1,0.027777777777777776,0.027777777777777776,0.027777777777777776,0.1111111111111111,0.1111111111111111,0.1111111111111111,True,0,0,0,0,0,0,0.0,0.0,0.02,0.0
BIOMD0000001056.txt,3,5,1,0,0,0,0,0,0,0,0,0.0,0.0,0.0,0.0,0.0,0.0,True,0,0,0,0,0,0,-1.0,-1.0,0.0,0.0
BIOMD0000001057.txt,2,5,1,0,0,0,0,0,0,0,0,0.0,0.0,0.0,0.0,0.0,0.0,True,0,0,0,0,0,0,-1.0,-1.0,0.0,0.0
bigg_e_coli_core.txt,72,141,49,1176,18424,410,410,108,25,25,25,0.3486394557823129,0.3486394557823129,0.09183673469387756,0.5102040816326531,0.5102040816326531,0.5102040816326531,True,393,393,28,6,6,6,0.02133087277464177,0.001519756838905775,0.39,1.71
central_ecoli.txt,92,168,23,253,1771,14,14,4,4,4,4,0.05533596837944664,0.05533596837944664,0.015810276679841896,0.17391304347826086,0.17391304347826086,0.17391304347826086,True,0,0,0,0,0,0,0.0,0.0,0.71,0.03
